t,px,py,pz,qw,qx,qy,qz,alt,roll,pitch,yawrate,yawcmd,alt_est,roll_est,pitch_est,m0,m1,m2,m3
0.0010,0.00000,0.00000,0.01300,1.000000,0.000000,0.000000,0.000000,0.0130,-0.0000,0.0000,-0.0000,0.0000,-0.0000,-0.0000,0.0000,0.0000,0.0000,0.0000,0.0000
0.0210,0.00000,0.00000,0.01084,1.000000,0.000000,0.000000,0.000000,0.0109,-0.0000,0.0000,-0.0000,0.0000,-0.0000,0.0000,0.0000,0.0000,0.0000,0.0000,0.0000
0.0420,0.00000,0.00000,0.00864,1.000000,0.000000,0.000000,0.000000,0.0086,0.0000,-0.0000,0.0000,0.0000,-0.0000,0.0000,0.0000,0.0000,0.0000,0.0000,0.0000
0.0620,0.00000,0.00000,0.00904,1.000000,0.000000,0.000000,0.000000,0.0090,0.0000,-0.0000,0.0000,0.0000,-0.0000,0.0000,0.0000,0.0000,0.0000,0.0000,0.0000
0.0820,0.00000,0.00000,0.00958,1.000000,0.000000,0.000000,0.000000,0.0096,0.0000,-0.0000,0.0000,0.0000,-0.0000,0.0000,0.0000,0.0000,0.0000,0.0000,0.0000
0.1020,0.00000,0.00000,0.00991,1.000000,0.000000,0.000000,0.000000,0.0099,0.0000,0.0000,0.0000,0.0000,-0.0000,0.0000,0.0000,0.0000,0.0000,0.0000,0.0000
0.1220,0.00000,0.00000,0.01007,1.000000,0.000000,0.000000,0.000000,0.0101,0.0000,0.0000,0.0000,0.0000,-0.0000,0.0000,0.0000,0.0000,0.0000,0.0000,0.0000
0.1420,0.00000,0.00000,0.01014,1.000000,0.000000,0.000000,0.000000,0.0101,0.0000,0.0000,0.0000,0.0000,-0.0000,0.0000,0.0000,0.0000,0.0000,0.0000,0.0000
0.1620,0.00000,0.00000,0.01017,1.000000,0.000000,0.000000,0.000000,0.0102,0.0000,-0.0000,0.0000,0.0000,-0.0000,0.0000,0.0000,0.0000,0.0000,0.0000,0.0000
0.1820,0.00000,0.00000,0.01018,1.000000,0.000000,0.000000,0.000000,0.0102,0.0000,-0.0000,0.0000,0.0000,-0.0000,0.0000,0.0000,0.0000,0.0000,0.0000,0.0000
0.2020,0.00000,0.00000,0.01019,1.000000,0.000000,0.000000,0.000000,0.0102,0.0000,0.0000,0.0000,0.0000,-0.0000,0.0000,0.0000,0.0000,0.0000,0.0000,0.0000
0.2220,0.00000,0.00000,0.01019,1.000000,0.000000,0.000000,0.000000,0.0102,0.0000,0.0000,0.0000,0.0000,-0.0000,0.0000,0.0000,0.0000,0.0000,0.0000,0.0000
0.2420,0.00000,0.00000,0.01019,1.000000,0.000000,0.000000,0.000000,0.0102,0.0000,0.0000,-0.0000,0.0000,-0.0000,0.0000,0.0000,0.0000,0.0000,0.0000,0.0000
0.2620,0.00000,0.00000,0.01019,1.000000,0.000000,0.000000,0.000000,0.0102,0.0000,-0.0000,0.0000,0.0000,-0.0000,0.0000,0.0000,0.0000,0.0000,0.0000,0.0000
0.2820,0.00000,0.00000,0.01019,1.000000,0.000000,0.000000,0.000000,0.0102,0.0000,-0.0000,0.0000,0.0000,-0.0000,0.0000,0.0000,0.0000,0.0000,0.0000,0.0000
0.3020,0.00000,0.00000,0.01019,1.000000,0.000000,0.000000,0.000000,0.0102,0.0000,0.0000,-0.0000,0.0000,-0.0000,0.0000,0.0000,0.0000,0.0000,0.0000,0.0000
0.3220,0.00000,0.00000,0.01019,1.000000,0.000000,0.000000,0.000000,0.0102,0.0000,-0.0000,0.0000,0.0000,-0.0000,0.0000,0.0000,0.0000,0.0000,0.0000,0.0000
0.3420,0.00000,0.00000,0.01019,1.000000,0.000000,0.000000,0.000000,0.0102,0.0000,0.0000,-0.0000,0.0000,-0.0000,0.0000,0.0000,0.0000,0.0000,0.0000,0.0000
0.3620,0.00000,0.00000,0.01019,1.000000,0.000000,0.000000,0.000000,0.0102,0.0000,0.0000,-0.0000,0.0000,-0.0000,0.0000,0.0000,0.0000,0.0000,0.0000,0.0000
0.3820,0.00000,0.00000,0.01019,1.000000,0.000000,0.000000,0.000000,0.0102,0.0000,0.0000,-0.0000,0.0000,-0.0000,0.0000,0.0000,0.0000,0.0000,0.0000,0.0000
0.4020,0.00000,0.00000,0.01019,1.000000,0.000000,0.000000,0.000000,0.0102,0.0000,-0.0000,0.0000,0.0000,-0.0000,0.0000,0.0000,0.0000,0.0000,0.0000,0.0000
0.4220,0.00000,0.00000,0.01019,1.000000,0.000000,0.000000,0.000000,0.0102,0.0000,0.0000,0.0000,0.0000,-0.0000,0.0000,0.0000,0.0000,0.0000,0.0000,0.0000
0.4420,0.00000,0.00000,0.01019,1.000000,0.000000,0.000000,0.000000,0.0102,0.0000,-0.0000,0.0000,0.0000,-0.0000,0.0000,0.0000,0.0000,0.0000,0.0000,0.0000
0.4620,0.00000,0.00000,0.01019,1.000000,0.000000,0.000000,0.000000,0.0102,0.0000,-0.0000,-0.0000,0.0000,-0.0000,0.0000,0.0000,0.0000,0.0000,0.0000,0.0000
0.4820,0.00000,0.00000,0.01019,1.000000,0.000000,0.000000,0.000000,0.0102,0.0000,0.0000,-0.0000,0.0000,-0.0000,0.0000,0.0000,0.0000,0.0000,0.0000,0.0000
0.5020,0.00000,0.00000,0.01019,1.000000,0.000000,0.000000,0.000000,0.0102,0.0000,0.0000,0.0000,0.0000,-0.0000,0.0000,0.0000,0.0000,0.0000,0.0000,0.0000
0.5220,0.00000,0.00000,0.01019,1.000000,0.000000,0.000000,0.000000,0.0102,0.0000,0.0000,0.0000,0.0000,-0.0000,0.0000,0.0000,0.0000,0.0000,0.0000,0.0000
0.5420,0.00000,0.00000,0.01019,1.000000,0.000000,0.000000,0.000000,0.0102,0.0000,0.0000,-0.0000,0.0000,-0.0000,0.0000,0.0000,0.0000,0.0000,0.0000,0.0000
0.5620,0.00000,0.00000,0.01019,1.000000,0.000000,0.000000,0.000000,0.0102,0.0000,0.0000,0.0000,0.0000,-0.0000,0.0000,0.0000,0.0000,0.0000,0.0000,0.0000
0.5820,0.00000,0.00000,0.01019,1.000000,0.000000,0.000000,0.000000,0.0102,0.0000,0.0000,0.0000,0.0000,-0.0000,0.0000,0.0000,0.0000,0.0000,0.0000,0.0000
0.6020,0.00000,0.00000,0.01019,1.000000,0.000000,0.000000,0.000000,0.0102,0.0000,0.0000,0.0000,0.0000,-0.0000,0.0000,0.0000,0.0000,0.0000,0.0000,0.0000
0.6220,0.00000,0.00000,0.01019,1.000000,0.000000,0.000000,0.000000,0.0102,0.0000,-0.0000,0.0000,0.0000,-0.0000,0.0000,0.0000,0.0000,0.0000,0.0000,0.0000
0.6420,0.00000,0.00000,0.01019,1.000000,0.000000,0.000000,0.000000,0.0102,0.0000,0.0000,0.0000,0.0000,-0.0000,0.0000,0.0000,0.0000,0.0000,0.0000,0.0000
0.6620,0.00000,0.00000,0.01019,1.000000,0.000000,0.000000,0.000000,0.0102,0.0000,0.0000,-0.0000,0.0000,-0.0000,0.0000,0.0000,0.0000,0.0000,0.0000,0.0000
0.6820,0.00000,0.00000,0.01019,1.000000,0.000000,0.000000,0.000000,0.0102,0.0000,0.0000,-0.0000,0.0000,-0.0000,0.0000,0.0000,0.0000,0.0000,0.0000,0.0000
0.7020,0.00000,0.00000,0.01019,1.000000,0.000000,0.000000,0.000000,0.0102,0.0000,0.0000,-0.0000,0.0000,-0.0000,0.0000,0.0000,0.0000,0.0000,0.0000,0.0000
0.7220,0.00000,0.00000,0.01019,1.000000,0.000000,0.000000,0.000000,0.0102,0.0000,0.0000,0.0000,0.0000,-0.0000,0.0000,0.0000,0.0000,0.0000,0.0000,0.0000
0.7420,0.00000,0.00000,0.01019,1.000000,0.000000,0.000000,0.000000,0.0102,0.0000,-0.0000,0.0000,0.0000,-0.0000,0.0000,0.0000,0.0000,0.0000,0.0000,0.0000
0.7620,0.00000,0.00000,0.01019,1.000000,0.000000,0.000000,0.000000,0.0102,0.0000,0.0000,0.0000,0.0000,-0.0000,0.0000,0.0000,0.0000,0.0000,0.0000,0.0000
0.7820,0.00000,0.00000,0.01019,1.000000,0.000000,0.000000,0.000000,0.0102,0.0000,0.0000,0.0000,0.0000,-0.0000,0.0000,0.0000,0.0000,0.0000,0.0000,0.0000
0.8020,0.00000,0.00000,0.01019,1.000000,0.000000,0.000000,0.000000,0.0102,0.0000,-0.0000,0.0000,0.0000,-0.0000,0.0000,0.0000,0.0000,0.0000,0.0000,0.0000
0.8220,0.00000,0.00000,0.01019,1.000000,0.000000,0.000000,0.000000,0.0102,0.0000,-0.0000,-0.0000,0.0000,-0.0000,0.0000,0.0000,0.0000,0.0000,0.0000,0.0000
0.8420,0.00000,0.00000,0.01019,1.000000,0.000000,0.000000,0.000000,0.0102,0.0000,0.0000,0.0000,0.0000,-0.0000,0.0000,0.0000,0.0000,0.0000,0.0000,0.0000
0.8620,0.00000,0.00000,0.01019,1.000000,0.000000,0.000000,0.000000,0.0102,0.0000,0.0000,0.0000,0.0000,-0.0000,0.0000,0.0000,0.0000,0.0000,0.0000,0.0000
0.8820,0.00000,0.00000,0.01019,1.000000,0.000000,0.000000,0.000000,0.0102,0.0000,-0.0000,-0.0000,0.0000,-0.0000,0.0000,0.0000,0.0000,0.0000,0.0000,0.0000
0.9020,0.00000,0.00000,0.01019,1.000000,0.000000,0.000000,0.000000,0.0102,0.0000,-0.0000,0.0000,0.0000,-0.0000,0.0000,0.0000,0.0000,0.0000,0.0000,0.0000
0.9220,0.00000,0.00000,0.01019,1.000000,0.000000,0.000000,0.000000,0.0102,0.0000,-0.0000,0.0000,0.0000,-0.0000,0.0000,0.0000,0.0000,0.0000,0.0000,0.0000
0.9420,0.00000,0.00000,0.01019,1.000000,0.000000,0.000000,0.000000,0.0102,0.0000,-0.0000,0.0000,0.0000,-0.0000,0.0000,0.0000,0.0000,0.0000,0.0000,0.0000
0.9620,0.00000,0.00000,0.01019,1.000000,0.000000,0.000000,0.000000,0.0102,0.0000,0.0000,-0.0000,0.0000,-0.0000,0.0000,0.0000,0.0000,0.0000,0.0000,0.0000
0.9820,0.00000,0.00000,0.01019,1.000000,0.000000,0.000000,0.000000,0.0102,0.0000,0.0000,-0.0000,0.0000,-0.0000,0.0000,0.0000,0.0000,0.0000,0.0000,0.0000
1.0020,0.00000,0.00000,0.01019,1.000000,0.000000,0.000000,0.000000,0.0102,0.0000,0.0000,0.0000,0.0000,-0.0000,0.0000,0.0000,0.0000,0.0000,0.0000,0.0000
1.0220,0.00000,0.00000,0.01019,1.000000,0.000000,0.000000,0.000000,0.0102,0.0000,0.0000,0.0000,0.0000,-0.0000,0.0000,0.0000,0.0000,0.0000,0.0000,0.0000
1.0420,0.00000,0.00000,0.01019,1.000000,0.000000,0.000000,0.000000,0.0102,0.0000,-0.0000,-0.0000,0.0000,-0.0000,0.0000,0.0000,0.0000,0.0000,0.0000,0.0000
1.0620,0.00000,0.00000,0.01019,1.000000,0.000000,0.000000,0.000000,0.0102,0.0000,-0.0000,0.0000,0.0000,-0.0000,0.0000,0.0000,0.0000,0.0000,0.0000,0.0000
1.0820,0.00000,0.00000,0.01019,1.000000,0.000000,0.000000,0.000000,0.0102,0.0000,0.0000,-0.0000,0.0000,-0.0000,0.0000,0.0000,0.0000,0.0000,0.0000,0.0000
1.1020,0.00000,0.00000,0.01019,1.000000,0.000000,0.000000,0.000000,0.0102,0.0000,-0.0000,-0.0000,0.0000,-0.0000,0.0000,0.0000,0.0000,0.0000,0.0000,0.0000
1.1220,0.00000,0.00000,0.01019,1.000000,0.000000,0.000000,0.000000,0.0102,0.0000,-0.0000,0.0000,0.0000,-0.0000,0.0000,0.0000,0.0000,0.0000,0.0000,0.0000
1.1420,0.00000,0.00000,0.01019,1.000000,0.000000,0.000000,0.000000,0.0102,0.0000,0.0000,0.0000,0.0000,-0.0000,0.0000,0.0000,0.0000,0.0000,0.0000,0.0000
1.1620,0.00000,-0.00000,0.01019,1.000000,0.000000,0.000000,0.000000,0.0102,0.0000,-0.0000,0.0000,0.0000,-0.0000,0.0000,0.0000,0.0000,0.0000,0.0000,0.0000
1.1820,0.00000,-0.00000,0.01019,1.000000,0.000000,0.000000,0.000000,0.0102,0.0000,-0.0000,0.0000,0.0000,-0.0000,0.0000,0.0000,0.0000,0.0000,0.0000,0.0000
1.2020,0.00000,-0.00000,0.01019,1.000000,0.000000,0.000000,0.000000,0.0102,0.0000,-0.0000,-0.0000,0.0000,-0.0000,0.0000,0.0000,0.0000,0.0000,0.0000,0.0000
1.2220,0.00000,-0.00000,0.01019,1.000000,0.000000,0.000000,0.000000,0.0102,0.0000,0.0000,0.0000,0.0000,-0.0000,0.0000,0.0000,0.0000,0.0000,0.0000,0.0000
1.2420,0.00000,-0.00000,0.01019,1.000000,0.000000,0.000000,0.000000,0.0102,0.0000,-0.0000,0.0000,0.0000,-0.0000,0.0000,0.0000,0.0000,0.0000,0.0000,0.0000
1.2620,0.00000,-0.00000,0.01019,1.000000,0.000000,0.000000,0.000000,0.0102,0.0000,-0.0000,0.0000,0.0000,-0.0000,0.0000,0.0000,0.0000,0.0000,0.0000,0.0000
1.2820,0.00000,-0.00000,0.01019,1.000000,0.000000,0.000000,0.000000,0.0102,0.0000,0.0000,-0.0000,0.0000,-0.0000,0.0000,0.0000,0.0000,0.0000,0.0000,0.0000
1.3020,0.00000,-0.00000,0.01019,1.000000,0.000000,0.000000,0.000000,0.0102,0.0000,0.0000,0.0000,0.0000,-0.0000,0.0000,0.0000,0.0000,0.0000,0.0000,0.0000
1.3220,0.00000,-0.00000,0.01019,1.000000,0.000000,0.000000,0.000000,0.0102,0.0000,0.0000,0.0000,0.0000,-0.0000,0.0000,0.0000,0.0000,0.0000,0.0000,0.0000
1.3420,0.00000,-0.00000,0.01019,1.000000,0.000000,0.000000,0.000000,0.0102,0.0000,-0.0000,-0.0000,0.0000,-0.0000,0.0000,0.0000,0.0000,0.0000,0.0000,0.0000
1.3620,0.00000,-0.00000,0.01019,1.000000,0.000000,0.000000,0.000000,0.0102,0.0000,-0.0000,0.0000,0.0000,-0.0000,0.0000,0.0000,0.0000,0.0000,0.0000,0.0000
1.3820,0.00000,0.00000,0.01019,1.000000,0.000000,0.000000,0.000000,0.0102,0.0000,-0.0000,-0.0000,0.0000,-0.0000,0.0000,0.0000,0.0000,0.0000,0.0000,0.0000
1.4020,0.00000,-0.00000,0.01019,1.000000,0.000000,0.000000,0.000000,0.0102,0.0000,-0.0000,-0.0000,0.0000,-0.0000,0.0000,0.0000,0.0000,0.0000,0.0000,0.0000
1.4220,0.00000,-0.00000,0.01019,1.000000,0.000000,0.000000,0.000000,0.0102,0.0000,-0.0000,0.0000,0.0000,-0.0000,0.0000,0.0000,0.0000,0.0000,0.0000,0.0000
1.4420,0.00000,-0.00000,0.01019,1.000000,0.000000,0.000000,0.000000,0.0102,0.0000,-0.0000,0.0000,0.0000,-0.0000,0.0000,0.0000,0.0000,0.0000,0.0000,0.0000
1.4620,0.00000,0.00000,0.01019,1.000000,0.000000,0.000000,0.000000,0.0102,0.0000,-0.0000,-0.0000,0.0000,-0.0000,0.0000,0.0000,0.0000,0.0000,0.0000,0.0000
1.4820,0.00000,0.00000,0.01019,1.000000,0.000000,0.000000,0.000000,0.0102,0.0000,0.0000,0.0000,0.0000,-0.0000,0.0000,0.0000,0.0000,0.0000,0.0000,0.0000
1.5020,0.00000,0.00000,0.01019,1.000000,0.000000,0.000000,0.000000,0.0102,0.0000,0.0000,0.0000,0.0000,-0.0000,0.0000,0.0000,0.0000,0.0000,0.0000,0.0000
1.5220,0.00000,0.00000,0.01019,1.000000,0.000000,0.000000,0.000000,0.0102,0.0000,0.0000,-0.0000,0.0000,-0.0000,0.0000,0.0000,0.0000,0.0000,0.0000,0.0000
1.5420,0.00000,-0.00000,0.01019,1.000000,0.000000,0.000000,0.000000,0.0102,0.0000,-0.0000,-0.0000,0.0000,-0.0000,0.0000,0.0000,0.0000,0.0000,0.0000,0.0000
1.5620,0.00000,-0.00000,0.01019,1.000000,0.000000,0.000000,0.000000,0.0102,0.0000,-0.0000,0.0000,0.0000,-0.0000,0.0000,0.0000,0.0000,0.0000,0.0000,0.0000
1.5820,0.00000,-0.00000,0.01019,1.000000,0.000000,0.000000,0.000000,0.0102,0.0000,0.0000,0.0000,0.0000,-0.0000,0.0000,0.0000,0.0000,0.0000,0.0000,0.0000
1.6020,0.00000,0.00000,0.01019,1.000000,0.000000,0.000000,0.000000,0.0102,0.0000,0.0000,-0.0000,0.0000,-0.0000,0.0000,0.0000,0.0000,0.0000,0.0000,0.0000
1.6220,0.00000,0.00000,0.01019,1.000000,0.000000,0.000000,0.000000,0.0102,0.0000,-0.0000,-0.0000,0.0000,-0.0000,0.0000,0.0000,0.0000,0.0000,0.0000,0.0000
1.6420,0.00000,-0.00000,0.01019,1.000000,0.000000,0.000000,0.000000,0.0102,0.0000,0.0000,-0.0000,0.0000,-0.0000,0.0000,0.0000,0.0000,0.0000,0.0000,0.0000
1.6620,0.00000,-0.00000,0.01019,1.000000,0.000000,0.000000,0.000000,0.0102,0.0000,0.0000,-0.0000,0.0000,-0.0000,0.0000,0.0000,0.0000,0.0000,0.0000,0.0000
1.6820,0.00000,-0.00000,0.01019,1.000000,0.000000,0.000000,0.000000,0.0102,0.0000,0.0000,0.0000,0.0000,-0.0000,0.0000,0.0000,0.0000,0.0000,0.0000,0.0000
1.7020,0.00000,-0.00000,0.01019,1.000000,0.000000,0.000000,0.000000,0.0102,0.0000,-0.0000,0.0000,0.0000,-0.0000,0.0000,0.0000,0.0000,0.0000,0.0000,0.0000
1.7220,0.00000,-0.00000,0.01019,1.000000,0.000000,0.000000,0.000000,0.0102,0.0000,0.0000,0.0000,0.0000,-0.0000,0.0000,0.0000,0.0000,0.0000,0.0000,0.0000
1.7420,0.00000,-0.00000,0.01019,1.000000,0.000000,0.000000,0.000000,0.0102,0.0000,0.0000,-0.0000,0.0000,-0.0000,0.0000,0.0000,0.0000,0.0000,0.0000,0.0000
1.7620,0.00000,-0.00000,0.01019,1.000000,0.000000,0.000000,0.000000,0.0102,0.0000,0.0000,0.0000,0.0000,-0.0000,0.0000,0.0000,0.0000,0.0000,0.0000,0.0000
1.7820,0.00000,-0.00000,0.01019,1.000000,0.000000,0.000000,0.000000,0.0102,0.0000,-0.0000,0.0000,0.0000,-0.0000,0.0000,0.0000,0.0000,0.0000,0.0000,0.0000
1.8020,0.00000,-0.00000,0.01019,1.000000,0.000000,0.000000,0.000000,0.0102,0.0000,0.0000,-0.0000,0.0000,-0.0000,0.0000,0.0000,0.0000,0.0000,0.0000,0.0000
1.8220,0.00000,-0.00000,0.01019,1.000000,0.000000,0.000000,0.000000,0.0102,0.0000,-0.0000,-0.0000,0.0000,-0.0000,0.0000,0.0000,0.0000,0.0000,0.0000,0.0000
1.8420,0.00000,-0.00000,0.01019,1.000000,0.000000,0.000000,0.000000,0.0102,0.0000,0.0000,0.0000,0.0000,-0.0000,0.0000,0.0000,0.0000,0.0000,0.0000,0.0000
1.8620,0.00000,-0.00000,0.01019,1.000000,0.000000,0.000000,0.000000,0.0102,0.0000,-0.0000,-0.0000,0.0000,-0.0000,0.0000,0.0000,0.0000,0.0000,0.0000,0.0000
1.8820,0.00000,-0.00000,0.01019,1.000000,0.000000,0.000000,0.000000,0.0102,0.0000,0.0000,0.0000,0.0000,-0.0000,0.0000,0.0000,0.0000,0.0000,0.0000,0.0000
1.9020,0.00000,-0.00000,0.01019,1.000000,0.000000,0.000000,0.000000,0.0102,0.0000,0.0000,-0.0000,0.0000,-0.0000,0.0000,0.0000,0.0000,0.0000,0.0000,0.0000
1.9220,0.00000,-0.00000,0.01019,1.000000,0.000000,0.000000,0.000000,0.0102,0.0000,0.0000,-0.0000,0.0000,-0.0000,0.0000,0.0000,0.0000,0.0000,0.0000,0.0000
1.9420,0.00000,-0.00000,0.01019,1.000000,0.000000,0.000000,0.000000,0.0102,0.0000,-0.0000,0.0000,0.0000,-0.0000,0.0000,0.0000,0.0000,0.0000,0.0000,0.0000
1.9620,0.00000,-0.00000,0.01019,1.000000,0.000000,0.000000,0.000000,0.0102,0.0000,0.0000,0.0000,0.0000,-0.0000,0.0000,0.0000,0.0000,0.0000,0.0000,0.0000
1.9820,0.00000,-0.00000,0.01019,1.000000,0.000000,0.000000,0.000000,0.0102,0.0000,-0.0000,0.0000,0.0000,-0.0000,0.0000,0.0000,0.0000,0.0000,0.0000,0.0000
2.0020,0.00000,-0.00000,0.01019,1.000000,0.000000,0.000000,0.000000,0.0102,0.0000,0.0000,-0.0000,0.0000,-0.0000,0.0000,0.0000,0.0000,0.0000,0.0000,0.0000
2.0220,0.00000,-0.00000,0.01019,1.000000,0.000000,0.000000,0.000000,0.0102,0.0000,0.0000,0.0000,0.0000,-0.0000,0.0000,0.0000,0.0000,0.0000,0.0000,0.0000
2.0420,0.00000,-0.00000,0.01019,1.000000,0.000000,0.000000,0.000000,0.0102,0.0000,-0.0000,0.0000,0.0000,-0.0000,0.0000,0.0000,0.0000,0.0000,0.0000,0.0000
2.0620,0.00000,-0.00000,0.01019,1.000000,0.000000,0.000000,0.000000,0.0102,0.0000,0.0000,-0.0000,0.0000,-0.0000,0.0000,0.0000,0.0000,0.0000,0.0000,0.0000
2.0820,0.00000,-0.00000,0.01019,1.000000,0.000000,0.000000,0.000000,0.0102,0.0000,0.0000,-0.0000,0.0000,-0.0000,0.0000,0.0000,0.0000,0.0000,0.0000,0.0000
2.1020,0.00000,-0.00000,0.01019,1.000000,0.000000,0.000000,0.000000,0.0102,0.0000,-0.0000,-0.0000,0.0000,-0.0000,0.0000,0.0000,0.0000,0.0000,0.0000,0.0000
2.1220,0.00000,-0.00000,0.01019,1.000000,0.000000,0.000000,0.000000,0.0102,0.0000,0.0000,0.0000,0.0000,-0.0000,0.0000,0.0000,0.0000,0.0000,0.0000,0.0000
2.1420,0.00000,-0.00000,0.01019,1.000000,0.000000,0.000000,0.000000,0.0102,0.0000,0.0000,-0.0000,0.0000,-0.0000,0.0000,0.0000,0.0000,0.0000,0.0000,0.0000
2.1620,0.00000,-0.00000,0.01019,1.000000,0.000000,0.000000,0.000000,0.0102,0.0000,0.0000,-0.0000,0.0000,-0.0000,0.0000,0.0000,0.0000,0.0000,0.0000,0.0000
2.1820,0.00000,-0.00000,0.01019,1.000000,0.000000,0.000000,0.000000,0.0102,0.0000,0.0000,-0.0000,0.0000,-0.0000,0.0000,0.0000,0.0000,0.0000,0.0000,0.0000
2.2020,0.00000,-0.00000,0.01019,1.000000,0.000000,0.000000,0.000000,0.0102,0.0000,0.0000,0.0000,0.0000,-0.0000,0.0000,0.0000,0.0000,0.0000,0.0000,0.0000
2.2220,0.00000,-0.00000,0.01019,1.000000,0.000000,0.000000,0.000000,0.0102,0.0000,0.0000,-0.0000,0.0000,-0.0000,0.0000,0.0000,0.0000,0.0000,0.0000,0.0000
2.2420,0.00000,-0.00000,0.01019,1.000000,0.000000,0.000000,0.000000,0.0102,0.0000,0.0000,-0.0000,0.0000,-0.0000,0.0000,0.0000,0.0000,0.0000,0.0000,0.0000
2.2620,0.00000,-0.00000,0.01019,1.000000,0.000000,0.000000,0.000000,0.0102,0.0000,-0.0000,-0.0000,0.0000,-0.0000,0.0000,0.0000,0.0000,0.0000,0.0000,0.0000
2.2820,0.00000,-0.00000,0.01019,1.000000,0.000000,0.000000,0.000000,0.0102,0.0000,0.0000,-0.0000,0.0000,-0.0000,0.0000,0.0000,0.0000,0.0000,0.0000,0.0000
2.3020,0.00000,-0.00000,0.01019,1.000000,0.000000,0.000000,0.000000,0.0102,0.0000,0.0000,0.0000,0.0000,-0.0000,0.0000,0.0000,0.0000,0.0000,0.0000,0.0000
2.3220,0.00000,-0.00000,0.01019,1.000000,0.000000,0.000000,0.000000,0.0102,0.0000,-0.0000,0.0000,0.0000,-0.0000,0.0000,0.0000,0.0000,0.0000,0.0000,0.0000
2.3420,0.00000,-0.00000,0.01019,1.000000,0.000000,0.000000,0.000000,0.0102,0.0000,-0.0000,-0.0000,0.0000,-0.0000,0.0000,0.0000,0.0000,0.0000,0.0000,0.0000
2.3620,0.00000,-0.00000,0.01019,1.000000,0.000000,0.000000,0.000000,0.0102,0.0000,-0.0000,-0.0000,0.0000,-0.0000,0.0000,0.0000,0.0000,0.0000,0.0000,0.0000
2.3820,0.00000,-0.00000,0.01019,1.000000,0.000000,0.000000,0.000000,0.0102,0.0000,-0.0000,-0.0000,0.0000,-0.0000,0.0000,0.0000,0.0000,0.0000,0.0000,0.0000
2.4020,0.00000,-0.00000,0.01019,1.000000,0.000000,0.000000,0.000000,0.0102,0.0000,-0.0000,-0.0000,0.0000,-0.0000,0.0000,0.0000,0.0000,0.0000,0.0000,0.0000
2.4220,0.00000,-0.00000,0.01019,1.000000,0.000000,0.000000,0.000000,0.0102,0.0000,0.0000,-0.0000,0.0000,-0.0000,0.0000,0.0000,0.0000,0.0000,0.0000,0.0000
2.4420,0.00000,-0.00000,0.01019,1.000000,0.000000,0.000000,0.000000,0.0102,0.0000,0.0000,0.0000,0.0000,-0.0000,0.0000,0.0000,0.0000,0.0000,0.0000,0.0000
2.4620,0.00000,-0.00000,0.01019,1.000000,0.000000,0.000000,0.000000,0.0102,0.0000,0.0000,0.0000,0.0000,-0.0000,0.0000,0.0000,0.0000,0.0000,0.0000,0.0000
2.4820,0.00000,-0.00000,0.01019,1.000000,0.000000,0.000000,0.000000,0.0102,0.0000,-0.0000,-0.0000,0.0000,-0.0000,0.0000,0.0000,0.0000,0.0000,0.0000,0.0000
2.5020,0.00000,-0.00000,0.01019,1.000000,0.000000,0.000000,0.000000,0.0102,0.0000,0.0000,-0.0000,0.0000,-0.0000,0.0000,0.0000,0.0000,0.0000,0.0000,0.0000
2.5220,0.00000,-0.00000,0.01019,1.000000,0.000000,0.000000,0.000000,0.0102,0.0000,0.0000,-0.0000,0.0000,-0.0000,0.0000,0.0000,0.0000,0.0000,0.0000,0.0000
2.5420,0.00000,-0.00000,0.01019,1.000000,0.000000,0.000000,0.000000,0.0102,0.0000,0.0000,-0.0000,0.0000,-0.0000,0.0000,0.0000,0.0000,0.0000,0.0000,0.0000
2.5620,0.00000,-0.00000,0.01019,1.000000,0.000000,0.000000,0.000000,0.0102,0.0000,-0.0000,-0.0000,0.0000,-0.0000,0.0000,0.0000,0.0000,0.0000,0.0000,0.0000
2.5820,0.00000,-0.00000,0.01019,1.000000,0.000000,0.000000,0.000000,0.0102,0.0000,0.0000,-0.0000,0.0000,-0.0000,0.0000,0.0000,0.0000,0.0000,0.0000,0.0000
2.6020,0.00000,-0.00000,0.01019,1.000000,0.000000,0.000000,0.000000,0.0102,0.0000,0.0000,-0.0000,0.0000,-0.0000,0.0000,0.0000,0.0000,0.0000,0.0000,0.0000
2.6220,0.00000,-0.00000,0.01019,1.000000,0.000000,0.000000,0.000000,0.0102,0.0000,0.0000,-0.0000,0.0000,-0.0000,0.0000,0.0000,0.0000,0.0000,0.0000,0.0000
2.6420,0.00000,-0.00000,0.01019,1.000000,0.000000,0.000000,0.000000,0.0102,0.0000,-0.0000,0.0000,0.0000,-0.0000,0.0000,0.0000,0.0000,0.0000,0.0000,0.0000
2.6620,0.00000,-0.00000,0.01019,1.000000,0.000000,0.000000,0.000000,0.0102,0.0000,-0.0000,0.0000,0.0000,-0.0000,0.0000,0.0000,0.0000,0.0000,0.0000,0.0000
2.6820,0.00000,-0.00000,0.01019,1.000000,0.000000,0.000000,0.000000,0.0102,0.0000,-0.0000,0.0000,0.0000,-0.0000,0.0000,0.0000,0.0000,0.0000,0.0000,0.0000
2.7020,0.00000,-0.00000,0.01019,1.000000,0.000000,0.000000,0.000000,0.0102,0.0000,0.0000,0.0000,0.0000,-0.0000,0.0000,0.0000,0.0000,0.0000,0.0000,0.0000
2.7220,0.00000,-0.00000,0.01019,1.000000,0.000000,0.000000,0.000000,0.0102,0.0000,0.0000,0.0000,0.0000,-0.0000,0.0000,0.0000,0.0000,0.0000,0.0000,0.0000
2.7420,0.00000,-0.00000,0.01019,1.000000,0.000000,0.000000,0.000000,0.0102,0.0000,-0.0000,-0.0000,0.0000,-0.0000,0.0000,0.0000,0.0000,0.0000,0.0000,0.0000
2.7620,0.00000,-0.00000,0.01019,1.000000,0.000000,0.000000,0.000000,0.0102,0.0000,-0.0000,0.0000,0.0000,-0.0000,0.0000,0.0000,0.0000,0.0000,0.0000,0.0000
2.7820,0.00000,-0.00000,0.01019,1.000000,0.000000,0.000000,0.000000,0.0102,0.0000,-0.0000,0.0000,0.0000,-0.0000,0.0000,0.0000,0.0000,0.0000,0.0000,0.0000
2.8020,0.00000,-0.00000,0.01019,1.000000,0.000000,0.000000,0.000000,0.0102,0.0000,0.0000,-0.0000,0.0000,-0.0000,0.0000,0.0000,0.0000,0.0000,0.0000,0.0000
2.8220,0.00000,-0.00000,0.01019,1.000000,0.000000,0.000000,0.000000,0.0102,0.0000,-0.0000,-0.0000,0.0000,-0.0000,0.0000,0.0000,0.0000,0.0000,0.0000,0.0000
2.8420,0.00000,-0.00000,0.01019,1.000000,0.000000,0.000000,0.000000,0.0102,0.0000,-0.0000,-0.0000,0.0000,-0.0000,0.0000,0.0000,0.0000,0.0000,0.0000,0.0000
2.8620,0.00000,-0.00000,0.01019,1.000000,0.000000,0.000000,0.000000,0.0102,0.0000,0.0000,0.0000,0.0000,-0.0000,0.0000,0.0000,0.0000,0.0000,0.0000,0.0000
2.8820,0.00000,-0.00000,0.01019,1.000000,0.000000,0.000000,0.000000,0.0102,0.0000,-0.0000,-0.0000,0.0000,-0.0000,0.0000,0.0000,0.0000,0.0000,0.0000,0.0000
2.9020,0.00000,-0.00000,0.01019,1.000000,0.000000,0.000000,0.000000,0.0102,0.0000,0.0000,0.0000,0.0000,-0.0000,0.0000,0.0000,0.0000,0.0000,0.0000,0.0000
2.9220,0.00000,-0.00000,0.01019,1.000000,0.000000,0.000000,0.000000,0.0102,0.0000,-0.0000,-0.0000,0.0000,-0.0000,0.0000,0.0000,0.0000,0.0000,0.0000,0.0000
2.9420,0.00000,-0.00000,0.01019,1.000000,0.000000,0.000000,0.000000,0.0102,0.0000,-0.0000,0.0000,0.0000,-0.0000,0.0000,0.0000,0.0000,0.0000,0.0000,0.0000
2.9620,0.00000,-0.00000,0.01019,1.000000,0.000000,0.000000,0.000000,0.0102,0.0000,-0.0000,-0.0000,0.0000,-0.0000,0.0000,0.0000,0.0000,0.0000,0.0000,0.0000
2.9820,0.00000,-0.00000,0.01019,1.000000,0.000000,0.000000,0.000000,0.0102,0.0000,-0.0000,-0.0000,0.0000,-0.0000,0.0000,0.0000,0.0000,0.0000,0.0000,0.0000
3.0020,0.00000,-0.00000,0.01019,1.000000,0.000000,0.000000,0.000000,0.0102,0.0000,0.0000,-0.0000,0.0000,-0.0000,0.0000,0.0000,0.0000,0.0000,0.0000,0.0000
3.0220,0.00000,-0.00000,0.01019,1.000000,0.000000,0.000000,0.000000,0.0102,0.0000,-0.0000,0.0000,0.0000,-0.0000,0.0000,0.0000,0.0000,0.0000,0.0000,0.0000
3.0420,0.00000,-0.00000,0.01019,1.000000,0.000000,0.000000,0.000000,0.0102,0.0000,0.0000,-0.0000,0.0000,-0.0000,0.0000,0.0000,0.0000,0.0000,0.0000,0.0000
3.0620,0.00000,-0.00000,0.01019,1.000000,0.000000,0.000000,0.000000,0.0102,0.0000,-0.0000,-0.0000,0.0000,-0.0000,0.0000,0.0000,0.0000,0.0000,0.0000,0.0000
3.0820,0.00000,-0.00000,0.01019,1.000000,0.000000,0.000000,0.000000,0.0102,0.0000,0.0000,-0.0000,0.0000,-0.0000,0.0000,0.0000,0.0000,0.0000,0.0000,0.0000
3.1020,0.00000,-0.00000,0.01019,1.000000,0.000000,0.000000,0.000000,0.0102,0.0000,-0.0000,-0.0000,0.0000,-0.0000,0.0000,0.0000,0.0000,0.0000,0.0000,0.0000
3.1220,0.00000,-0.00000,0.01019,1.000000,0.000000,0.000000,0.000000,0.0102,0.0000,0.0000,0.0000,0.0000,-0.0000,0.0000,0.0000,0.0000,0.0000,0.0000,0.0000
3.1420,-0.00000,-0.00000,0.01019,1.000000,0.000000,0.000000,0.000000,0.0102,0.0000,0.0000,-0.0000,0.0000,-0.0000,0.0000,0.0000,0.0000,0.0000,0.0000,0.0000
3.1620,0.00000,-0.00000,0.01019,1.000000,0.000000,0.000000,0.000000,0.0102,0.0000,-0.0000,-0.0000,0.0000,-0.0000,0.0000,0.0000,0.0000,0.0000,0.0000,0.0000
3.1820,0.00000,-0.00000,0.01019,1.000000,0.000000,0.000000,0.000000,0.0102,0.0000,-0.0000,-0.0000,0.0000,-0.0000,0.0000,0.0000,0.0000,0.0000,0.0000,0.0000
3.2020,0.00000,-0.00000,0.01019,1.000000,0.000000,0.000000,0.000000,0.0102,0.0000,0.0000,0.0000,0.0000,-0.0000,0.0000,0.0000,0.0000,0.0000,0.0000,0.0000
3.2220,0.00000,-0.00000,0.01019,1.000000,0.000000,0.000000,0.000000,0.0102,0.0000,0.0000,-0.0000,0.0000,-0.0000,0.0000,0.0000,0.0000,0.0000,0.0000,0.0000
3.2420,-0.00000,-0.00000,0.01019,1.000000,0.000000,0.000000,0.000000,0.0102,0.0000,-0.0000,-0.0000,0.0000,-0.0000,0.0000,0.0000,0.0000,0.0000,0.0000,0.0000
3.2620,-0.00000,-0.00000,0.01019,1.000000,0.000000,0.000000,0.000000,0.0102,0.0000,0.0000,0.0000,0.0000,-0.0000,0.0000,0.0000,0.0000,0.0000,0.0000,0.0000
3.2820,0.00000,-0.00000,0.01019,1.000000,0.000000,0.000000,0.000000,0.0102,0.0000,-0.0000,0.0000,0.0000,-0.0000,0.0000,0.0000,0.0000,0.0000,0.0000,0.0000
3.3020,0.00000,-0.00000,0.01019,1.000000,0.000000,0.000000,0.000000,0.0102,0.0000,-0.0000,0.0000,0.0000,-0.0000,0.0000,0.0000,0.0000,0.0000,0.0000,0.0000
3.3220,0.00000,-0.00000,0.01019,1.000000,0.000000,0.000000,0.000000,0.0102,0.0000,0.0000,0.0000,0.0000,-0.0000,0.0000,0.0000,0.0000,0.0000,0.0000,0.0000
3.3420,0.00000,-0.00000,0.01019,1.000000,0.000000,0.000000,0.000000,0.0102,0.0000,0.0000,-0.0000,0.0000,-0.0000,0.0000,0.0000,0.0000,0.0000,0.0000,0.0000
3.3620,0.00000,-0.00000,0.01019,1.000000,0.000000,0.000000,0.000000,0.0102,0.0000,0.0000,-0.0000,0.0000,-0.0000,0.0000,0.0000,0.0000,0.0000,0.0000,0.0000
3.3820,0.00000,-0.00000,0.01019,1.000000,0.000000,0.000000,0.000000,0.0102,0.0000,-0.0000,-0.0000,0.0000,-0.0000,0.0000,0.0000,0.0000,0.0000,0.0000,0.0000
3.4020,0.00000,-0.00000,0.01019,1.000000,0.000000,0.000000,0.000000,0.0102,0.0000,0.0000,-0.0000,0.0000,-0.0000,0.0000,0.0000,0.0000,0.0000,0.0000,0.0000
3.4220,0.00000,-0.00000,0.01019,1.000000,0.000000,0.000000,0.000000,0.0102,0.0000,0.0000,-0.0000,0.0000,-0.0000,0.0000,0.0000,0.0000,0.0000,0.0000,0.0000
3.4420,0.00000,-0.00000,0.01019,1.000000,0.000000,0.000000,0.000000,0.0102,0.0000,-0.0000,-0.0000,0.0000,-0.0000,0.0000,0.0000,0.0000,0.0000,0.0000,0.0000
3.4620,-0.00000,-0.00000,0.01019,1.000000,0.000000,0.000000,0.000000,0.0102,0.0000,0.0000,-0.0000,0.0000,-0.0000,0.0000,0.0000,0.0000,0.0000,0.0000,0.0000
3.4820,-0.00000,-0.00000,0.01019,1.000000,0.000000,0.000000,0.000000,0.0102,0.0000,0.0000,-0.0000,0.0000,-0.0000,0.0000,0.0000,0.0000,0.0000,0.0000,0.0000
3.5020,-0.00000,-0.00000,0.01019,1.000000,0.000000,0.000000,0.000000,0.0102,0.0000,-0.0000,-0.0000,0.0000,-0.0000,0.0000,0.0000,0.0000,0.0000,0.0000,0.0000
3.5220,-0.00000,-0.00000,0.01019,1.000000,0.000000,0.000000,0.000000,0.0102,0.0000,0.0000,-0.0000,0.0000,-0.0000,0.0000,0.0000,0.0000,0.0000,0.0000,0.0000
3.5420,-0.00000,-0.00000,0.01019,1.000000,0.000000,0.000000,0.000000,0.0102,0.0000,0.0000,-0.0000,0.0000,-0.0000,0.0000,0.0000,0.0000,0.0000,0.0000,0.0000
3.5620,-0.00000,-0.00000,0.01019,1.000000,0.000000,0.000000,0.000000,0.0102,0.0000,-0.0000,-0.0000,0.0000,-0.0000,0.0000,0.0000,0.0000,0.0000,0.0000,0.0000
3.5820,-0.00000,-0.00000,0.01019,1.000000,0.000000,0.000000,0.000000,0.0102,0.0000,-0.0000,-0.0000,0.0000,-0.0000,0.0000,0.0000,0.0000,0.0000,0.0000,0.0000
3.6020,-0.00000,-0.00000,0.01019,1.000000,0.000000,0.000000,0.000000,0.0102,0.0000,-0.0000,-0.0000,0.0000,-0.0000,0.0000,0.0000,0.0000,0.0000,0.0000,0.0000
3.6220,-0.00000,-0.00000,0.01019,1.000000,0.000000,0.000000,0.000000,0.0102,0.0000,0.0000,-0.0000,0.0000,-0.0000,0.0000,0.0000,0.0000,0.0000,0.0000,0.0000
3.6420,-0.00000,-0.00000,0.01019,1.000000,0.000000,0.000000,0.000000,0.0102,0.0000,-0.0000,0.0000,0.0000,-0.0000,0.0000,0.0000,0.0000,0.0000,0.0000,0.0000
3.6620,-0.00000,-0.00000,0.01019,1.000000,0.000000,0.000000,0.000000,0.0102,0.0000,0.0000,-0.0000,0.0000,-0.0000,0.0000,0.0000,0.0000,0.0000,0.0000,0.0000
3.6820,-0.00000,-0.00000,0.01019,1.000000,0.000000,0.000000,0.000000,0.0102,0.0000,-0.0000,-0.0000,0.0000,-0.0000,0.0000,0.0000,0.0000,0.0000,0.0000,0.0000
3.7020,-0.00000,-0.00000,0.01019,1.000000,0.000000,0.000000,0.000000,0.0102,0.0000,0.0000,-0.0000,0.0000,-0.0000,0.0000,0.0000,0.0000,0.0000,0.0000,0.0000
3.7220,-0.00000,-0.00000,0.01019,1.000000,0.000000,0.000000,0.000000,0.0102,0.0000,0.0000,-0.0000,0.0000,-0.0000,0.0000,0.0000,0.0000,0.0000,0.0000,0.0000
3.7420,-0.00000,-0.00000,0.01019,1.000000,0.000000,0.000000,0.000000,0.0102,0.0000,-0.0000,0.0000,0.0000,-0.0000,0.0000,0.0000,0.0000,0.0000,0.0000,0.0000
3.7620,-0.00000,-0.00000,0.01019,1.000000,0.000000,0.000000,0.000000,0.0102,0.0000,0.0000,0.0000,0.0000,-0.0000,0.0000,0.0000,0.0000,0.0000,0.0000,0.0000
3.7820,-0.00000,-0.00000,0.01019,1.000000,0.000000,0.000000,0.000000,0.0102,0.0000,0.0000,0.0000,0.0000,-0.0000,0.0000,0.0000,0.0000,0.0000,0.0000,0.0000
3.8020,-0.00000,-0.00000,0.01019,1.000000,0.000000,0.000000,0.000000,0.0102,0.0000,0.0000,-0.0000,0.0000,-0.0000,0.0000,0.0000,0.0000,0.0000,0.0000,0.0000
3.8220,-0.00000,-0.00000,0.01019,1.000000,0.000000,0.000000,0.000000,0.0102,0.0000,0.0000,0.0000,0.0000,-0.0000,0.0000,0.0000,0.0000,0.0000,0.0000,0.0000
3.8420,-0.00000,-0.00000,0.01019,1.000000,0.000000,0.000000,0.000000,0.0102,0.0000,0.0000,0.0000,0.0000,-0.0000,0.0000,0.0000,0.0000,0.0000,0.0000,0.0000
3.8620,-0.00000,-0.00000,0.01019,1.000000,0.000000,0.000000,0.000000,0.0102,0.0000,0.0000,0.0000,0.0000,-0.0000,0.0000,0.0000,0.0000,0.0000,0.0000,0.0000
3.8820,-0.00000,-0.00000,0.01019,1.000000,0.000000,0.000000,0.000000,0.0102,0.0000,-0.0000,0.0000,0.0000,-0.0000,0.0000,0.0000,0.0000,0.0000,0.0000,0.0000
3.9020,-0.00000,-0.00000,0.01019,1.000000,0.000000,0.000000,0.000000,0.0102,0.0000,0.0000,0.0000,0.0000,-0.0000,0.0000,0.0000,0.0000,0.0000,0.0000,0.0000
3.9220,-0.00000,-0.00000,0.01019,1.000000,0.000000,0.000000,0.000000,0.0102,0.0000,0.0000,0.0000,0.0000,-0.0000,0.0000,0.0000,0.0000,0.0000,0.0000,0.0000
3.9420,-0.00000,-0.00000,0.01019,1.000000,0.000000,0.000000,0.000000,0.0102,0.0000,0.0000,-0.0000,0.0000,-0.0000,0.0000,0.0000,0.0000,0.0000,0.0000,0.0000
3.9620,-0.00000,-0.00000,0.01019,1.000000,0.000000,0.000000,0.000000,0.0102,0.0000,0.0000,0.0000,0.0000,-0.0000,0.0000,0.0000,0.0000,0.0000,0.0000,0.0000
3.9820,-0.00000,-0.00000,0.01019,1.000000,0.000000,0.000000,0.000000,0.0102,0.0000,0.0000,0.0000,0.0000,-0.0000,0.0000,0.0000,0.0000,0.0000,0.0000,0.0000
4.0020,-0.00000,-0.00000,0.01019,1.000000,0.000000,0.000000,0.000000,0.0102,0.0000,0.0000,0.0000,0.0000,-0.0000,0.0000,0.0000,0.0000,0.0000,0.0000,0.0000
4.0220,-0.00000,-0.00000,0.01019,1.000000,0.000000,0.000000,0.000000,0.0102,0.0000,0.0000,0.0000,0.0000,-0.0000,0.0000,0.0000,0.0000,0.0000,0.0000,0.0000
4.0420,-0.00000,-0.00000,0.01019,1.000000,0.000000,0.000000,0.000000,0.0102,0.0000,0.0000,0.0000,0.0000,-0.0000,0.0000,0.0000,0.0000,0.0000,0.0000,0.0000
4.0620,-0.00000,0.00000,0.01019,1.000000,0.000000,0.000000,0.000000,0.0102,0.0000,-0.0000,0.0000,0.0000,-0.0000,0.0000,0.0000,0.0000,0.0000,0.0000,0.0000
4.0820,-0.00000,0.00000,0.01019,1.000000,0.000000,0.000000,0.000000,0.0102,0.0000,0.0000,0.0000,0.0000,-0.0000,0.0000,0.0000,0.0000,0.0000,0.0000,0.0000
4.1020,-0.00000,-0.00000,0.01019,1.000000,0.000000,0.000000,0.000000,0.0102,0.0000,0.0000,-0.0000,0.0000,-0.0000,0.0000,0.0000,0.0000,0.0000,0.0000,0.0000
4.1220,-0.00000,0.00000,0.01019,1.000000,0.000000,0.000000,0.000000,0.0102,0.0000,0.0000,-0.0000,0.0000,-0.0000,0.0000,0.0000,0.0000,0.0000,0.0000,0.0000
4.1420,-0.00000,0.00000,0.01019,1.000000,0.000000,0.000000,0.000000,0.0102,0.0000,0.0000,0.0000,0.0000,-0.0000,0.0000,0.0000,0.0000,0.0000,0.0000,0.0000
4.1620,-0.00000,0.00000,0.01019,1.000000,0.000000,0.000000,0.000000,0.0102,0.0000,0.0000,-0.0000,0.0000,-0.0000,0.0000,0.0000,0.0000,0.0000,0.0000,0.0000
4.1820,-0.00000,0.00000,0.01019,1.000000,0.000000,0.000000,0.000000,0.0102,0.0000,0.0000,-0.0000,0.0000,-0.0000,0.0000,0.0000,0.0000,0.0000,0.0000,0.0000
4.2020,-0.00000,0.00000,0.01019,1.000000,0.000000,0.000000,0.000000,0.0102,0.0000,-0.0000,0.0000,0.0000,-0.0000,0.0000,0.0000,0.0000,0.0000,0.0000,0.0000
4.2220,-0.00000,0.00000,0.01019,1.000000,0.000000,0.000000,0.000000,0.0102,0.0000,0.0000,0.0000,0.0000,-0.0000,0.0000,0.0000,0.0000,0.0000,0.0000,0.0000
4.2420,-0.00000,0.00000,0.01019,1.000000,0.000000,0.000000,0.000000,0.0102,0.0000,0.0000,-0.0000,0.0000,-0.0000,0.0000,0.0000,0.0000,0.0000,0.0000,0.0000
4.2620,-0.00000,0.00000,0.01019,1.000000,0.000000,0.000000,0.000000,0.0102,0.0000,-0.0000,0.0000,0.0000,-0.0000,0.0000,0.0000,0.0000,0.0000,0.0000,0.0000
4.2820,-0.00000,-0.00000,0.01019,1.000000,0.000000,0.000000,0.000000,0.0102,0.0000,0.0000,0.0000,0.0000,-0.0000,0.0000,0.0000,0.0000,0.0000,0.0000,0.0000
4.3020,-0.00000,-0.00000,0.01019,1.000000,0.000000,0.000000,0.000000,0.0102,0.0000,0.0000,-0.0000,0.0000,-0.0000,0.0000,0.0000,0.0000,0.0000,0.0000,0.0000
4.3220,-0.00000,-0.00000,0.01019,1.000000,0.000000,0.000000,0.000000,0.0102,0.0000,-0.0000,0.0000,0.0000,-0.0000,0.0000,0.0000,0.0000,0.0000,0.0000,0.0000
4.3420,-0.00000,-0.00000,0.01019,1.000000,0.000000,0.000000,0.000000,0.0102,0.0000,-0.0000,-0.0000,0.0000,-0.0000,0.0000,0.0000,0.0000,0.0000,0.0000,0.0000
4.3620,-0.00000,-0.00000,0.01019,1.000000,0.000000,0.000000,0.000000,0.0102,0.0000,-0.0000,0.0000,0.0000,-0.0000,0.0000,0.0000,0.0000,0.0000,0.0000,0.0000
4.3820,-0.00000,-0.00000,0.01019,1.000000,0.000000,0.000000,0.000000,0.0102,0.0000,-0.0000,0.0000,0.0000,-0.0000,0.0000,0.0000,0.0000,0.0000,0.0000,0.0000
4.4020,-0.00000,-0.00000,0.01019,1.000000,0.000000,0.000000,0.000000,0.0102,0.0000,0.0000,0.0000,0.0000,-0.0000,0.0000,0.0000,0.0000,0.0000,0.0000,0.0000
4.4220,-0.00000,-0.00000,0.01019,1.000000,0.000000,0.000000,0.000000,0.0102,0.0000,0.0000,-0.0000,0.0000,-0.0000,0.0000,0.0000,0.0000,0.0000,0.0000,0.0000
4.4420,-0.00000,-0.00000,0.01019,1.000000,0.000000,0.000000,0.000000,0.0102,0.0000,0.0000,-0.0000,0.0000,-0.0000,0.0000,0.0000,0.0000,0.0000,0.0000,0.0000
4.4620,-0.00000,-0.00000,0.01019,1.000000,0.000000,0.000000,0.000000,0.0102,0.0000,-0.0000,-0.0000,0.0000,-0.0000,0.0000,0.0000,0.0000,0.0000,0.0000,0.0000
4.4820,-0.00000,0.00000,0.01019,1.000000,0.000000,0.000000,0.000000,0.0102,0.0000,-0.0000,-0.0000,0.0000,-0.0000,0.0000,0.0000,0.0000,0.0000,0.0000,0.0000
4.5020,-0.00000,0.00000,0.01019,1.000000,0.000000,0.000000,0.000000,0.0102,0.0000,-0.0000,0.0000,0.0000,-0.0000,0.0000,0.0000,0.0000,0.0000,0.0000,0.0000
4.5220,-0.00000,0.00000,0.01019,1.000000,0.000000,0.000000,0.000000,0.0102,0.0000,0.0000,0.0000,0.0000,-0.0000,0.0000,0.0000,0.7176,0.7176,0.7176,0.7176
4.5420,-0.00000,0.00000,0.01021,1.000000,0.000000,0.000000,0.000000,0.0102,0.0000,-0.0000,-0.0000,0.0000,-0.0000,0.0000,0.0000,0.7176,0.7176,0.7176,0.7176
4.5620,-0.00000,0.00000,0.01024,1.000000,0.000000,0.000000,0.000000,0.0102,0.0000,-0.0000,-0.0000,0.0000,-0.0000,0.0000,0.0000,0.7176,0.7176,0.7176,0.7176
4.5820,-0.00000,-0.00000,0.01027,1.000000,0.000000,0.000000,0.000000,0.0103,0.0000,0.0000,-0.0000,0.0000,-0.0000,0.0000,0.0000,0.7176,0.7176,0.7176,0.7176
4.6020,-0.00000,-0.00000,0.01042,1.000000,0.000000,0.000000,0.000000,0.0104,0.0000,-0.0000,-0.0000,0.0000,-0.0000,0.0000,0.0000,0.7176,0.7176,0.7176,0.7176
4.6220,-0.00000,-0.00000,0.01083,1.000000,0.000000,0.000000,0.000000,0.0108,0.0000,-0.0000,-0.0000,0.0000,-0.0000,0.0000,0.0000,0.7176,0.7176,0.7176,0.7176
4.6420,-0.00000,-0.00000,0.01154,1.000000,0.000000,0.000000,0.000000,0.0115,0.0000,0.0000,-0.0000,0.0000,-0.0000,0.0000,0.0000,0.7176,0.7176,0.7176,0.7176
4.6620,-0.00000,-0.00000,0.01259,1.000000,0.000000,0.000000,0.000000,0.0126,0.0000,-0.0000,-0.0000,0.0000,-0.0000,0.0000,0.0000,0.7176,0.7176,0.7176,0.7176
4.6820,-0.00000,-0.00000,0.01398,1.000000,0.000000,0.000000,0.000000,0.0140,0.0000,0.0000,-0.0000,0.0000,-0.0000,0.0000,0.0000,0.7176,0.7176,0.7176,0.7176
4.7020,-0.00000,-0.00000,0.01571,1.000000,0.000000,0.000000,0.000000,0.0157,0.0000,-0.0000,-0.0000,0.0000,-0.0000,0.0000,0.0000,0.7176,0.7176,0.7176,0.7176
4.7220,-0.00000,-0.00000,0.01778,1.000000,0.000000,0.000000,0.000000,0.0178,0.0000,0.0000,-0.0000,0.0000,-0.0000,0.0000,0.0000,0.7176,0.7176,0.7176,0.7176
4.7420,-0.00000,-0.00000,0.02020,1.000000,0.000000,0.000000,0.000000,0.0202,0.0000,-0.0000,-0.0000,0.0000,-0.0000,0.0000,0.0000,0.7176,0.7176,0.7176,0.7176
4.7620,-0.00000,-0.00000,0.02296,1.000000,0.000000,0.000000,0.000000,0.0229,0.0000,-0.0000,-0.0000,0.0000,-0.0000,0.0000,0.0000,0.7176,0.7176,0.7176,0.7176
4.7820,-0.00000,-0.00000,0.02606,1.000000,0.000000,0.000000,0.000000,0.0260,0.0000,0.0000,-0.0000,0.0000,-0.0000,0.0000,0.0000,0.7176,0.7176,0.7176,0.7176
4.8020,-0.00000,-0.00000,0.02951,1.000000,0.000000,0.000000,0.000000,0.0295,0.0000,0.0000,-0.0000,0.0000,-0.0000,0.0000,0.0000,0.7176,0.7176,0.7176,0.7176
4.8220,-0.00000,-0.00000,0.03330,1.000000,0.000000,0.000000,0.000000,0.0332,0.0000,-0.0000,-0.0000,0.0000,-0.0000,0.0000,0.0000,0.7176,0.7176,0.7176,0.7176
4.8420,-0.00000,-0.00000,0.03743,1.000000,0.000000,0.000000,0.000000,0.0374,0.0000,-0.0000,-0.0000,0.0000,-0.0000,0.0000,0.0000,0.7176,0.7176,0.7176,0.7176
4.8620,-0.00000,-0.00000,0.04191,1.000000,0.000000,0.000000,0.000000,0.0419,0.0000,-0.0000,-0.0000,0.0000,-0.0000,0.0000,0.0000,0.7176,0.7176,0.7176,0.7176
4.8820,0.00000,-0.00000,0.04674,1.000000,0.000000,0.000000,0.000000,0.0467,0.0000,-0.0000,-0.0000,0.0000,-0.0000,0.0000,0.0000,0.7176,0.7176,0.7176,0.7176
4.9020,0.00000,-0.00000,0.05190,1.000000,-0.000000,0.000000,0.000000,0.0518,-0.0000,-0.0000,-0.0000,0.0000,-0.0000,0.0000,0.0000,0.7176,0.7176,0.7176,0.7176
4.9220,0.00000,-0.00000,0.05737,1.000000,-0.000000,0.000000,0.000000,0.0573,-0.0000,-0.0000,-0.0000,0.0000,-0.0000,0.0000,0.0000,0.6745,0.6745,0.6745,0.6745
4.9420,0.00000,-0.00000,0.06296,1.000000,-0.000000,0.000000,0.000000,0.0629,-0.0000,-0.0000,-0.0000,0.0000,-0.0000,0.0000,0.0000,0.6745,0.6745,0.6745,0.6745
4.9620,0.00000,-0.00000,0.06859,1.000000,-0.000000,0.000000,0.000000,0.0685,-0.0000,-0.0000,-0.0000,0.0000,-0.0000,0.0000,0.0000,0.6745,0.6745,0.6745,0.6745
4.9820,0.00000,-0.00000,0.07422,1.000000,-0.000000,0.000000,0.000000,0.0742,-0.0000,-0.0000,-0.0000,0.0000,-0.0000,0.0000,0.0000,0.6745,0.6745,0.6745,0.6745
5.0020,0.00000,-0.00000,0.07985,1.000000,-0.000000,0.000000,0.000000,0.0798,-0.0000,-0.0000,-0.0000,0.0000,-0.0000,0.0000,0.0000,0.6745,0.6745,0.6745,0.6745
5.0220,0.00000,-0.00000,0.08547,1.000000,-0.000000,0.000000,0.000000,0.0854,-0.0000,-0.0000,-0.0000,0.0000,-0.0000,0.0000,0.0000,0.6745,0.6745,0.6745,0.6745
5.0420,0.00000,-0.00000,0.09107,1.000000,-0.000000,0.000000,0.000000,0.0910,-0.0000,-0.0000,-0.0000,0.0000,-0.0000,0.0000,0.0000,0.6745,0.6745,0.6745,0.6745
5.0620,0.00000,-0.00000,0.09666,1.000000,-0.000000,0.000000,0.000000,0.0966,-0.0000,-0.0000,-0.0000,0.0000,-0.0000,0.0000,0.0000,0.6745,0.6745,0.6745,0.6745
5.0820,0.00000,-0.00000,0.10223,1.000000,-0.000000,0.000000,0.000000,0.1022,-0.0000,-0.0000,-0.0000,0.0000,-0.0000,0.0000,0.0000,0.6745,0.6745,0.6745,0.6745
5.1020,0.00000,-0.00000,0.10779,1.000000,-0.000000,0.000000,0.000000,0.1077,-0.0000,-0.0000,-0.0000,0.0000,-0.0000,0.0000,0.0000,0.6745,0.6745,0.6745,0.6745
5.1220,0.00000,-0.00000,0.11333,1.000000,-0.000000,0.000000,0.000000,0.1133,-0.0000,-0.0000,-0.0000,0.0000,-0.0000,0.0000,0.0000,0.6745,0.6745,0.6745,0.6745
5.1420,0.00000,0.00000,0.11886,1.000000,-0.000000,0.000000,0.000000,0.1188,-0.0000,-0.0000,-0.0000,0.0000,-0.0000,0.0000,0.0000,0.6745,0.6745,0.6745,0.6745
5.1620,0.00000,0.00000,0.12437,1.000000,-0.000000,0.000000,0.000000,0.1243,-0.0000,-0.0000,-0.0000,0.0000,-0.0000,0.0000,0.0000,0.6745,0.6745,0.6745,0.6745
5.1820,0.00000,0.00000,0.12987,1.000000,-0.000000,0.000000,0.000000,0.1298,-0.0000,-0.0000,-0.0000,0.0000,-0.0000,0.0000,0.0000,0.6745,0.6745,0.6745,0.6745
5.2020,0.00000,0.00000,0.13536,1.000000,-0.000000,0.000000,0.000000,0.1353,-0.0000,-0.0000,-0.0000,0.0000,-0.0000,0.0000,0.0000,0.6745,0.6745,0.6745,0.6745
5.2220,0.00000,0.00000,0.14083,1.000000,-0.000000,0.000000,0.000000,0.1408,-0.0000,-0.0000,-0.0000,0.0000,-0.0000,0.0000,0.0000,0.6745,0.6745,0.6745,0.6745
5.2420,0.00000,0.00000,0.14628,1.000000,-0.000000,0.000000,0.000000,0.1462,-0.0000,-0.0000,-0.0000,0.0000,-0.0000,0.0000,0.0000,0.6745,0.6745,0.6745,0.6745
5.2620,0.00000,0.00000,0.15172,1.000000,-0.000000,0.000000,0.000000,0.1517,-0.0000,-0.0000,-0.0000,0.0000,-0.0000,0.0000,0.0000,0.6745,0.6745,0.6745,0.6745
5.2820,0.00000,0.00000,0.15714,1.000000,-0.000000,0.000000,0.000000,0.1571,-0.0000,-0.0000,-0.0000,0.0000,-0.0000,0.0000,0.0000,0.6745,0.6745,0.6745,0.6745
5.3020,0.00000,0.00000,0.16255,1.000000,-0.000000,0.000000,0.000000,0.1625,-0.0000,-0.0000,-0.0000,0.0000,-0.0000,0.0000,0.0000,0.6745,0.6745,0.6745,0.6745
5.3220,0.00000,0.00000,0.16795,1.000000,-0.000000,0.000000,0.000000,0.1679,-0.0000,-0.0000,-0.0000,0.0000,-0.0000,0.0000,0.0000,0.6745,0.6745,0.6745,0.6745
5.3420,0.00000,0.00000,0.17333,1.000000,-0.000000,0.000000,0.000000,0.1733,-0.0000,-0.0000,-0.0000,0.0000,-0.0000,0.0000,0.0000,0.6745,0.6745,0.6745,0.6745
5.3620,0.00000,0.00000,0.17869,1.000000,-0.000000,0.000000,0.000000,0.1786,-0.0000,-0.0000,-0.0000,0.0000,-0.0000,0.0000,0.0000,0.6745,0.6745,0.6745,0.6745
5.3820,0.00000,0.00000,0.18404,1.000000,-0.000000,0.000000,0.000000,0.1840,-0.0000,-0.0000,-0.0000,0.0000,-0.0000,0.0000,0.0000,0.6745,0.6745,0.6745,0.6745
5.4020,0.00000,0.00000,0.18938,1.000000,-0.000000,0.000000,0.000000,0.1893,-0.0000,-0.0000,-0.0000,0.0000,-0.0000,0.0000,0.0000,0.6745,0.6745,0.6745,0.6745
5.4220,0.00000,0.00000,0.19470,1.000000,-0.000000,0.000000,0.000000,0.1946,-0.0000,-0.0000,-0.0000,0.0000,-0.0000,0.0000,0.0000,0.6745,0.6745,0.6745,0.6745
5.4420,0.00000,0.00000,0.20000,1.000000,-0.000000,0.000000,0.000000,0.1999,-0.0000,-0.0000,-0.0000,0.0000,-0.0000,0.0000,0.0000,0.6745,0.6745,0.6745,0.6745
5.4620,0.00000,0.00000,0.20529,1.000000,-0.000000,0.000000,0.000000,0.2052,-0.0000,-0.0000,-0.0000,0.0000,-0.0000,0.0000,0.0000,0.6745,0.6745,0.6745,0.6745
5.4820,0.00000,0.00000,0.21057,1.000000,-0.000000,0.000000,0.000000,0.2105,-0.0000,-0.0000,-0.0000,0.0000,-0.0000,0.0000,0.0000,0.6745,0.6745,0.6745,0.6745
5.5020,0.00000,0.00000,0.21583,1.000000,-0.000000,0.000000,0.000000,0.2158,-0.0000,-0.0000,-0.0000,0.0000,-0.0000,0.0000,0.0000,0.6745,0.6745,0.6745,0.6745
5.5220,0.00000,0.00000,0.22107,1.000000,-0.000000,0.000000,0.000000,0.2210,-0.0000,-0.0000,-0.0000,0.0000,0.0000,0.0000,0.0000,0.6745,0.6745,0.6745,0.6745
5.5420,0.00000,0.00000,0.22630,1.000000,-0.000000,0.000000,0.000000,0.2262,-0.0000,-0.0000,-0.0000,0.0000,0.1684,0.0000,0.0000,0.6745,0.6745,0.6745,0.6745
5.5620,0.00000,0.00000,0.23152,1.000000,-0.000000,0.000000,0.000000,0.2315,-0.0000,-0.0000,-0.0000,0.0000,0.1685,0.0000,0.0000,0.6745,0.6745,0.6745,0.6745
5.5820,0.00000,0.00000,0.23672,1.000000,-0.000000,0.000000,0.000000,0.2367,-0.0000,-0.0000,-0.0000,0.0000,0.1774,0.0000,0.0000,0.6745,0.6745,0.6745,0.6745
5.6020,0.00000,0.00000,0.24191,1.000000,-0.000000,0.000000,0.000000,0.2418,-0.0000,-0.0000,-0.0000,0.0000,0.1782,0.0000,0.0000,0.6745,0.6745,0.6745,0.6745
5.6220,0.00000,0.00000,0.24708,1.000000,-0.000000,0.000000,0.000000,0.2470,-0.0000,-0.0000,-0.0000,0.0000,0.1916,0.0000,0.0000,0.6745,0.6745,0.6745,0.6745
5.6420,0.00000,0.00000,0.25223,1.000000,-0.000000,0.000000,0.000000,0.2522,-0.0000,-0.0000,-0.0000,0.0000,0.2060,0.0000,0.0000,0.6745,0.6745,0.6745,0.6745
5.6620,0.00000,0.00000,0.25737,1.000000,-0.000000,0.000000,0.000000,0.2573,-0.0000,-0.0000,-0.0000,0.0000,0.2110,0.0000,0.0000,0.6745,0.6745,0.6745,0.6745
5.6820,0.00000,0.00000,0.26250,1.000000,-0.000000,0.000000,0.000000,0.2624,-0.0000,-0.0000,-0.0000,0.0000,0.2248,0.0000,0.0000,0.6745,0.6745,0.6745,0.6745
5.7020,0.00000,0.00000,0.26761,1.000000,-0.000000,0.000000,0.000000,0.2675,-0.0000,-0.0000,-0.0000,0.0000,0.2356,0.0000,0.0000,0.6745,0.6745,0.6745,0.6745
5.7220,0.00000,0.00000,0.27271,1.000000,-0.000000,0.000000,0.000000,0.2726,-0.0000,-0.0000,-0.0000,0.0000,0.2429,0.0000,0.0000,0.6745,0.6745,0.6745,0.6745
5.7420,0.00000,0.00000,0.27779,1.000000,-0.000000,0.000000,0.000000,0.2777,-0.0000,-0.0000,-0.0000,0.0000,0.2510,0.0000,0.0000,0.6745,0.6745,0.6745,0.6745
5.7620,0.00000,0.00000,0.28286,1.000000,-0.000000,0.000000,0.000000,0.2828,-0.0000,-0.0000,-0.0000,0.0000,0.2585,0.0000,0.0000,0.6745,0.6745,0.6745,0.6745
5.7820,0.00000,0.00000,0.28791,1.000000,-0.000000,0.000000,0.000000,0.2878,-0.0000,-0.0000,-0.0000,0.0000,0.2642,0.0000,0.0000,0.6745,0.6745,0.6745,0.6745
5.8020,0.00000,0.00000,0.29295,1.000000,-0.000000,0.000000,0.000000,0.2929,-0.0000,-0.0000,-0.0000,0.0000,0.2684,0.0000,0.0000,0.6745,0.6745,0.6745,0.6745
5.8220,0.00000,0.00000,0.29797,1.000000,-0.000000,0.000000,0.000000,0.2979,-0.0000,-0.0000,-0.0000,0.0000,0.2751,0.0000,0.0000,0.6745,0.6745,0.6745,0.6745
5.8420,0.00000,0.00000,0.30298,1.000000,-0.000000,0.000000,0.000000,0.3029,-0.0000,-0.0000,-0.0000,0.0000,0.2776,0.0000,0.0000,0.6745,0.6745,0.6745,0.6745
5.8620,0.00000,0.00000,0.30797,1.000000,-0.000000,0.000000,0.000000,0.3079,-0.0000,-0.0000,-0.0000,0.0000,0.2837,0.0000,0.0000,0.6745,0.6745,0.6745,0.6745
5.8820,0.00000,0.00000,0.31295,1.000000,-0.000000,0.000000,0.000000,0.3129,-0.0000,-0.0000,-0.0000,0.0000,0.2848,0.0000,0.0000,0.6745,0.6745,0.6745,0.6745
5.9020,0.00000,0.00000,0.31791,1.000000,-0.000000,0.000000,0.000000,0.3178,-0.0000,-0.0000,-0.0000,0.0000,0.2865,0.0000,0.0000,0.6745,0.6745,0.6745,0.6745
5.9220,0.00000,-0.00000,0.32285,1.000000,0.000870,0.000000,-0.000000,0.3228,0.0975,0.0000,0.0000,0.0000,0.2912,0.0910,0.0000,0.6745,0.6745,0.6745,0.6745
5.9420,0.00000,-0.00001,0.32779,0.999996,0.002741,0.000000,-0.000000,0.3277,0.3111,-0.0000,0.0000,0.0000,0.2916,0.2988,0.0000,0.6745,0.6745,0.6745,0.6745
5.9620,0.00000,-0.00004,0.33270,0.999988,0.004912,0.000000,-0.000000,0.3326,0.5596,-0.0000,0.0000,0.0000,0.2956,0.5291,0.0000,0.6745,0.6745,0.6745,0.6745
5.9820,0.00000,-0.00011,0.33760,0.999974,0.007171,0.000000,-0.000000,0.3375,0.8184,-0.0000,0.0000,0.0000,0.2964,0.7623,0.0000,0.6745,0.6745,0.6745,0.6745
6.0020,0.00000,-0.00023,0.34249,0.999955,0.009456,0.000000,-0.000000,0.3424,1.0803,0.0000,0.0000,0.0000,0.2980,0.9914,0.0000,0.6745,0.6745,0.6745,0.6745
6.0220,0.00000,-0.00043,0.34736,0.999931,0.011749,0.000000,-0.000000,0.3473,1.3431,-0.0000,0.0000,0.0000,0.3012,1.2144,0.0000,0.6745,0.6745,0.6745,0.6745
6.0420,0.00000,-0.00072,0.35221,0.999901,0.014044,0.000000,-0.000000,0.3522,1.6061,0.0000,0.0000,0.0000,0.3032,1.4309,0.0000,0.6745,0.6745,0.6745,0.6745
6.0620,0.00000,-0.00112,0.35705,0.999866,0.016341,0.000000,-0.000000,0.3570,1.8693,-0.0000,0.0000,0.0000,0.3062,1.6400,0.0000,0.6745,0.6745,0.6745,0.6745
6.0820,0.00000,-0.00165,0.36187,0.999826,0.018637,0.000000,-0.000000,0.3618,2.1325,-0.0000,0.0000,0.0000,0.3085,1.8416,0.0000,0.6745,0.6745,0.6745,0.6745
6.1020,0.00000,-0.00232,0.36667,0.999781,0.020935,0.000000,-0.000000,0.3666,2.3959,0.0000,0.0000,0.0000,0.3115,2.0357,0.0000,0.6745,0.6745,0.6745,0.6745
6.1220,0.00000,-0.00316,0.37146,0.999730,0.023233,0.000000,-0.000000,0.3714,2.6593,-0.0000,0.0000,0.0000,0.3144,2.2225,0.0000,0.6745,0.6745,0.6745,0.6745
6.1420,0.00000,-0.00417,0.37622,0.999674,0.025532,0.000000,-0.000000,0.3762,2.9228,0.0000,0.0000,0.0000,0.3180,2.4020,0.0000,0.6745,0.6745,0.6745,0.6745
6.1620,0.00000,-0.00539,0.38097,0.999613,0.027832,0.000000,-0.000000,0.3809,3.1864,0.0000,0.0000,0.0000,0.3210,2.5842,0.0000,0.6745,0.6745,0.6745,0.6745
6.1820,0.00000,-0.00683,0.38569,0.999546,0.030132,0.000000,-0.000000,0.3856,3.4501,0.0000,0.0000,0.0000,0.3255,2.8039,0.0000,0.6745,0.6745,0.6745,0.6745
6.2020,0.00000,-0.00850,0.39039,0.999474,0.032433,0.000000,-0.000000,0.3903,3.7139,0.0000,0.0000,0.0000,0.3307,3.0448,0.0000,0.6745,0.6745,0.6745,0.6745
6.2220,0.00000,-0.01042,0.39507,0.999397,0.034734,0.000000,-0.000000,0.3950,3.9777,0.0000,0.0000,0.0000,0.3343,3.2907,0.0000,0.6745,0.6745,0.6745,0.6745
6.2420,0.00000,-0.01262,0.39973,0.999314,0.037036,0.000000,-0.000000,0.3997,4.2417,0.0000,0.0000,0.0000,0.3405,3.5301,0.0000,0.6745,0.6745,0.6745,0.6745
6.2620,0.00000,-0.01510,0.40435,0.999226,0.039339,0.000000,-0.000000,0.4043,4.5057,0.0000,0.0000,0.0000,0.3445,3.7575,0.0000,0.6745,0.6745,0.6745,0.6745
6.2820,0.00000,-0.01790,0.40896,0.999133,0.041642,0.000000,-0.000000,0.4089,4.7699,-0.0000,0.0000,0.0000,0.3516,3.9680,0.0000,0.6745,0.6745,0.6745,0.6745
6.3020,0.00000,-0.02101,0.41353,0.999034,0.043946,0.000000,-0.000000,0.4135,5.0341,0.0000,0.0000,0.0000,0.3598,4.1599,0.0000,0.6745,0.6745,0.6745,0.6745
6.3220,0.00000,-0.02447,0.41807,0.998930,0.046250,0.000000,-0.000000,0.4180,5.2984,0.0000,0.0000,0.0000,0.3649,4.3701,0.0000,0.6745,0.6745,0.6745,0.6745
6.3420,0.00000,-0.02830,0.42258,0.998821,0.048555,0.000000,-0.000000,0.4225,5.5629,-0.0000,0.0000,0.0000,0.3744,4.6062,0.0000,0.6745,0.6745,0.6745,0.6745
6.3620,0.00000,-0.03250,0.42706,0.998706,0.050860,0.000000,-0.000000,0.4270,5.8274,-0.0000,0.0000,0.0000,0.3853,4.8482,0.0000,0.6745,0.6745,0.6745,0.6745
6.3820,0.00000,-0.03710,0.43151,0.998586,0.053166,0.000000,-0.000000,0.4315,6.0919,-0.0000,0.0000,0.0000,0.3920,5.0844,0.0000,0.6745,0.6745,0.6745,0.6745
6.4020,0.00000,-0.04211,0.43591,0.998460,0.055472,0.000000,-0.000000,0.4359,6.3566,-0.0000,0.0000,0.0000,0.4026,5.3047,0.0000,0.6745,0.6745,0.6745,0.6745
6.4220,0.00000,-0.04755,0.44028,0.998378,0.056935,0.000000,-0.000000,0.4402,6.5267,0.0000,0.0000,0.0000,0.4099,5.4282,0.0000,0.6745,0.6745,0.6745,0.6745
6.4420,0.00000,-0.05344,0.44460,0.998348,0.057456,0.000000,-0.000000,0.4445,6.5872,-0.0000,0.0000,0.0000,0.4190,5.4497,0.0000,0.6745,0.6745,0.6745,0.6745
6.4620,0.00000,-0.05978,0.44889,0.998334,0.057698,0.000000,-0.000000,0.4488,6.6151,0.0000,0.0000,0.0000,0.4263,5.4774,0.0000,0.6745,0.6745,0.6745,0.6745
6.4820,0.00000,-0.06657,0.45313,0.998325,0.057856,0.000000,-0.000000,0.4531,6.6334,-0.0000,0.0000,0.0000,0.4338,5.5102,0.0000,0.6745,0.6745,0.6745,0.6745
6.5020,0.00000,-0.07381,0.45733,0.998317,0.057991,0.000000,-0.000000,0.4573,6.6488,-0.0000,0.0000,0.0000,0.4395,5.5363,0.0000,0.6745,0.6745,0.6745,0.6745
6.5220,0.00000,-0.08150,0.46149,0.998310,0.058117,0.000000,-0.000000,0.4614,6.6633,0.0000,0.0000,0.0000,0.4467,5.5462,0.0000,0.6745,0.6745,0.6745,0.6745
6.5420,0.00000,-0.08965,0.46561,0.998302,0.058242,0.000000,-0.000000,0.4656,6.6776,-0.0000,0.0000,0.0000,0.4510,5.5802,0.0000,0.6745,0.6745,0.6745,0.6745
6.5620,0.00000,-0.09825,0.46968,0.998295,0.058366,0.000000,-0.000000,0.4696,6.6918,0.0000,0.0000,0.0000,0.4543,5.6446,0.0000,0.6745,0.6745,0.6745,0.6745
6.5820,0.00000,-0.10730,0.47372,0.998288,0.058489,0.000000,-0.000000,0.4737,6.7060,-0.0000,0.0000,0.0000,0.4605,5.7110,0.0000,0.6745,0.6745,0.6745,0.6745
6.6020,0.00000,-0.11682,0.47771,0.998281,0.058611,0.000000,-0.000000,0.4777,6.7200,-0.0000,0.0000,0.0000,0.4622,5.7647,0.0000,0.6745,0.6745,0.6745,0.6745
6.6220,0.00000,-0.12678,0.48166,0.998274,0.058732,0.000000,-0.000000,0.4816,6.7339,0.0000,0.0000,0.0000,0.4676,5.7917,0.0000,0.6745,0.6745,0.6745,0.6745
6.6420,0.00000,-0.13721,0.48557,0.998267,0.058853,0.000000,-0.000000,0.4855,6.7478,0.0000,0.0000,0.0000,0.4684,5.8041,0.0000,0.6745,0.6745,0.6745,0.6745
6.6620,0.00000,-0.14810,0.48944,0.998260,0.058973,0.000000,-0.000000,0.4894,6.7615,0.0000,0.0000,0.0000,0.4696,5.8496,0.0000,0.6745,0.6745,0.6745,0.6745
6.6820,0.00000,-0.15945,0.49326,0.998253,0.059092,0.000000,-0.000000,0.4932,6.7752,0.0000,0.0000,0.0000,0.4737,5.9045,0.0000,0.6745,0.6745,0.6745,0.6745
6.7020,0.00000,-0.17126,0.49705,0.998246,0.059210,0.000000,-0.000000,0.4970,6.7888,-0.0000,0.0000,0.0000,0.4744,5.9512,0.0000,0.6745,0.6745,0.6745,0.6745
6.7220,0.00000,-0.18353,0.50079,0.998239,0.059328,0.000000,-0.000000,0.5007,6.8023,-0.0000,0.0000,0.0000,0.4779,5.9748,0.0000,0.6745,0.6745,0.6745,0.6745
6.7420,0.00000,-0.19626,0.50449,0.998232,0.059445,0.000000,-0.000000,0.5044,6.8157,0.0000,0.0000,0.0000,0.4785,5.9707,0.0000,0.6745,0.6745,0.6745,0.6745
6.7620,0.00000,-0.20946,0.50814,0.998225,0.059561,0.000000,-0.000000,0.5081,6.8290,0.0000,0.0000,0.0000,0.4794,5.9832,0.0000,0.6745,0.6745,0.6745,0.6745
6.7820,0.00000,-0.22312,0.51175,0.998218,0.059676,0.000000,-0.000000,0.5117,6.8422,0.0000,0.0000,0.0000,0.4821,6.0218,0.0000,0.6745,0.6745,0.6745,0.6745
6.8020,0.00000,-0.23725,0.51533,0.998211,0.059790,0.000000,-0.000000,0.5153,6.8554,-0.0000,0.0000,0.0000,0.4833,6.0623,0.0000,0.6745,0.6745,0.6745,0.6745
6.8220,0.00000,-0.25185,0.51885,0.998204,0.059904,0.000000,-0.000000,0.5188,6.8684,-0.0000,0.0000,0.0000,0.4857,6.0875,0.0000,0.6745,0.6745,0.6745,0.6745
6.8420,0.00000,-0.26691,0.52234,0.998197,0.060017,0.000000,-0.000000,0.5223,6.8814,-0.0000,0.0000,0.0000,0.4868,6.0890,0.0000,0.6745,0.6745,0.6745,0.6745
6.8620,0.00000,-0.28244,0.52578,0.998191,0.060129,0.000000,-0.000000,0.5257,6.8943,-0.0000,0.0000,0.0000,0.4886,6.0625,0.0000,0.6745,0.6745,0.6745,0.6745
6.8820,0.00000,-0.29844,0.52918,0.998184,0.060241,0.000000,-0.000000,0.5291,6.9071,0.0000,0.0000,0.0000,0.4906,6.0219,0.0000,0.6745,0.6745,0.6745,0.6745
6.9020,0.00000,-0.31491,0.53253,0.998177,0.060351,0.000000,-0.000000,0.5325,6.9198,-0.0000,0.0000,0.0000,0.4928,6.0213,0.0000,0.6745,0.6745,0.6745,0.6745
6.9220,0.00000,-0.33185,0.53584,0.998171,0.060461,0.000000,-0.000000,0.5358,6.9324,-0.0000,0.0000,0.0000,0.4949,6.0401,0.0000,0.6745,0.6745,0.6745,0.6745
6.9420,0.00000,-0.34926,0.53911,0.998164,0.060570,0.000000,-0.000000,0.5391,6.9449,-0.0000,0.0000,0.0000,0.4971,6.0575,0.0000,0.6745,0.6745,0.6745,0.6745
6.9620,0.00000,-0.36715,0.54234,0.998157,0.060678,0.000000,-0.000000,0.5423,6.9574,-0.0000,0.0000,0.0000,0.4996,6.0608,0.0000,0.6745,0.6745,0.6745,0.6745
6.9820,0.00000,-0.38551,0.54552,0.998151,0.060786,0.000000,-0.000000,0.5455,6.9697,0.0000,0.0000,0.0000,0.5017,6.0436,0.0000,0.6745,0.6745,0.6745,0.6745
7.0020,0.00000,-0.40434,0.54865,0.998144,0.060893,0.000000,-0.000000,0.5486,6.9820,-0.0000,0.0000,0.0000,0.5048,6.0033,0.0000,0.6745,0.6745,0.6745,0.6745
7.0220,0.00000,-0.42365,0.55175,0.998138,0.060999,0.000000,-0.000000,0.5517,6.9941,0.0000,0.0000,0.0000,0.5077,5.9897,0.0000,0.6745,0.6745,0.6745,0.6745
7.0420,0.00000,-0.44344,0.55480,0.998131,0.061104,0.000000,-0.000000,0.5548,7.0062,0.0000,0.0000,0.0000,0.5101,6.0148,0.0000,0.6745,0.6745,0.6745,0.6745
7.0620,0.00000,-0.46370,0.55780,0.998125,0.061209,0.000000,-0.000000,0.5578,7.0182,-0.0000,0.0000,0.0000,0.5134,6.0509,0.0000,0.6745,0.6745,0.6745,0.6745
7.0820,0.00000,-0.48444,0.56076,0.998119,0.061312,0.000000,-0.000000,0.5607,7.0301,-0.0000,0.0000,0.0000,0.5158,6.0810,0.0000,0.6745,0.6745,0.6745,0.6745
7.1020,0.00000,-0.50566,0.56368,0.998112,0.061415,0.000000,-0.000000,0.5636,7.0419,0.0000,0.0000,0.0000,0.5197,6.0942,0.0000,0.6745,0.6745,0.6745,0.6745
7.1220,0.00000,-0.52735,0.56655,0.998106,0.061517,0.000000,-0.000000,0.5665,7.0537,0.0000,0.0000,0.0000,0.5233,6.0858,0.0000,0.6745,0.6745,0.6745,0.6745
7.1420,0.00000,-0.54953,0.56938,0.998100,0.061619,0.000000,-0.000000,0.5693,7.0653,0.0000,0.0000,0.0000,0.5261,6.0701,0.0000,0.6745,0.6745,0.6745,0.6745
7.1620,0.00000,-0.57219,0.57216,0.998094,0.061719,0.000000,-0.000000,0.5721,7.0769,-0.0000,0.0000,0.0000,0.5306,6.1015,0.0000,0.6745,0.6745,0.6745,0.6745
7.1820,0.00000,-0.59533,0.57490,0.998087,0.061819,0.000000,-0.000000,0.5749,7.0883,0.0000,0.0000,0.0000,0.5337,6.1583,0.0000,0.6745,0.6745,0.6745,0.6745
7.2020,0.00000,-0.61895,0.57759,0.998081,0.061918,0.000000,-0.000000,0.5776,7.0997,0.0000,0.0000,0.0000,0.5382,6.2169,0.0000,0.6745,0.6745,0.6745,0.6745
7.2220,0.00000,-0.64305,0.58024,0.998075,0.062017,0.000000,-0.000000,0.5802,7.1110,-0.0000,0.0000,0.0000,0.5429,6.2632,0.0000,0.6745,0.6745,0.6745,0.6745
7.2420,0.00000,-0.66764,0.58285,0.998069,0.062114,0.000000,-0.000000,0.5828,7.1222,0.0000,0.0000,0.0000,0.5464,6.2901,0.0000,0.6745,0.6745,0.6745,0.6745
7.2620,0.00000,-0.69272,0.58540,0.998063,0.062211,0.000000,-0.000000,0.5854,7.1333,-0.0000,0.0000,0.0000,0.5512,6.2928,0.0000,0.6745,0.6745,0.6745,0.6745
7.2820,0.00000,-0.71828,0.58792,0.998057,0.062307,0.000000,-0.000000,0.5879,7.1443,-0.0000,0.0000,0.0000,0.5548,6.3254,0.0000,0.6745,0.6745,0.6745,0.6745
7.3020,0.00000,-0.74432,0.59039,0.998051,0.062402,0.000000,-0.000000,0.5904,7.1553,-0.0000,0.0000,0.0000,0.5602,6.4000,0.0000,0.6745,0.6745,0.6745,0.6745
7.3220,0.00000,-0.77085,0.59281,0.998045,0.062497,0.000000,-0.000000,0.5928,7.1661,0.0000,0.0000,0.0000,0.5656,6.4875,0.0000,0.6745,0.6745,0.6745,0.6745
7.3420,0.00000,-0.79787,0.59519,0.998039,0.062590,0.000000,-0.000000,0.5952,7.1769,-0.0000,0.0000,0.0000,0.5698,6.5693,0.0000,0.6745,0.6745,0.6745,0.6745
7.3620,0.00000,-0.82538,0.59752,0.998033,0.062683,0.000000,-0.000000,0.5975,7.1876,-0.0000,0.0000,0.0000,0.5758,6.6321,0.0000,0.6745,0.6745,0.6745,0.6745
7.3820,0.00000,-0.85338,0.59980,0.998028,0.062775,0.000000,-0.000000,0.5998,7.1981,0.0000,0.0000,0.0000,0.5802,6.6722,0.0000,0.6745,0.6745,0.6745,0.6745
7.4020,0.00000,-0.88187,0.60204,0.998022,0.062867,0.000000,-0.000000,0.6020,7.2086,0.0000,0.0000,0.0000,0.5866,6.6876,0.0000,0.6745,0.6745,0.6745,0.6745
7.4220,0.00000,-0.91074,0.60340,0.998016,0.062958,0.000000,-0.000000,0.6034,7.2191,0.0000,0.0000,0.0000,0.5912,6.7026,0.0000,0.0000,0.0000,0.0000,0.0000
7.4420,0.00000,-0.93971,0.60161,0.998010,0.063048,0.000000,-0.000000,0.6017,7.2295,0.0000,0.0000,0.0000,0.5925,6.7152,0.0000,0.0000,0.0000,0.0000,0.0000
7.4620,0.00000,-0.96869,0.59603,0.998005,0.063139,0.000000,-0.000000,0.5961,7.2399,-0.0000,0.0000,0.0000,0.5925,6.7246,0.0000,0.0000,0.0000,0.0000,0.0000
7.4820,0.00000,-0.99768,0.58655,0.997999,0.063229,0.000000,-0.000000,0.5867,7.2503,0.0000,0.0000,0.0000,0.5866,6.7334,0.0000,0.0000,0.0000,0.0000,0.0000
7.5020,0.00000,-1.02667,0.57315,0.997993,0.063320,0.000000,-0.000000,0.5733,7.2607,-0.0000,0.0000,0.0000,0.5833,6.7369,0.0000,0.0000,0.0000,0.0000,0.0000
7.5220,0.00000,-1.05566,0.55583,0.997988,0.063411,0.000000,-0.000000,0.5561,7.2711,0.0000,0.0000,0.0000,0.5635,6.7415,0.0000,0.0000,0.0000,0.0000,0.0000
7.5420,0.00000,-1.08466,0.53458,0.997982,0.063501,0.000000,-0.000000,0.5349,7.2815,0.0000,0.0000,0.0000,0.5457,6.7421,0.0000,0.0000,0.0000,0.0000,0.0000
7.5620,0.00000,-1.11365,0.50941,0.997976,0.063592,0.000000,-0.000000,0.5097,7.2919,-0.0000,0.0000,0.0000,0.5117,6.7425,0.0000,0.0000,0.0000,0.0000,0.0000
7.5820,0.00000,-1.14264,0.48031,0.997970,0.063682,0.000000,-0.000000,0.4807,7.3023,-0.0000,0.0000,0.0000,0.4841,6.7436,0.0000,0.0000,0.0000,0.0000,0.0000
7.6020,0.00000,-1.17163,0.44729,0.997964,0.063773,0.000000,-0.000000,0.4477,7.3127,0.0000,0.0000,0.0000,0.4524,6.7451,0.0000,0.0000,0.0000,0.0000,0.0000
7.6220,0.00000,-1.20062,0.41035,0.997959,0.063863,0.000000,-0.000000,0.4108,7.3231,0.0000,0.0000,0.0000,0.4262,6.7436,0.0000,0.0000,0.0000,0.0000,0.0000
7.6420,0.00000,-1.22961,0.36948,0.997953,0.063954,0.000000,-0.000000,0.3700,7.3335,0.0000,0.0000,0.0000,-0.0017,0.0110,0.0000,0.0000,0.0000,0.0000,0.0000
7.6620,0.00000,-1.25860,0.32469,0.997947,0.064045,0.000000,-0.000000,0.3253,7.3439,0.0000,0.0000,0.0000,-0.0000,0.0219,0.0000,0.0000,0.0000,0.0000,0.0000
7.6820,0.00000,-1.28759,0.27597,0.997941,0.064135,0.000000,-0.000000,0.2766,7.3543,0.0000,0.0000,0.0000,-0.0000,0.0326,0.0000,0.0000,0.0000,0.0000,0.0000
7.7020,0.00000,-1.31658,0.22333,0.997935,0.064226,0.000000,-0.000000,0.2240,7.3647,0.0000,0.0000,0.0000,-0.0000,0.0438,0.0000,0.0000,0.0000,0.0000,0.0000
7.7220,0.00000,-1.34557,0.16677,0.997930,0.064316,0.000000,-0.000000,0.1675,7.3751,0.0000,0.0000,0.0000,-0.0000,0.0543,0.0000,0.0000,0.0000,0.0000,0.0000
7.7420,0.00000,-1.37456,0.10628,0.997924,0.064407,0.000000,-0.000000,0.1071,7.3855,0.0000,0.0000,0.0000,-0.0000,0.0688,0.0000,0.0000,0.0000,0.0000,0.0000
7.7620,0.00000,-1.40355,0.04187,0.997918,0.064498,0.000000,-0.000000,0.0427,7.3959,0.0000,0.0000,0.0000,-0.0000,0.0844,0.0000,0.0000,0.0000,0.0000,0.0000
7.7820,0.00000,-1.42563,-0.01130,0.999287,-0.037746,0.000000,0.000000,-0.0111,-4.1836,-0.0000,0.0000,0.0000,-0.0000,-10.6025,0.0000,0.0000,0.0000,0.0000,0.0000
7.8020,0.00000,-1.42941,-0.01216,0.998061,-0.062248,0.000000,0.000000,-0.0123,-7.1588,-0.0000,0.0000,0.0000,-0.0000,-3.8194,0.0000,0.0000,0.0000,0.0000,0.0000
7.8220,0.00000,-1.42994,-0.00317,0.999178,-0.040545,0.000000,0.000000,-0.0033,-4.6795,-0.0000,0.0000,0.0000,-0.0000,0.6524,0.0000,0.0000,0.0000,0.0000,0.0000
7.8420,0.00000,-1.43017,0.00342,0.999761,-0.021850,0.000000,0.000000,0.0034,-2.5252,0.0000,0.0000,0.0000,-0.0000,2.8744,0.0000,0.0000,0.0000,0.0000,0.0000
7.8620,0.00000,-1.43032,0.00700,0.999942,-0.010743,0.000000,0.000000,0.0070,-1.2425,0.0000,0.0000,0.0000,-0.0000,4.1989,0.0000,0.0000,0.0000,0.0000,0.0000
7.8820,0.00000,-1.43041,0.00876,0.999987,-0.005042,0.000000,0.000000,0.0087,-0.5834,0.0000,0.0000,0.0000,-0.0000,4.8167,0.0000,0.0000,0.0000,0.0000,0.0000
7.9020,0.00000,-1.43046,0.00958,0.999997,-0.002294,0.000000,0.000000,0.0096,-0.2656,-0.0000,0.0000,0.0000,-0.0000,4.7821,0.0000,0.0000,0.0000,0.0000,0.0000
7.9220,0.00000,-1.43049,0.00994,1.000000,-0.000969,0.000000,0.000000,0.0099,-0.1123,0.0000,0.0000,0.0000,-0.0000,3.7735,0.0000,0.0000,0.0000,0.0000,0.0000
7.9420,0.00000,-1.43050,0.01009,1.000000,-0.000392,0.000000,0.000000,0.0101,-0.0454,0.0000,0.0000,0.0000,-0.0000,2.1151,0.0000,0.0000,0.0000,0.0000,0.0000
7.9620,0.00000,-1.43051,0.01015,1.000000,-0.000161,0.000000,0.000000,0.0102,-0.0187,-0.0000,0.0000,0.0000,-0.0000,1.1183,0.0000,0.0000,0.0000,0.0000,0.0000
7.9820,0.00000,-1.43051,0.01018,1.000000,-0.000068,0.000000,0.000000,0.0102,-0.0079,0.0000,0.0000,0.0000,-0.0000,0.7239,0.0000,0.0000,0.0000,0.0000,0.0000
8.0020,0.00000,-1.43051,0.01019,1.000000,-0.000030,0.000000,0.000000,0.0102,-0.0035,0.0000,-0.0000,0.0000,-0.0000,0.5379,0.0000,0.0000,0.0000,0.0000,0.0000
8.0220,0.00000,-1.43051,0.01019,1.000000,-0.000013,0.000000,0.000000,0.0102,-0.0015,-0.0000,-0.0000,0.0000,-0.0000,0.4307,0.0000,0.0000,0.0000,0.0000,0.0000
8.0420,0.00000,-1.43051,0.01019,1.000000,-0.000006,0.000000,0.000000,0.0102,-0.0007,0.0000,0.0000,0.0000,-0.0000,0.3615,0.0000,0.0000,0.0000,0.0000,0.0000
8.0620,0.00000,-1.43051,0.01019,1.000000,-0.000003,0.000000,0.000000,0.0102,-0.0003,0.0000,0.0000,0.0000,-0.0000,0.3123,0.0000,0.0000,0.0000,0.0000,0.0000
8.0820,0.00000,-1.43051,0.01019,1.000000,-0.000001,0.000000,0.000000,0.0102,-0.0001,-0.0000,-0.0000,0.0000,-0.0000,0.2760,0.0000,0.0000,0.0000,0.0000,0.0000
8.1020,0.00000,-1.43051,0.01019,1.000000,-0.000001,0.000000,0.000000,0.0102,-0.0001,-0.0000,-0.0000,0.0000,-0.0000,0.2480,0.0000,0.0000,0.0000,0.0000,0.0000
8.1220,0.00000,-1.43051,0.01019,1.000000,-0.000000,0.000000,0.000000,0.0102,-0.0000,-0.0000,-0.0000,0.0000,-0.0000,0.2257,0.0000,0.0000,0.0000,0.0000,0.0000
8.1420,0.00000,-1.43051,0.01019,1.000000,-0.000000,0.000000,0.000000,0.0102,-0.0000,0.0000,0.0000,0.0000,-0.0000,0.2075,0.0000,0.0000,0.0000,0.0000,0.0000
8.1620,0.00000,-1.43051,0.01019,1.000000,-0.000000,-0.000000,0.000000,0.0102,-0.0000,0.0000,0.0000,0.0000,-0.0000,0.1923,0.0000,0.0000,0.0000,0.0000,0.0000
8.1820,0.00000,-1.43051,0.01019,1.000000,-0.000000,-0.000000,0.000000,0.0102,-0.0000,-0.0000,0.0000,0.0000,-0.0000,0.1794,0.0000,0.0000,0.0000,0.0000,0.0000
8.2020,0.00000,-1.43051,0.01019,1.000000,-0.000000,-0.000000,0.000000,0.0102,-0.0000,0.0000,-0.0000,0.0000,-0.0000,0.1683,0.0000,0.0000,0.0000,0.0000,0.0000
8.2220,0.00000,-1.43051,0.01019,1.000000,-0.000000,-0.000000,0.000000,0.0102,-0.0000,-0.0000,0.0000,0.0000,-0.0000,0.1587,0.0000,0.0000,0.0000,0.0000,0.0000
8.2420,0.00000,-1.43051,0.01019,1.000000,-0.000000,-0.000000,0.000000,0.0102,-0.0000,-0.0000,-0.0000,0.0000,-0.0000,0.1502,0.0000,0.0000,0.0000,0.0000,0.0000
8.2620,0.00000,-1.43051,0.01019,1.000000,-0.000000,0.000000,0.000000,0.0102,-0.0000,-0.0000,-0.0000,0.0000,-0.0000,0.1426,0.0000,0.0000,0.0000,0.0000,0.0000
8.2820,0.00000,-1.43051,0.01019,1.000000,-0.000000,-0.000000,0.000000,0.0102,-0.0000,-0.0000,-0.0000,0.0000,-0.0000,0.1358,0.0000,0.0000,0.0000,0.0000,0.0000
8.3020,0.00000,-1.43051,0.01019,1.000000,-0.000000,-0.000000,0.000000,0.0102,-0.0000,0.0000,-0.0000,0.0000,-0.0000,0.1297,0.0000,0.0000,0.0000,0.0000,0.0000
8.3220,0.00000,-1.43051,0.01019,1.000000,-0.000000,0.000000,0.000000,0.0102,-0.0000,-0.0000,0.0000,0.0000,-0.0000,0.1241,0.0000,0.0000,0.0000,0.0000,0.0000
8.3420,0.00000,-1.43051,0.01019,1.000000,-0.000000,0.000000,0.000000,0.0102,-0.0000,-0.0000,-0.0000,0.0000,-0.0000,0.1190,0.0000,0.0000,0.0000,0.0000,0.0000
8.3620,0.00000,-1.43051,0.01019,1.000000,-0.000000,0.000000,0.000000,0.0102,-0.0000,-0.0000,0.0000,0.0000,-0.0000,0.1143,0.0000,0.0000,0.0000,0.0000,0.0000
8.3820,0.00000,-1.43051,0.01019,1.000000,-0.000000,0.000000,0.000000,0.0102,-0.0000,-0.0000,0.0000,0.0000,-0.0000,0.1099,0.0000,0.0000,0.0000,0.0000,0.0000
8.4020,0.00000,-1.43051,0.01019,1.000000,-0.000000,0.000000,0.000000,0.0102,-0.0000,-0.0000,-0.0000,0.0000,-0.0000,0.1059,0.0000,0.0000,0.0000,0.0000,0.0000
8.4220,0.00000,-1.43051,0.01019,1.000000,-0.000000,0.000000,0.000000,0.0102,-0.0000,-0.0000,-0.0000,0.0000,-0.0000,0.1021,0.0000,0.0000,0.0000,0.0000,0.0000
8.4420,0.00000,-1.43051,0.01019,1.000000,-0.000000,0.000000,0.000000,0.0102,-0.0000,-0.0000,-0.0000,0.0000,-0.0000,0.0986,0.0000,0.0000,0.0000,0.0000,0.0000
8.4620,0.00000,-1.43051,0.01019,1.000000,-0.000000,0.000000,0.000000,0.0102,-0.0000,-0.0000,0.0000,0.0000,-0.0000,0.0953,0.0000,0.0000,0.0000,0.0000,0.0000
8.4820,0.00000,-1.43051,0.01019,1.000000,-0.000000,0.000000,0.000000,0.0102,-0.0000,-0.0000,0.0000,0.0000,-0.0000,0.0922,0.0000,0.0000,0.0000,0.0000,0.0000
8.5020,0.00000,-1.43051,0.01019,1.000000,-0.000000,0.000000,0.000000,0.0102,-0.0000,-0.0000,-0.0000,0.0000,-0.0000,0.0892,0.0000,0.0000,0.0000,0.0000,0.0000
8.5220,0.00000,-1.43051,0.01019,1.000000,-0.000000,0.000000,0.000000,0.0102,-0.0000,-0.0000,0.0000,0.0000,-0.0000,0.0864,0.0000,0.0000,0.0000,0.0000,0.0000
8.5420,0.00000,-1.43051,0.01019,1.000000,-0.000000,0.000000,0.000000,0.0102,-0.0000,-0.0000,0.0000,0.0000,-0.0000,0.0838,0.0000,0.0000,0.0000,0.0000,0.0000
8.5620,0.00000,-1.43051,0.01019,1.000000,-0.000000,0.000000,0.000000,0.0102,-0.0000,-0.0000,0.0000,0.0000,-0.0000,0.0812,0.0000,0.0000,0.0000,0.0000,0.0000
8.5820,0.00000,-1.43051,0.01019,1.000000,-0.000000,-0.000000,0.000000,0.0102,-0.0000,0.0000,-0.0000,0.0000,-0.0000,0.0789,0.0000,0.0000,0.0000,0.0000,0.0000
8.6020,0.00000,-1.43051,0.01019,1.000000,-0.000000,-0.000000,0.000000,0.0102,-0.0000,0.0000,-0.0000,0.0000,-0.0000,0.0766,0.0000,0.0000,0.0000,0.0000,0.0000
8.6220,0.00000,-1.43051,0.01019,1.000000,-0.000000,-0.000000,0.000000,0.0102,-0.0000,0.0000,0.0000,0.0000,-0.0000,0.0744,0.0000,0.0000,0.0000,0.0000,0.0000
8.6420,0.00000,-1.43051,0.01019,1.000000,-0.000000,-0.000000,0.000000,0.0102,-0.0000,0.0000,0.0000,0.0000,-0.0000,0.0723,0.0000,0.0000,0.0000,0.0000,0.0000
8.6620,0.00000,-1.43051,0.01019,1.000000,-0.000000,-0.000000,0.000000,0.0102,-0.0000,0.0000,0.0000,0.0000,-0.0000,0.0703,0.0000,0.0000,0.0000,0.0000,0.0000
8.6820,0.00000,-1.43051,0.01019,1.000000,-0.000000,-0.000000,0.000000,0.0102,-0.0000,0.0000,-0.0000,0.0000,-0.0000,0.0684,0.0000,0.0000,0.0000,0.0000,0.0000
8.7020,0.00000,-1.43051,0.01019,1.000000,-0.000000,0.000000,0.000000,0.0102,-0.0000,-0.0000,-0.0000,0.0000,-0.0000,0.0666,0.0000,0.0000,0.0000,0.0000,0.0000
8.7220,0.00000,-1.43051,0.01019,1.000000,-0.000000,0.000000,0.000000,0.0102,-0.0000,-0.0000,0.0000,0.0000,-0.0000,0.0648,0.0000,0.0000,0.0000,0.0000,0.0000
8.7420,0.00000,-1.43051,0.01019,1.000000,-0.000000,0.000000,0.000000,0.0102,-0.0000,-0.0000,-0.0000,0.0000,-0.0000,0.0631,0.0000,0.0000,0.0000,0.0000,0.0000
8.7620,0.00000,-1.43051,0.01019,1.000000,-0.000000,0.000000,0.000000,0.0102,-0.0000,-0.0000,-0.0000,0.0000,-0.0000,0.0615,0.0000,0.0000,0.0000,0.0000,0.0000
8.7820,0.00000,-1.43051,0.01019,1.000000,-0.000000,0.000000,0.000000,0.0102,-0.0000,-0.0000,-0.0000,0.0000,-0.0000,0.0599,0.0000,0.0000,0.0000,0.0000,0.0000
8.8020,0.00000,-1.43051,0.01019,1.000000,-0.000000,0.000000,0.000000,0.0102,-0.0000,-0.0000,0.0000,0.0000,-0.0000,0.0584,0.0000,0.0000,0.0000,0.0000,0.0000
8.8220,0.00000,-1.43051,0.01019,1.000000,-0.000000,0.000000,0.000000,0.0102,-0.0000,-0.0000,-0.0000,0.0000,-0.0000,0.0570,0.0000,0.0000,0.0000,0.0000,0.0000
8.8420,0.00000,-1.43051,0.01019,1.000000,-0.000000,0.000000,0.000000,0.0102,-0.0000,-0.0000,-0.0000,0.0000,-0.0000,0.0556,0.0000,0.0000,0.0000,0.0000,0.0000
8.8620,0.00000,-1.43051,0.01019,1.000000,-0.000000,0.000000,0.000000,0.0102,-0.0000,-0.0000,0.0000,0.0000,-0.0000,0.0543,0.0000,0.0000,0.0000,0.0000,0.0000
8.8820,0.00000,-1.43051,0.01019,1.000000,-0.000000,0.000000,0.000000,0.0102,-0.0000,-0.0000,-0.0000,0.0000,-0.0000,0.0530,0.0000,0.0000,0.0000,0.0000,0.0000
8.9020,0.00000,-1.43051,0.01019,1.000000,-0.000000,0.000000,0.000000,0.0102,-0.0000,-0.0000,0.0000,0.0000,-0.0000,0.0518,0.0000,0.0000,0.0000,0.0000,0.0000
8.9220,0.00000,-1.43051,0.01019,1.000000,-0.000000,0.000000,0.000000,0.0102,-0.0000,-0.0000,0.0000,0.0000,-0.0000,0.0506,0.0000,0.0000,0.0000,0.0000,0.0000
8.9420,0.00000,-1.43051,0.01019,1.000000,-0.000000,0.000000,0.000000,0.0102,-0.0000,-0.0000,-0.0000,0.0000,-0.0000,0.0495,0.0000,0.0000,0.0000,0.0000,0.0000
8.9620,0.00000,-1.43051,0.01019,1.000000,-0.000000,0.000000,0.000000,0.0102,-0.0000,-0.0000,-0.0000,0.0000,-0.0000,0.0484,0.0000,0.0000,0.0000,0.0000,0.0000
8.9820,0.00000,-1.43051,0.01019,1.000000,-0.000000,0.000000,0.000000,0.0102,-0.0000,-0.0000,0.0000,0.0000,-0.0000,0.0474,0.0000,0.0000,0.0000,0.0000,0.0000
9.0020,0.00000,-1.43051,0.01019,1.000000,-0.000000,0.000000,0.000000,0.0102,-0.0000,-0.0000,0.0000,0.0000,-0.0000,0.0464,0.0000,0.0000,0.0000,0.0000,0.0000
9.0220,0.00000,-1.43051,0.01019,1.000000,-0.000000,0.000000,0.000000,0.0102,-0.0000,-0.0000,-0.0000,0.0000,-0.0000,0.0454,0.0000,0.0000,0.0000,0.0000,0.0000
9.0420,0.00000,-1.43051,0.01019,1.000000,-0.000000,0.000000,0.000000,0.0102,-0.0000,-0.0000,-0.0000,0.0000,-0.0000,0.0445,0.0000,0.0000,0.0000,0.0000,0.0000
9.0620,0.00000,-1.43051,0.01019,1.000000,-0.000000,0.000000,0.000000,0.0102,-0.0000,-0.0000,-0.0000,0.0000,-0.0000,0.0436,0.0000,0.0000,0.0000,0.0000,0.0000
9.0820,0.00000,-1.43051,0.01019,1.000000,-0.000000,0.000000,0.000000,0.0102,-0.0000,-0.0000,-0.0000,0.0000,-0.0000,0.0428,0.0000,0.0000,0.0000,0.0000,0.0000
9.1020,0.00000,-1.43051,0.01019,1.000000,-0.000000,0.000000,0.000000,0.0102,-0.0000,-0.0000,-0.0000,0.0000,-0.0000,0.0419,0.0000,0.0000,0.0000,0.0000,0.0000
9.1220,0.00000,-1.43051,0.01019,1.000000,-0.000000,0.000000,0.000000,0.0102,-0.0000,-0.0000,-0.0000,0.0000,-0.0000,0.0412,0.0000,0.0000,0.0000,0.0000,0.0000
9.1420,0.00000,-1.43051,0.01019,1.000000,-0.000000,0.000000,0.000000,0.0102,-0.0000,-0.0000,-0.0000,0.0000,-0.0000,0.0404,0.0000,0.0000,0.0000,0.0000,0.0000
9.1620,0.00000,-1.43051,0.01019,1.000000,-0.000000,0.000000,0.000000,0.0102,-0.0000,-0.0000,-0.0000,0.0000,-0.0000,0.0397,0.0000,0.0000,0.0000,0.0000,0.0000
9.1820,0.00000,-1.43051,0.01019,1.000000,-0.000000,0.000000,0.000000,0.0102,-0.0000,-0.0000,0.0000,0.0000,-0.0000,0.0390,0.0000,0.0000,0.0000,0.0000,0.0000
9.2020,0.00000,-1.43051,0.01019,1.000000,-0.000000,0.000000,0.000000,0.0102,-0.0000,-0.0000,-0.0000,0.0000,-0.0000,0.0384,0.0000,0.0000,0.0000,0.0000,0.0000
9.2220,0.00000,-1.43051,0.01019,1.000000,-0.000000,0.000000,0.000000,0.0102,-0.0000,-0.0000,0.0000,0.0000,-0.0000,0.0377,0.0000,0.0000,0.0000,0.0000,0.0000
9.2420,0.00000,-1.43051,0.01019,1.000000,-0.000000,0.000000,0.000000,0.0102,-0.0000,-0.0000,0.0000,0.0000,-0.0000,0.0371,0.0000,0.0000,0.0000,0.0000,0.0000
9.2620,0.00000,-1.43051,0.01019,1.000000,-0.000000,0.000000,0.000000,0.0102,-0.0000,-0.0000,0.0000,0.0000,-0.0000,0.0366,0.0000,0.0000,0.0000,0.0000,0.0000
9.2820,0.00000,-1.43051,0.01019,1.000000,-0.000000,0.000000,0.000000,0.0102,-0.0000,-0.0000,0.0000,0.0000,-0.0000,0.0360,0.0000,0.0000,0.0000,0.0000,0.0000
9.3020,0.00000,-1.43051,0.01019,1.000000,-0.000000,0.000000,0.000000,0.0102,-0.0000,-0.0000,0.0000,0.0000,-0.0000,0.0355,0.0000,0.0000,0.0000,0.0000,0.0000
9.3220,0.00000,-1.43051,0.01019,1.000000,-0.000000,0.000000,0.000000,0.0102,-0.0000,-0.0000,0.0000,0.0000,-0.0000,0.0350,0.0000,0.0000,0.0000,0.0000,0.0000
9.3420,0.00000,-1.43051,0.01019,1.000000,-0.000000,0.000000,0.000000,0.0102,-0.0000,-0.0000,-0.0000,0.0000,-0.0000,0.0346,0.0000,0.0000,0.0000,0.0000,0.0000
9.3620,0.00000,-1.43051,0.01019,1.000000,-0.000000,0.000000,0.000000,0.0102,-0.0000,-0.0000,0.0000,0.0000,-0.0000,0.0341,0.0000,0.0000,0.0000,0.0000,0.0000
9.3820,0.00000,-1.43051,0.01019,1.000000,-0.000000,0.000000,0.000000,0.0102,-0.0000,-0.0000,0.0000,0.0000,-0.0000,0.0337,0.0000,0.0000,0.0000,0.0000,0.0000
9.4020,0.00000,-1.43051,0.01019,1.000000,-0.000000,0.000000,0.000000,0.0102,-0.0000,-0.0000,-0.0000,0.0000,-0.0000,0.0333,0.0000,0.0000,0.0000,0.0000,0.0000
9.4220,0.00000,-1.43051,0.01019,1.000000,-0.000000,0.000000,0.000000,0.0102,-0.0000,-0.0000,0.0000,0.0000,-0.0000,0.0329,0.0000,0.0000,0.0000,0.0000,0.0000
9.4420,0.00000,-1.43051,0.01019,1.000000,-0.000000,0.000000,0.000000,0.0102,-0.0000,-0.0000,-0.0000,0.0000,-0.0000,0.0325,0.0000,0.0000,0.0000,0.0000,0.0000
9.4620,0.00000,-1.43051,0.01019,1.000000,-0.000000,0.000000,0.000000,0.0102,-0.0000,-0.0000,0.0000,0.0000,-0.0000,0.0322,0.0000,0.0000,0.0000,0.0000,0.0000
9.4820,0.00000,-1.43051,0.01019,1.000000,-0.000000,0.000000,0.000000,0.0102,-0.0000,-0.0000,0.0000,0.0000,-0.0000,0.0319,0.0000,0.0000,0.0000,0.0000,0.0000
9.5020,0.00000,-1.43051,0.01019,1.000000,-0.000000,0.000000,0.000000,0.0102,-0.0000,-0.0000,-0.0000,0.0000,-0.0000,0.0315,0.0000,0.0000,0.0000,0.0000,0.0000
9.5220,0.00000,-1.43051,0.01019,1.000000,-0.000000,0.000000,0.000000,0.0102,-0.0000,-0.0000,-0.0000,0.0000,-0.0000,0.0313,0.0000,0.0000,0.0000,0.0000,0.0000
9.5420,0.00000,-1.43051,0.01019,1.000000,-0.000000,0.000000,0.000000,0.0102,-0.0000,-0.0000,0.0000,0.0000,-0.0000,0.0310,0.0000,0.0000,0.0000,0.0000,0.0000
9.5620,0.00000,-1.43051,0.01019,1.000000,-0.000000,0.000000,0.000000,0.0102,-0.0000,-0.0000,0.0000,0.0000,-0.0000,0.0307,0.0000,0.0000,0.0000,0.0000,0.0000
9.5820,0.00000,-1.43051,0.01019,1.000000,-0.000000,0.000000,0.000000,0.0102,-0.0000,-0.0000,0.0000,0.0000,-0.0000,0.0305,0.0000,0.0000,0.0000,0.0000,0.0000
9.6020,0.00000,-1.43051,0.01019,1.000000,-0.000000,0.000000,0.000000,0.0102,-0.0000,-0.0000,0.0000,0.0000,-0.0000,0.0302,0.0000,0.0000,0.0000,0.0000,0.0000
9.6220,0.00000,-1.43051,0.01019,1.000000,-0.000000,0.000000,0.000000,0.0102,-0.0000,-0.0000,-0.0000,0.0000,-0.0000,0.0300,0.0000,0.0000,0.0000,0.0000,0.0000
9.6420,0.00000,-1.43051,0.01019,1.000000,-0.000000,0.000000,0.000000,0.0102,-0.0000,-0.0000,-0.0000,0.0000,-0.0000,0.0298,0.0000,0.0000,0.0000,0.0000,0.0000
9.6620,0.00000,-1.43051,0.01019,1.000000,-0.000000,0.000000,0.000000,0.0102,-0.0000,-0.0000,-0.0000,0.0000,-0.0000,0.0296,0.0000,0.0000,0.0000,0.0000,0.0000
9.6820,0.00000,-1.43051,0.01019,1.000000,-0.000000,0.000000,0.000000,0.0102,-0.0000,-0.0000,-0.0000,0.0000,-0.0000,0.0294,0.0000,0.0000,0.0000,0.0000,0.0000
9.7020,0.00000,-1.43051,0.01019,1.000000,-0.000000,0.000000,0.000000,0.0102,-0.0000,-0.0000,0.0000,0.0000,-0.0000,0.0293,0.0000,0.0000,0.0000,0.0000,0.0000
9.7220,0.00000,-1.43051,0.01019,1.000000,-0.000000,0.000000,0.000000,0.0102,-0.0000,-0.0000,0.0000,0.0000,-0.0000,0.0291,0.0000,0.0000,0.0000,0.0000,0.0000
9.7420,0.00000,-1.43051,0.01019,1.000000,-0.000000,0.000000,0.000000,0.0102,-0.0000,-0.0000,-0.0000,0.0000,-0.0000,0.0290,0.0000,0.0000,0.0000,0.0000,0.0000
9.7620,0.00000,-1.43051,0.01019,1.000000,-0.000000,0.000000,0.000000,0.0102,-0.0000,-0.0000,-0.0000,0.0000,-0.0000,0.0288,0.0000,0.0000,0.0000,0.0000,0.0000
9.7820,0.00000,-1.43051,0.01019,1.000000,-0.000000,0.000000,0.000000,0.0102,-0.0000,-0.0000,0.0000,0.0000,-0.0000,0.0287,0.0000,0.0000,0.0000,0.0000,0.0000
9.8020,0.00000,-1.43051,0.01019,1.000000,-0.000000,0.000000,0.000000,0.0102,-0.0000,-0.0000,0.0000,0.0000,-0.0000,0.0286,0.0000,0.0000,0.0000,0.0000,0.0000
9.8220,0.00000,-1.43051,0.01019,1.000000,-0.000000,0.000000,0.000000,0.0102,-0.0000,-0.0000,0.0000,0.0000,-0.0000,0.0285,0.0000,0.0000,0.0000,0.0000,0.0000
9.8420,0.00000,-1.43051,0.01019,1.000000,-0.000000,0.000000,0.000000,0.0102,-0.0000,-0.0000,0.0000,0.0000,-0.0000,0.0284,0.0000,0.0000,0.0000,0.0000,0.0000
9.8620,0.00000,-1.43051,0.01019,1.000000,-0.000000,0.000000,0.000000,0.0102,-0.0000,-0.0000,0.0000,0.0000,-0.0000,0.0283,0.0000,0.0000,0.0000,0.0000,0.0000
9.8820,0.00000,-1.43051,0.01019,1.000000,-0.000000,0.000000,0.000000,0.0102,-0.0000,-0.0000,-0.0000,0.0000,-0.0000,0.0282,0.0000,0.0000,0.0000,0.0000,0.0000
9.9020,0.00000,-1.43051,0.01019,1.000000,-0.000000,0.000000,0.000000,0.0102,-0.0000,-0.0000,-0.0000,0.0000,-0.0000,0.0282,0.0000,0.0000,0.0000,0.0000,0.0000
9.9220,0.00000,-1.43051,0.01019,1.000000,-0.000000,0.000000,0.000000,0.0102,-0.0000,-0.0000,0.0000,0.0000,-0.0000,0.0281,0.0000,0.0000,0.0000,0.0000,0.0000
9.9420,0.00000,-1.43051,0.01019,1.000000,-0.000000,0.000000,0.000000,0.0102,-0.0000,-0.0000,0.0000,0.0000,-0.0000,0.0280,0.0000,0.0000,0.0000,0.0000,0.0000
9.9620,0.00000,-1.43051,0.01019,1.000000,-0.000000,0.000000,0.000000,0.0102,-0.0000,-0.0000,0.0000,0.0000,-0.0000,0.0280,0.0000,0.0000,0.0000,0.0000,0.0000
9.9820,0.00000,-1.43051,0.01019,1.000000,-0.000000,0.000000,0.000000,0.0102,-0.0000,-0.0000,0.0000,0.0000,-0.0000,0.0279,0.0000,0.0000,0.0000,0.0000,0.0000
10.0020,0.00000,-1.43051,0.01019,1.000000,0.000000,0.000000,0.000000,0.0102,-0.0000,-0.0000,0.0000,0.0000,-0.0000,0.0279,0.0000,0.0000,0.0000,0.0000,0.0000
10.0220,0.00000,-1.43051,0.01019,1.000000,0.000000,0.000000,0.000000,0.0102,0.0000,-0.0000,0.0000,0.0000,-0.0000,0.0279,0.0000,0.0000,0.0000,0.0000,0.0000
10.0420,0.00000,-1.43051,0.01019,1.000000,0.000000,0.000000,0.000000,0.0102,0.0000,-0.0000,0.0000,0.0000,-0.0000,0.0278,0.0000,0.0000,0.0000,0.0000,0.0000
10.0620,0.00000,-1.43051,0.01019,1.000000,0.000000,0.000000,0.000000,0.0102,0.0000,-0.0000,0.0000,0.0000,-0.0000,0.0278,0.0000,0.0000,0.0000,0.0000,0.0000
10.0820,0.00000,-1.43051,0.01019,1.000000,0.000000,0.000000,0.000000,0.0102,0.0000,-0.0000,0.0000,0.0000,-0.0000,0.0278,0.0000,0.0000,0.0000,0.0000,0.0000
10.1020,0.00000,-1.43051,0.01019,1.000000,0.000000,0.000000,0.000000,0.0102,0.0000,-0.0000,0.0000,0.0000,-0.0000,0.0278,0.0000,0.0000,0.0000,0.0000,0.0000
10.1220,0.00000,-1.43051,0.01019,1.000000,0.000000,0.000000,0.000000,0.0102,0.0000,-0.0000,-0.0000,0.0000,-0.0000,0.0278,0.0000,0.0000,0.0000,0.0000,0.0000
10.1420,0.00000,-1.43051,0.01019,1.000000,0.000000,0.000000,0.000000,0.0102,0.0000,-0.0000,-0.0000,0.0000,-0.0000,0.0278,0.0000,0.0000,0.0000,0.0000,0.0000
10.1620,0.00000,-1.43051,0.01019,1.000000,0.000000,0.000000,0.000000,0.0102,0.0000,-0.0000,-0.0000,0.0000,-0.0000,0.0278,0.0000,0.0000,0.0000,0.0000,0.0000
10.1820,0.00000,-1.43051,0.01019,1.000000,0.000000,0.000000,0.000000,0.0102,0.0000,-0.0000,-0.0000,0.0000,-0.0000,0.0278,0.0000,0.0000,0.0000,0.0000,0.0000
10.2020,0.00000,-1.43051,0.01019,1.000000,0.000000,0.000000,0.000000,0.0102,0.0000,-0.0000,0.0000,0.0000,-0.0000,0.0278,0.0000,0.0000,0.0000,0.0000,0.0000
10.2220,0.00000,-1.43051,0.01019,1.000000,0.000000,0.000000,0.000000,0.0102,0.0000,-0.0000,0.0000,0.0000,-0.0000,0.0278,0.0000,0.0000,0.0000,0.0000,0.0000
10.2420,0.00000,-1.43051,0.01019,1.000000,0.000000,0.000000,0.000000,0.0102,0.0000,-0.0000,-0.0000,0.0000,-0.0000,0.0278,0.0000,0.0000,0.0000,0.0000,0.0000
10.2620,0.00000,-1.43051,0.01019,1.000000,0.000000,0.000000,0.000000,0.0102,0.0000,-0.0000,-0.0000,0.0000,-0.0000,0.0278,0.0000,0.0000,0.0000,0.0000,0.0000
10.2820,0.00000,-1.43051,0.01019,1.000000,0.000000,0.000000,0.000000,0.0102,0.0000,-0.0000,-0.0000,0.0000,-0.0000,0.0278,0.0000,0.0000,0.0000,0.0000,0.0000
10.3020,0.00000,-1.43051,0.01019,1.000000,0.000000,0.000000,0.000000,0.0102,0.0000,-0.0000,0.0000,0.0000,-0.0000,0.0279,0.0000,0.0000,0.0000,0.0000,0.0000
10.3220,0.00000,-1.43051,0.01019,1.000000,0.000000,0.000000,0.000000,0.0102,0.0000,-0.0000,-0.0000,0.0000,-0.0000,0.0279,0.0000,0.0000,0.0000,0.0000,0.0000
10.3420,0.00000,-1.43051,0.01019,1.000000,0.000000,0.000000,0.000000,0.0102,0.0000,-0.0000,0.0000,0.0000,-0.0000,0.0279,0.0000,0.0000,0.0000,0.0000,0.0000
10.3620,0.00000,-1.43051,0.01019,1.000000,0.000000,0.000000,0.000000,0.0102,0.0000,-0.0000,0.0000,0.0000,-0.0000,0.0280,0.0000,0.0000,0.0000,0.0000,0.0000
10.3820,0.00000,-1.43051,0.01019,1.000000,0.000000,0.000000,0.000000,0.0102,0.0000,-0.0000,0.0000,0.0000,-0.0000,0.0280,0.0000,0.0000,0.0000,0.0000,0.0000
10.4020,0.00000,-1.43051,0.01019,1.000000,0.000000,0.000000,0.000000,0.0102,0.0000,-0.0000,0.0000,0.0000,-0.0000,0.0280,0.0000,0.0000,0.0000,0.0000,0.0000
10.4220,0.00000,-1.43051,0.01019,1.000000,0.000000,0.000000,0.000000,0.0102,0.0000,-0.0000,0.0000,0.0000,-0.0000,0.0281,0.0000,0.0000,0.0000,0.0000,0.0000
10.4420,0.00000,-1.43051,0.01019,1.000000,0.000000,0.000000,0.000000,0.0102,0.0000,-0.0000,0.0000,0.0000,-0.0000,0.0281,0.0000,0.0000,0.0000,0.0000,0.0000
10.4620,0.00000,-1.43051,0.01019,1.000000,0.000000,0.000000,0.000000,0.0102,0.0000,-0.0000,-0.0000,0.0000,-0.0000,0.0282,0.0000,0.0000,0.0000,0.0000,0.0000
10.4820,0.00000,-1.43051,0.01019,1.000000,0.000000,0.000000,0.000000,0.0102,0.0000,-0.0000,0.0000,0.0000,-0.0000,0.0282,0.0000,0.0000,0.0000,0.0000,0.0000
10.5020,0.00000,-1.43051,0.01019,1.000000,0.000000,0.000000,0.000000,0.0102,0.0000,-0.0000,-0.0000,0.0000,-0.0000,0.0282,0.0000,0.0000,0.0000,0.0000,0.0000
10.5220,0.00000,-1.43051,0.01019,1.000000,0.000000,0.000000,0.000000,0.0102,0.0000,-0.0000,-0.0000,0.0000,-0.0000,0.0283,0.0000,0.0000,0.0000,0.0000,0.0000
10.5420,0.00000,-1.43051,0.01019,1.000000,0.000000,0.000000,0.000000,0.0102,0.0000,-0.0000,-0.0000,0.0000,-0.0000,0.0283,0.0000,0.0000,0.0000,0.0000,0.0000
10.5620,0.00000,-1.43051,0.01019,1.000000,0.000000,0.000000,0.000000,0.0102,0.0000,-0.0000,0.0000,0.0000,-0.0000,0.0284,0.0000,0.0000,0.0000,0.0000,0.0000
10.5820,0.00000,-1.43051,0.01019,1.000000,0.000000,0.000000,0.000000,0.0102,0.0000,-0.0000,0.0000,0.0000,-0.0000,0.0284,0.0000,0.0000,0.0000,0.0000,0.0000
10.6020,0.00000,-1.43051,0.01019,1.000000,0.000000,0.000000,0.000000,0.0102,0.0000,-0.0000,0.0000,0.0000,-0.0000,0.0285,0.0000,0.0000,0.0000,0.0000,0.0000
10.6220,0.00000,-1.43051,0.01019,1.000000,0.000000,0.000000,0.000000,0.0102,0.0000,-0.0000,0.0000,0.0000,-0.0000,0.0285,0.0000,0.0000,0.0000,0.0000,0.0000
10.6420,0.00000,-1.43051,0.01019,1.000000,0.000000,0.000000,0.000000,0.0102,0.0000,-0.0000,0.0000,0.0000,-0.0000,0.0286,0.0000,0.0000,0.0000,0.0000,0.0000
10.6620,0.00000,-1.43051,0.01019,1.000000,0.000000,0.000000,0.000000,0.0102,0.0000,-0.0000,0.0000,0.0000,-0.0000,0.0287,0.0000,0.0000,0.0000,0.0000,0.0000
10.6820,0.00000,-1.43051,0.01019,1.000000,0.000000,0.000000,0.000000,0.0102,0.0000,-0.0000,-0.0000,0.0000,-0.0000,0.0287,0.0000,0.0000,0.0000,0.0000,0.0000
10.7020,0.00000,-1.43051,0.01019,1.000000,0.000000,0.000000,0.000000,0.0102,0.0000,-0.0000,0.0000,0.0000,-0.0000,0.0288,0.0000,0.0000,0.0000,0.0000,0.0000
10.7220,0.00000,-1.43051,0.01019,1.000000,0.000000,0.000000,0.000000,0.0102,0.0000,-0.0000,0.0000,0.0000,-0.0000,0.0288,0.0000,0.0000,0.0000,0.0000,0.0000
10.7420,0.00000,-1.43051,0.01019,1.000000,0.000000,0.000000,0.000000,0.0102,0.0000,-0.0000,0.0000,0.0000,-0.0000,0.0289,0.0000,0.0000,0.0000,0.0000,0.0000
10.7620,0.00000,-1.43051,0.01019,1.000000,0.000000,0.000000,0.000000,0.0102,0.0000,-0.0000,-0.0000,0.0000,-0.0000,0.0289,0.0000,0.0000,0.0000,0.0000,0.0000
10.7820,0.00000,-1.43051,0.01019,1.000000,0.000000,0.000000,0.000000,0.0102,0.0000,-0.0000,-0.0000,0.0000,-0.0000,0.0290,0.0000,0.0000,0.0000,0.0000,0.0000
10.8020,0.00000,-1.43051,0.01019,1.000000,0.000000,0.000000,0.000000,0.0102,0.0000,-0.0000,0.0000,0.0000,-0.0000,0.0291,0.0000,0.0000,0.0000,0.0000,0.0000
10.8220,0.00000,-1.43051,0.01019,1.000000,0.000000,0.000000,0.000000,0.0102,0.0000,-0.0000,-0.0000,0.0000,-0.0000,0.0291,0.0000,0.0000,0.0000,0.0000,0.0000
10.8420,0.00000,-1.43051,0.01019,1.000000,0.000000,0.000000,0.000000,0.0102,0.0000,-0.0000,-0.0000,0.0000,-0.0000,0.0292,0.0000,0.0000,0.0000,0.0000,0.0000
10.8620,0.00000,-1.43051,0.01019,1.000000,0.000000,0.000000,0.000000,0.0102,0.0000,-0.0000,0.0000,0.0000,-0.0000,0.0292,0.0000,0.0000,0.0000,0.0000,0.0000
10.8820,0.00000,-1.43051,0.01019,1.000000,0.000000,0.000000,0.000000,0.0102,0.0000,-0.0000,-0.0000,0.0000,-0.0000,0.0293,0.0000,0.0000,0.0000,0.0000,0.0000
10.9020,0.00000,-1.43051,0.01019,1.000000,0.000000,0.000000,0.000000,0.0102,0.0000,-0.0000,0.0000,0.0000,-0.0000,0.0294,0.0000,0.0000,0.0000,0.0000,0.0000
10.9220,0.00000,-1.43051,0.01019,1.000000,0.000000,0.000000,0.000000,0.0102,0.0000,-0.0000,0.0000,0.0000,-0.0000,0.0294,0.0000,0.0000,0.0000,0.0000,0.0000
10.9420,0.00000,-1.43051,0.01019,1.000000,0.000000,0.000000,0.000000,0.0102,0.0000,-0.0000,0.0000,0.0000,-0.0000,0.0295,0.0000,0.0000,0.0000,0.0000,0.0000
10.9620,0.00000,-1.43051,0.01019,1.000000,0.000000,0.000000,0.000000,0.0102,0.0000,-0.0000,0.0000,0.0000,-0.0000,0.0296,0.0000,0.0000,0.0000,0.0000,0.0000
10.9820,0.00000,-1.43051,0.01019,1.000000,0.000000,0.000000,0.000000,0.0102,0.0000,-0.0000,0.0000,0.0000,-0.0000,0.0296,0.0000,0.0000,0.0000,0.0000,0.0000
11.0020,0.00000,-1.43051,0.01019,1.000000,0.000000,0.000000,0.000000,0.0102,0.0000,-0.0000,-0.0000,0.0000,-0.0000,0.0297,0.0000,0.0000,0.0000,0.0000,0.0000
11.0220,0.00000,-1.43051,0.01019,1.000000,0.000000,0.000000,0.000000,0.0102,0.0000,-0.0000,0.0000,0.0000,-0.0000,0.0298,0.0000,0.0000,0.0000,0.0000,0.0000
11.0420,0.00000,-1.43051,0.01019,1.000000,0.000000,0.000000,0.000000,0.0102,0.0000,-0.0000,-0.0000,0.0000,-0.0000,0.0298,0.0000,0.0000,0.0000,0.0000,0.0000
11.0620,0.00000,-1.43051,0.01019,1.000000,0.000000,0.000000,0.000000,0.0102,0.0000,-0.0000,-0.0000,0.0000,-0.0000,0.0299,0.0000,0.0000,0.0000,0.0000,0.0000
11.0820,0.00000,-1.43051,0.01019,1.000000,0.000000,0.000000,0.000000,0.0102,0.0000,-0.0000,-0.0000,0.0000,-0.0000,0.0299,0.0000,0.0000,0.0000,0.0000,0.0000
11.1020,0.00000,-1.43051,0.01019,1.000000,0.000000,0.000000,0.000000,0.0102,0.0000,-0.0000,-0.0000,0.0000,-0.0000,0.0300,0.0000,0.0000,0.0000,0.0000,0.0000
11.1220,0.00000,-1.43051,0.01019,1.000000,0.000000,0.000000,0.000000,0.0102,0.0000,-0.0000,-0.0000,0.0000,-0.0000,0.0301,0.0000,0.0000,0.0000,0.0000,0.0000
11.1420,0.00000,-1.43051,0.01019,1.000000,0.000000,0.000000,0.000000,0.0102,0.0000,-0.0000,-0.0000,0.0000,-0.0000,0.0301,0.0000,0.0000,0.0000,0.0000,0.0000
11.1620,0.00000,-1.43051,0.01019,1.000000,0.000000,0.000000,0.000000,0.0102,0.0000,-0.0000,-0.0000,0.0000,-0.0000,0.0302,0.0000,0.0000,0.0000,0.0000,0.0000
11.1820,0.00000,-1.43051,0.01019,1.000000,0.000000,0.000000,0.000000,0.0102,0.0000,-0.0000,0.0000,0.0000,-0.0000,0.0303,0.0000,0.0000,0.0000,0.0000,0.0000
11.2020,0.00000,-1.43051,0.01019,1.000000,0.000000,0.000000,0.000000,0.0102,0.0000,-0.0000,0.0000,0.0000,-0.0000,0.0303,0.0000,0.0000,0.0000,0.0000,0.0000
11.2220,0.00000,-1.43051,0.01019,1.000000,0.000000,0.000000,0.000000,0.0102,0.0000,-0.0000,0.0000,0.0000,-0.0000,0.0304,0.0000,0.0000,0.0000,0.0000,0.0000
11.2420,0.00000,-1.43051,0.01019,1.000000,0.000000,0.000000,0.000000,0.0102,0.0000,-0.0000,0.0000,0.0000,-0.0000,0.0305,0.0000,0.0000,0.0000,0.0000,0.0000
11.2620,0.00000,-1.43051,0.01019,1.000000,0.000000,0.000000,0.000000,0.0102,0.0000,-0.0000,0.0000,0.0000,-0.0000,0.0305,0.0000,0.0000,0.0000,0.0000,0.0000
11.2820,0.00000,-1.43051,0.01019,1.000000,0.000000,0.000000,0.000000,0.0102,0.0000,-0.0000,0.0000,0.0000,-0.0000,0.0306,0.0000,0.0000,0.0000,0.0000,0.0000
11.3020,0.00000,-1.43051,0.01019,1.000000,0.000000,0.000000,0.000000,0.0102,0.0000,-0.0000,0.0000,0.0000,-0.0000,0.0307,0.0000,0.0000,0.0000,0.0000,0.0000
11.3220,0.00000,-1.43051,0.01019,1.000000,0.000000,0.000000,0.000000,0.0102,0.0000,-0.0000,0.0000,0.0000,-0.0000,0.0307,0.0000,0.0000,0.0000,0.0000,0.0000
11.3420,0.00000,-1.43051,0.01019,1.000000,0.000000,0.000000,0.000000,0.0102,0.0000,-0.0000,-0.0000,0.0000,-0.0000,0.0308,0.0000,0.0000,0.0000,0.0000,0.0000
11.3620,0.00000,-1.43051,0.01019,1.000000,0.000000,0.000000,0.000000,0.0102,0.0000,-0.0000,-0.0000,0.0000,-0.0000,0.0308,0.0000,0.0000,0.0000,0.0000,0.0000
11.3820,0.00000,-1.43051,0.01019,1.000000,0.000000,0.000000,0.000000,0.0102,0.0000,-0.0000,0.0000,0.0000,-0.0000,0.0309,0.0000,0.0000,0.0000,0.0000,0.0000
11.4020,0.00000,-1.43051,0.01019,1.000000,0.000000,0.000000,0.000000,0.0102,0.0000,-0.0000,0.0000,0.0000,-0.0000,0.0310,0.0000,0.0000,0.0000,0.0000,0.0000
11.4220,0.00000,-1.43051,0.01019,1.000000,0.000000,0.000000,0.000000,0.0102,0.0000,-0.0000,0.0000,0.0000,-0.0000,0.0310,0.0000,0.0000,0.0000,0.0000,0.0000
11.4420,0.00000,-1.43051,0.01019,1.000000,0.000000,0.000000,0.000000,0.0102,0.0000,-0.0000,0.0000,0.0000,-0.0000,0.0311,0.0000,0.0000,0.0000,0.0000,0.0000
11.4620,0.00000,-1.43051,0.01019,1.000000,0.000000,0.000000,0.000000,0.0102,0.0000,-0.0000,-0.0000,0.0000,-0.0000,0.0311,0.0000,0.0000,0.0000,0.0000,0.0000
11.4820,0.00000,-1.43051,0.01019,1.000000,0.000000,0.000000,0.000000,0.0102,0.0000,-0.0000,-0.0000,0.0000,-0.0000,0.0312,0.0000,0.0000,0.0000,0.0000,0.0000
11.5020,0.00000,-1.43051,0.01019,1.000000,0.000000,0.000000,0.000000,0.0102,0.0000,-0.0000,0.0000,0.0000,-0.0000,0.0313,0.0000,0.0000,0.0000,0.0000,0.0000
11.5220,0.00000,-1.43051,0.01019,1.000000,0.000000,0.000000,0.000000,0.0102,0.0000,-0.0000,-0.0000,0.0000,-0.0000,0.0313,0.0000,0.0000,0.0000,0.0000,0.0000
11.5420,0.00000,-1.43051,0.01019,1.000000,0.000000,0.000000,0.000000,0.0102,0.0000,-0.0000,-0.0000,0.0000,-0.0000,0.0314,0.0000,0.0000,0.0000,0.0000,0.0000
11.5620,0.00000,-1.43051,0.01019,1.000000,0.000000,0.000000,0.000000,0.0102,0.0000,-0.0000,-0.0000,0.0000,-0.0000,0.0315,0.0000,0.0000,0.0000,0.0000,0.0000
11.5820,0.00000,-1.43051,0.01019,1.000000,0.000000,0.000000,0.000000,0.0102,0.0000,-0.0000,0.0000,0.0000,-0.0000,0.0315,0.0000,0.0000,0.0000,0.0000,0.0000
11.6020,0.00000,-1.43051,0.01019,1.000000,0.000000,0.000000,0.000000,0.0102,0.0000,-0.0000,-0.0000,0.0000,-0.0000,0.0316,0.0000,0.0000,0.0000,0.0000,0.0000
11.6220,0.00000,-1.43051,0.01019,1.000000,0.000000,0.000000,0.000000,0.0102,0.0000,-0.0000,0.0000,0.0000,-0.0000,0.0316,0.0000,0.0000,0.0000,0.0000,0.0000
11.6420,0.00000,-1.43051,0.01019,1.000000,0.000000,0.000000,0.000000,0.0102,0.0000,-0.0000,-0.0000,0.0000,-0.0000,0.0317,0.0000,0.0000,0.0000,0.0000,0.0000
11.6620,0.00000,-1.43051,0.01019,1.000000,0.000000,0.000000,0.000000,0.0102,0.0000,-0.0000,0.0000,0.0000,-0.0000,0.0317,0.0000,0.0000,0.0000,0.0000,0.0000
11.6820,0.00000,-1.43051,0.01019,1.000000,0.000000,0.000000,0.000000,0.0102,0.0000,-0.0000,-0.0000,0.0000,-0.0000,0.0318,0.0000,0.0000,0.0000,0.0000,0.0000
11.7020,0.00000,-1.43051,0.01019,1.000000,0.000000,0.000000,0.000000,0.0102,0.0000,-0.0000,0.0000,0.0000,-0.0000,0.0319,0.0000,0.0000,0.0000,0.0000,0.0000
11.7220,0.00000,-1.43051,0.01019,1.000000,0.000000,0.000000,0.000000,0.0102,0.0000,-0.0000,0.0000,0.0000,-0.0000,0.0319,0.0000,0.0000,0.0000,0.0000,0.0000
11.7420,0.00000,-1.43051,0.01019,1.000000,0.000000,0.000000,0.000000,0.0102,0.0000,-0.0000,0.0000,0.0000,-0.0000,0.0320,0.0000,0.0000,0.0000,0.0000,0.0000
11.7620,0.00000,-1.43051,0.01019,1.000000,0.000000,0.000000,0.000000,0.0102,0.0000,-0.0000,-0.0000,0.0000,-0.0000,0.0320,0.0000,0.0000,0.0000,0.0000,0.0000
11.7820,0.00000,-1.43051,0.01019,1.000000,0.000000,0.000000,0.000000,0.0102,0.0000,-0.0000,-0.0000,0.0000,-0.0000,0.0321,0.0000,0.0000,0.0000,0.0000,0.0000
11.8020,0.00000,-1.43051,0.01019,1.000000,0.000000,0.000000,0.000000,0.0102,0.0000,-0.0000,0.0000,0.0000,-0.0000,0.0321,0.0000,0.0000,0.0000,0.0000,0.0000
11.8220,0.00000,-1.43051,0.01019,1.000000,0.000000,0.000000,0.000000,0.0102,0.0000,-0.0000,0.0000,0.0000,-0.0000,0.0322,0.0000,0.0000,0.0000,0.0000,0.0000
11.8420,0.00000,-1.43051,0.01019,1.000000,0.000000,0.000000,0.000000,0.0102,0.0000,-0.0000,0.0000,0.0000,-0.0000,0.0323,0.0000,0.0000,0.0000,0.0000,0.0000
11.8620,0.00000,-1.43051,0.01019,1.000000,0.000000,0.000000,0.000000,0.0102,0.0000,-0.0000,0.0000,0.0000,-0.0000,0.0323,0.0000,0.0000,0.0000,0.0000,0.0000
11.8820,0.00000,-1.43051,0.01019,1.000000,0.000000,0.000000,0.000000,0.0102,0.0000,-0.0000,0.0000,0.0000,-0.0000,0.0324,0.0000,0.0000,0.0000,0.0000,0.0000
11.9020,0.00000,-1.43051,0.01019,1.000000,0.000000,0.000000,0.000000,0.0102,0.0000,-0.0000,-0.0000,0.0000,-0.0000,0.0324,0.0000,0.0000,0.0000,0.0000,0.0000
11.9220,0.00000,-1.43051,0.01019,1.000000,0.000000,0.000000,0.000000,0.0102,0.0000,-0.0000,-0.0000,0.0000,-0.0000,0.0325,0.0000,0.0000,0.0000,0.0000,0.0000
11.9420,0.00000,-1.43051,0.01019,1.000000,0.000000,0.000000,0.000000,0.0102,0.0000,-0.0000,0.0000,0.0000,-0.0000,0.0325,0.0000,0.0000,0.0000,0.0000,0.0000
11.9620,0.00000,-1.43051,0.01019,1.000000,0.000000,0.000000,0.000000,0.0102,0.0000,-0.0000,-0.0000,0.0000,-0.0000,0.0326,0.0000,0.0000,0.0000,0.0000,0.0000
11.9820,0.00000,-1.43051,0.01019,1.000000,0.000000,0.000000,0.000000,0.0102,0.0000,-0.0000,-0.0000,0.0000,-0.0000,0.0326,0.0000,0.0000,0.0000,0.0000,0.0000
12.0020,0.00000,-1.43051,0.01019,1.000000,0.000000,0.000000,0.000000,0.0102,0.0000,-0.0000,-0.0000,0.0000,-0.0000,0.0327,0.0000,0.0000,0.0000,0.0000,0.0000
12.0220,0.00000,-1.43051,0.01019,1.000000,0.000000,0.000000,0.000000,0.0102,0.0000,-0.0000,-0.0000,0.0000,-0.0000,0.0327,0.0000,0.0000,0.0000,0.0000,0.0000
12.0420,0.00000,-1.43051,0.01019,1.000000,0.000000,0.000000,0.000000,0.0102,0.0000,-0.0000,0.0000,0.0000,-0.0000,0.0328,0.0000,0.0000,0.0000,0.0000,0.0000
12.0620,0.00000,-1.43051,0.01019,1.000000,0.000000,0.000000,0.000000,0.0102,0.0000,-0.0000,0.0000,0.0000,-0.0000,0.0328,0.0000,0.0000,0.0000,0.0000,0.0000
12.0820,0.00000,-1.43051,0.01019,1.000000,0.000000,0.000000,0.000000,0.0102,0.0000,-0.0000,0.0000,0.0000,-0.0000,0.0329,0.0000,0.0000,0.0000,0.0000,0.0000
12.1020,0.00000,-1.43051,0.01019,1.000000,0.000000,0.000000,0.000000,0.0102,0.0000,-0.0000,-0.0000,0.0000,-0.0000,0.0329,0.0000,0.0000,0.0000,0.0000,0.0000
12.1220,0.00000,-1.43051,0.01019,1.000000,0.000000,0.000000,0.000000,0.0102,0.0000,-0.0000,0.0000,0.0000,-0.0000,0.0330,0.0000,0.0000,0.0000,0.0000,0.0000
12.1420,0.00000,-1.43051,0.01019,1.000000,0.000000,0.000000,0.000000,0.0102,0.0000,-0.0000,-0.0000,0.0000,-0.0000,0.0331,0.0000,0.0000,0.0000,0.0000,0.0000
12.1620,0.00000,-1.43051,0.01019,1.000000,0.000000,0.000000,0.000000,0.0102,0.0000,-0.0000,-0.0000,0.0000,-0.0000,0.0331,0.0000,0.0000,0.0000,0.0000,0.0000
12.1820,0.00000,-1.43051,0.01019,1.000000,0.000000,0.000000,0.000000,0.0102,0.0000,-0.0000,0.0000,0.0000,-0.0000,0.0331,0.0000,0.0000,0.0000,0.0000,0.0000
12.2020,0.00000,-1.43051,0.01019,1.000000,0.000000,0.000000,0.000000,0.0102,0.0000,-0.0000,0.0000,0.0000,-0.0000,0.0332,0.0000,0.0000,0.0000,0.0000,0.0000
12.2220,0.00000,-1.43051,0.01019,1.000000,0.000000,0.000000,0.000000,0.0102,0.0000,-0.0000,0.0000,0.0000,-0.0000,0.0332,0.0000,0.0000,0.0000,0.0000,0.0000
12.2420,0.00000,-1.43051,0.01019,1.000000,0.000000,0.000000,0.000000,0.0102,0.0000,-0.0000,-0.0000,0.0000,-0.0000,0.0333,0.0000,0.0000,0.0000,0.0000,0.0000
12.2620,0.00000,-1.43051,0.01019,1.000000,0.000000,0.000000,0.000000,0.0102,0.0000,-0.0000,-0.0000,0.0000,-0.0000,0.0333,0.0000,0.0000,0.0000,0.0000,0.0000
12.2820,0.00000,-1.43051,0.01019,1.000000,0.000000,0.000000,0.000000,0.0102,0.0000,-0.0000,-0.0000,0.0000,-0.0000,0.0334,0.0000,0.0000,0.0000,0.0000,0.0000
12.3020,0.00000,-1.43051,0.01019,1.000000,0.000000,0.000000,0.000000,0.0102,0.0000,-0.0000,0.0000,0.0000,-0.0000,0.0334,0.0000,0.0000,0.0000,0.0000,0.0000
12.3220,0.00000,-1.43051,0.01019,1.000000,0.000000,0.000000,0.000000,0.0102,0.0000,-0.0000,-0.0000,0.0000,-0.0000,0.0335,0.0000,0.0000,0.0000,0.0000,0.0000
12.3420,0.00000,-1.43051,0.01019,1.000000,0.000000,0.000000,0.000000,0.0102,0.0000,-0.0000,-0.0000,0.0000,-0.0000,0.0335,0.0000,0.0000,0.0000,0.0000,0.0000
12.3620,0.00000,-1.43051,0.01019,1.000000,0.000000,0.000000,0.000000,0.0102,0.0000,-0.0000,-0.0000,0.0000,-0.0000,0.0336,0.0000,0.0000,0.0000,0.0000,0.0000
12.3820,0.00000,-1.43051,0.01019,1.000000,0.000000,0.000000,0.000000,0.0102,0.0000,-0.0000,0.0000,0.0000,-0.0000,0.0336,0.0000,0.0000,0.0000,0.0000,0.0000
12.4020,0.00000,-1.43051,0.01019,1.000000,0.000000,0.000000,0.000000,0.0102,0.0000,-0.0000,-0.0000,0.0000,-0.0000,0.0337,0.0000,0.0000,0.0000,0.0000,0.0000
12.4220,0.00000,-1.43051,0.01019,1.000000,0.000000,0.000000,0.000000,0.0102,0.0000,-0.0000,-0.0000,0.0000,-0.0000,0.0337,0.0000,0.0000,0.0000,0.0000,0.0000
12.4420,0.00000,-1.43051,0.01019,1.000000,0.000000,0.000000,0.000000,0.0102,0.0000,-0.0000,-0.0000,0.0000,-0.0000,0.0338,0.0000,0.0000,0.0000,0.0000,0.0000
12.4620,0.00000,-1.43051,0.01019,1.000000,0.000000,0.000000,0.000000,0.0102,0.0000,-0.0000,0.0000,0.0000,-0.0000,0.0338,0.0000,0.0000,0.0000,0.0000,0.0000
12.4820,0.00000,-1.43051,0.01019,1.000000,0.000000,-0.000000,0.000000,0.0102,0.0000,0.0000,0.0000,0.0000,-0.0000,0.0339,0.0000,0.0000,0.0000,0.0000,0.0000
12.5020,0.00000,-1.43051,0.01019,1.000000,0.000000,-0.000000,0.000000,0.0102,0.0000,0.0000,-0.0000,0.0000,-0.0000,0.0339,0.0000,0.0000,0.0000,0.0000,0.0000
12.5220,0.00000,-1.43051,0.01019,1.000000,0.000000,-0.000000,0.000000,0.0102,0.0000,0.0000,-0.0000,0.0000,-0.0000,0.0339,0.0000,0.0000,0.0000,0.0000,0.0000
12.5420,0.00000,-1.43051,0.01019,1.000000,0.000000,0.000000,0.000000,0.0102,0.0000,-0.0000,-0.0000,0.0000,-0.0000,0.0340,0.0000,0.0000,0.0000,0.0000,0.0000
12.5620,0.00000,-1.43051,0.01019,1.000000,0.000000,0.000000,0.000000,0.0102,0.0000,-0.0000,-0.0000,0.0000,-0.0000,0.0340,0.0000,0.0000,0.0000,0.0000,0.0000
12.5820,0.00000,-1.43051,0.01019,1.000000,0.000000,0.000000,0.000000,0.0102,0.0000,-0.0000,0.0000,0.0000,-0.0000,0.0341,0.0000,0.0000,0.0000,0.0000,0.0000
12.6020,0.00000,-1.43051,0.01019,1.000000,0.000000,0.000000,0.000000,0.0102,0.0000,-0.0000,-0.0000,0.0000,-0.0000,0.0341,0.0000,0.0000,0.0000,0.0000,0.0000
12.6220,0.00000,-1.43051,0.01019,1.000000,0.000000,0.000000,0.000000,0.0102,0.0000,-0.0000,0.0000,0.0000,-0.0000,0.0342,0.0000,0.0000,0.0000,0.0000,0.0000
12.6420,0.00000,-1.43051,0.01019,1.000000,0.000000,0.000000,0.000000,0.0102,0.0000,-0.0000,-0.0000,0.0000,-0.0000,0.0342,0.0000,0.0000,0.0000,0.0000,0.0000
12.6620,0.00000,-1.43051,0.01019,1.000000,0.000000,0.000000,0.000000,0.0102,0.0000,-0.0000,-0.0000,0.0000,-0.0000,0.0342,0.0000,0.0000,0.0000,0.0000,0.0000
12.6820,0.00000,-1.43051,0.01019,1.000000,0.000000,0.000000,0.000000,0.0102,0.0000,-0.0000,-0.0000,0.0000,-0.0000,0.0343,0.0000,0.0000,0.0000,0.0000,0.0000
12.7020,0.00000,-1.43051,0.01019,1.000000,0.000000,0.000000,0.000000,0.0102,0.0000,-0.0000,0.0000,0.0000,-0.0000,0.0343,0.0000,0.0000,0.0000,0.0000,0.0000
12.7220,0.00000,-1.43051,0.01019,1.000000,0.000000,0.000000,0.000000,0.0102,0.0000,-0.0000,0.0000,0.0000,-0.0000,0.0344,0.0000,0.0000,0.0000,0.0000,0.0000
12.7420,0.00000,-1.43051,0.01019,1.000000,0.000000,0.000000,0.000000,0.0102,0.0000,-0.0000,0.0000,0.0000,-0.0000,0.0344,0.0000,0.0000,0.0000,0.0000,0.0000
12.7620,0.00000,-1.43051,0.01019,1.000000,0.000000,0.000000,0.000000,0.0102,0.0000,-0.0000,0.0000,0.0000,-0.0000,0.0344,0.0000,0.0000,0.0000,0.0000,0.0000
12.7820,0.00000,-1.43051,0.01019,1.000000,0.000000,0.000000,0.000000,0.0102,0.0000,-0.0000,0.0000,0.0000,-0.0000,0.0345,0.0000,0.0000,0.0000,0.0000,0.0000
12.8020,0.00000,-1.43051,0.01019,1.000000,0.000000,0.000000,0.000000,0.0102,0.0000,-0.0000,-0.0000,0.0000,-0.0000,0.0345,0.0000,0.0000,0.0000,0.0000,0.0000
12.8220,0.00000,-1.43051,0.01019,1.000000,0.000000,0.000000,0.000000,0.0102,0.0000,-0.0000,-0.0000,0.0000,-0.0000,0.0346,0.0000,0.0000,0.0000,0.0000,0.0000
12.8420,0.00000,-1.43051,0.01019,1.000000,0.000000,0.000000,0.000000,0.0102,0.0000,-0.0000,-0.0000,0.0000,-0.0000,0.0346,0.0000,0.0000,0.0000,0.0000,0.0000
12.8620,0.00000,-1.43051,0.01019,1.000000,0.000000,0.000000,0.000000,0.0102,0.0000,-0.0000,-0.0000,0.0000,-0.0000,0.0346,0.0000,0.0000,0.0000,0.0000,0.0000
12.8820,0.00000,-1.43051,0.01019,1.000000,0.000000,0.000000,0.000000,0.0102,0.0000,-0.0000,0.0000,0.0000,-0.0000,0.0347,0.0000,0.0000,0.0000,0.0000,0.0000
12.9020,0.00000,-1.43051,0.01019,1.000000,0.000000,0.000000,0.000000,0.0102,0.0000,-0.0000,0.0000,0.0000,-0.0000,0.0347,0.0000,0.0000,0.0000,0.0000,0.0000
12.9220,0.00000,-1.43051,0.01019,1.000000,0.000000,0.000000,0.000000,0.0102,0.0000,-0.0000,-0.0000,0.0000,-0.0000,0.0347,0.0000,0.0000,0.0000,0.0000,0.0000
12.9420,0.00000,-1.43051,0.01019,1.000000,0.000000,0.000000,0.000000,0.0102,0.0000,-0.0000,0.0000,0.0000,-0.0000,0.0348,0.0000,0.0000,0.0000,0.0000,0.0000
12.9620,0.00000,-1.43051,0.01019,1.000000,0.000000,0.000000,0.000000,0.0102,0.0000,-0.0000,0.0000,0.0000,-0.0000,0.0348,0.0000,0.0000,0.0000,0.0000,0.0000
12.9820,0.00000,-1.43051,0.01019,1.000000,0.000000,0.000000,0.000000,0.0102,0.0000,-0.0000,-0.0000,0.0000,-0.0000,0.0349,0.0000,0.0000,0.0000,0.0000,0.0000
13.0020,0.00000,-1.43051,0.01019,1.000000,0.000000,0.000000,0.000000,0.0102,0.0000,-0.0000,-0.0000,0.0000,-0.0000,0.0349,0.0000,0.0000,0.0000,0.0000,0.0000
13.0220,0.00000,-1.43051,0.01019,1.000000,0.000000,0.000000,0.000000,0.0102,0.0000,-0.0000,0.0000,0.0000,-0.0000,0.0349,0.0000,0.0000,0.0000,0.0000,0.0000
13.0420,0.00000,-1.43051,0.01019,1.000000,0.000000,0.000000,0.000000,0.0102,0.0000,-0.0000,0.0000,0.0000,-0.0000,0.0350,0.0000,0.0000,0.0000,0.0000,0.0000
13.0620,0.00000,-1.43051,0.01019,1.000000,0.000000,0.000000,0.000000,0.0102,0.0000,-0.0000,0.0000,0.0000,-0.0000,0.0350,0.0000,0.0000,0.0000,0.0000,0.0000
13.0820,0.00000,-1.43051,0.01019,1.000000,0.000000,0.000000,0.000000,0.0102,0.0000,-0.0000,0.0000,0.0000,-0.0000,0.0350,0.0000,0.0000,0.0000,0.0000,0.0000
13.1020,0.00000,-1.43051,0.01019,1.000000,0.000000,0.000000,0.000000,0.0102,0.0000,-0.0000,0.0000,0.0000,-0.0000,0.0351,0.0000,0.0000,0.0000,0.0000,0.0000
13.1220,0.00000,-1.43051,0.01019,1.000000,0.000000,0.000000,0.000000,0.0102,0.0000,-0.0000,-0.0000,0.0000,-0.0000,0.0351,0.0000,0.0000,0.0000,0.0000,0.0000
13.1420,0.00000,-1.43051,0.01019,1.000000,0.000000,0.000000,0.000000,0.0102,0.0000,-0.0000,0.0000,0.0000,-0.0000,0.0351,0.0000,0.0000,0.0000,0.0000,0.0000
13.1620,0.00000,-1.43051,0.01019,1.000000,0.000000,0.000000,0.000000,0.0102,0.0000,-0.0000,-0.0000,0.0000,-0.0000,0.0352,0.0000,0.0000,0.0000,0.0000,0.0000
13.1820,0.00000,-1.43051,0.01019,1.000000,0.000000,0.000000,0.000000,0.0102,0.0000,-0.0000,-0.0000,0.0000,-0.0000,0.0352,0.0000,0.0000,0.0000,0.0000,0.0000
13.2020,0.00000,-1.43051,0.01019,1.000000,0.000000,0.000000,0.000000,0.0102,0.0000,-0.0000,0.0000,0.0000,-0.0000,0.0353,0.0000,0.0000,0.0000,0.0000,0.0000
13.2220,0.00000,-1.43051,0.01019,1.000000,0.000000,0.000000,0.000000,0.0102,0.0000,-0.0000,0.0000,0.0000,-0.0000,0.0353,0.0000,0.0000,0.0000,0.0000,0.0000
13.2420,0.00000,-1.43051,0.01019,1.000000,0.000000,0.000000,0.000000,0.0102,0.0000,-0.0000,-0.0000,0.0000,-0.0000,0.0353,0.0000,0.0000,0.0000,0.0000,0.0000
13.2620,0.00000,-1.43051,0.01019,1.000000,0.000000,0.000000,0.000000,0.0102,0.0000,-0.0000,0.0000,0.0000,-0.0000,0.0354,0.0000,0.0000,0.0000,0.0000,0.0000
13.2820,0.00000,-1.43051,0.01019,1.000000,0.000000,0.000000,0.000000,0.0102,0.0000,-0.0000,-0.0000,0.0000,-0.0000,0.0354,0.0000,0.0000,0.0000,0.0000,0.0000
13.3020,0.00000,-1.43051,0.01019,1.000000,0.000000,0.000000,0.000000,0.0102,0.0000,-0.0000,-0.0000,0.0000,-0.0000,0.0354,0.0000,0.0000,0.0000,0.0000,0.0000
13.3220,0.00000,-1.43051,0.01019,1.000000,0.000000,0.000000,0.000000,0.0102,0.0000,-0.0000,0.0000,0.0000,-0.0000,0.0355,0.0000,0.0000,0.0000,0.0000,0.0000
13.3420,0.00000,-1.43051,0.01019,1.000000,0.000000,0.000000,0.000000,0.0102,0.0000,-0.0000,-0.0000,0.0000,-0.0000,0.0355,0.0000,0.0000,0.0000,0.0000,0.0000
13.3620,0.00000,-1.43051,0.01019,1.000000,0.000000,0.000000,0.000000,0.0102,0.0000,-0.0000,0.0000,0.0000,-0.0000,0.0355,0.0000,0.0000,0.0000,0.0000,0.0000
13.3820,0.00000,-1.43051,0.01019,1.000000,0.000000,0.000000,0.000000,0.0102,0.0000,-0.0000,0.0000,0.0000,-0.0000,0.0355,0.0000,0.0000,0.0000,0.0000,0.0000
13.4020,0.00000,-1.43051,0.01019,1.000000,0.000000,0.000000,0.000000,0.0102,0.0000,-0.0000,0.0000,0.0000,-0.0000,0.0356,0.0000,0.0000,0.0000,0.0000,0.0000
13.4220,0.00000,-1.43051,0.01019,1.000000,0.000000,0.000000,0.000000,0.0102,0.0000,-0.0000,0.0000,0.0000,-0.0000,0.0356,0.0000,0.0000,0.0000,0.0000,0.0000
13.4420,0.00000,-1.43051,0.01019,1.000000,0.000000,0.000000,0.000000,0.0102,0.0000,-0.0000,-0.0000,0.0000,-0.0000,0.0356,0.0000,0.0000,0.0000,0.0000,0.0000
13.4620,0.00000,-1.43051,0.01019,1.000000,0.000000,0.000000,0.000000,0.0102,0.0000,-0.0000,-0.0000,0.0000,-0.0000,0.0357,0.0000,0.0000,0.0000,0.0000,0.0000
13.4820,0.00000,-1.43051,0.01019,1.000000,0.000000,0.000000,0.000000,0.0102,0.0000,-0.0000,-0.0000,0.0000,-0.0000,0.0357,0.0000,0.0000,0.0000,0.0000,0.0000
13.5020,0.00000,-1.43051,0.01019,1.000000,0.000000,0.000000,0.000000,0.0102,0.0000,-0.0000,0.0000,0.0000,-0.0000,0.0357,0.0000,0.0000,0.0000,0.0000,0.0000
13.5220,0.00000,-1.43051,0.01019,1.000000,0.000000,0.000000,0.000000,0.0102,0.0000,-0.0000,0.0000,0.0000,-0.0000,0.0358,0.0000,0.0000,0.0000,0.0000,0.0000
13.5420,0.00000,-1.43051,0.01019,1.000000,0.000000,0.000000,0.000000,0.0102,0.0000,-0.0000,0.0000,0.0000,-0.0000,0.0358,0.0000,0.0000,0.0000,0.0000,0.0000
13.5620,0.00000,-1.43051,0.01019,1.000000,0.000000,0.000000,0.000000,0.0102,0.0000,-0.0000,0.0000,0.0000,-0.0000,0.0358,0.0000,0.0000,0.0000,0.0000,0.0000
13.5820,0.00000,-1.43051,0.01019,1.000000,0.000000,0.000000,0.000000,0.0102,0.0000,-0.0000,-0.0000,0.0000,-0.0000,0.0359,0.0000,0.0000,0.0000,0.0000,0.0000
13.6020,0.00000,-1.43051,0.01019,1.000000,0.000000,0.000000,0.000000,0.0102,0.0000,-0.0000,-0.0000,0.0000,-0.0000,0.0359,0.0000,0.0000,0.0000,0.0000,0.0000
13.6220,0.00000,-1.43051,0.01019,1.000000,0.000000,0.000000,0.000000,0.0102,0.0000,-0.0000,0.0000,0.0000,-0.0000,0.0359,0.0000,0.0000,0.0000,0.0000,0.0000
13.6420,0.00000,-1.43051,0.01019,1.000000,0.000000,0.000000,0.000000,0.0102,0.0000,-0.0000,0.0000,0.0000,-0.0000,0.0359,0.0000,0.0000,0.0000,0.0000,0.0000
13.6620,0.00000,-1.43051,0.01019,1.000000,0.000000,0.000000,0.000000,0.0102,0.0000,-0.0000,0.0000,0.0000,-0.0000,0.0360,0.0000,0.0000,0.0000,0.0000,0.0000
13.6820,0.00000,-1.43051,0.01019,1.000000,0.000000,0.000000,0.000000,0.0102,0.0000,-0.0000,-0.0000,0.0000,-0.0000,0.0360,0.0000,0.0000,0.0000,0.0000,0.0000
13.7020,0.00000,-1.43051,0.01019,1.000000,0.000000,0.000000,0.000000,0.0102,0.0000,-0.0000,-0.0000,0.0000,-0.0000,0.0360,0.0000,0.0000,0.0000,0.0000,0.0000
13.7220,0.00000,-1.43051,0.01019,1.000000,0.000000,-0.000000,0.000000,0.0102,0.0000,0.0000,0.0000,0.0000,-0.0000,0.0361,0.0000,0.0000,0.0000,0.0000,0.0000
13.7420,0.00000,-1.43051,0.01019,1.000000,0.000000,0.000000,0.000000,0.0102,0.0000,-0.0000,-0.0000,0.0000,-0.0000,0.0361,0.0000,0.0000,0.0000,0.0000,0.0000
13.7620,0.00000,-1.43051,0.01019,1.000000,0.000000,0.000000,0.000000,0.0102,0.0000,-0.0000,0.0000,0.0000,-0.0000,0.0361,0.0000,0.0000,0.0000,0.0000,0.0000
13.7820,0.00000,-1.43051,0.01019,1.000000,0.000000,0.000000,0.000000,0.0102,0.0000,-0.0000,-0.0000,0.0000,-0.0000,0.0361,0.0000,0.0000,0.0000,0.0000,0.0000
13.8020,0.00000,-1.43051,0.01019,1.000000,0.000000,0.000000,0.000000,0.0102,0.0000,-0.0000,0.0000,0.0000,-0.0000,0.0362,0.0000,0.0000,0.0000,0.0000,0.0000
13.8220,0.00000,-1.43051,0.01019,1.000000,0.000000,0.000000,0.000000,0.0102,0.0000,-0.0000,-0.0000,0.0000,-0.0000,0.0362,0.0000,0.0000,0.0000,0.0000,0.0000
13.8420,0.00000,-1.43051,0.01019,1.000000,0.000000,0.000000,0.000000,0.0102,0.0000,-0.0000,0.0000,0.0000,-0.0000,0.0362,0.0000,0.0000,0.0000,0.0000,0.0000
13.8620,0.00000,-1.43051,0.01019,1.000000,0.000000,0.000000,0.000000,0.0102,0.0000,-0.0000,0.0000,0.0000,-0.0000,0.0363,0.0000,0.0000,0.0000,0.0000,0.0000
13.8820,0.00000,-1.43051,0.01019,1.000000,0.000000,0.000000,0.000000,0.0102,0.0000,-0.0000,-0.0000,0.0000,-0.0000,0.0363,0.0000,0.0000,0.0000,0.0000,0.0000
13.9020,0.00000,-1.43051,0.01019,1.000000,0.000000,0.000000,0.000000,0.0102,0.0000,-0.0000,-0.0000,0.0000,-0.0000,0.0363,0.0000,0.0000,0.0000,0.0000,0.0000
13.9220,0.00000,-1.43051,0.01019,1.000000,0.000000,0.000000,0.000000,0.0102,0.0000,-0.0000,-0.0000,0.0000,-0.0000,0.0363,0.0000,0.0000,0.0000,0.0000,0.0000
13.9420,0.00000,-1.43051,0.01019,1.000000,0.000000,0.000000,0.000000,0.0102,0.0000,-0.0000,0.0000,0.0000,-0.0000,0.0364,0.0000,0.0000,0.0000,0.0000,0.0000
13.9620,0.00000,-1.43051,0.01019,1.000000,0.000000,0.000000,0.000000,0.0102,0.0000,-0.0000,-0.0000,0.0000,-0.0000,0.0364,0.0000,0.0000,0.0000,0.0000,0.0000
13.9820,0.00000,-1.43051,0.01019,1.000000,0.000000,0.000000,0.000000,0.0102,0.0000,-0.0000,0.0000,0.0000,-0.0000,0.0364,0.0000,0.0000,0.0000,0.0000,0.0000
14.0020,0.00000,-1.43051,0.01019,1.000000,0.000000,0.000000,0.000000,0.0102,0.0000,-0.0000,-0.0000,0.0000,-0.0000,0.0364,0.0000,0.0000,0.0000,0.0000,0.0000
14.0220,0.00000,-1.43051,0.01019,1.000000,0.000000,0.000000,0.000000,0.0102,0.0000,-0.0000,-0.0000,0.0000,-0.0000,0.0365,0.0000,0.0000,0.0000,0.0000,0.0000
14.0420,0.00000,-1.43051,0.01019,1.000000,0.000000,0.000000,0.000000,0.0102,0.0000,-0.0000,0.0000,0.0000,-0.0000,0.0365,0.0000,0.0000,0.0000,0.0000,0.0000
14.0620,0.00000,-1.43051,0.01019,1.000000,0.000000,0.000000,0.000000,0.0102,0.0000,-0.0000,-0.0000,0.0000,-0.0000,0.0365,0.0000,0.0000,0.0000,0.0000,0.0000
14.0820,0.00000,-1.43051,0.01019,1.000000,0.000000,0.000000,0.000000,0.0102,0.0000,-0.0000,0.0000,0.0000,-0.0000,0.0365,0.0000,0.0000,0.0000,0.0000,0.0000
14.1020,0.00000,-1.43051,0.01019,1.000000,0.000000,0.000000,0.000000,0.0102,0.0000,-0.0000,-0.0000,0.0000,-0.0000,0.0366,0.0000,0.0000,0.0000,0.0000,0.0000
14.1220,0.00000,-1.43051,0.01019,1.000000,0.000000,0.000000,0.000000,0.0102,0.0000,-0.0000,0.0000,0.0000,-0.0000,0.0366,0.0000,0.0000,0.0000,0.0000,0.0000
14.1420,0.00000,-1.43051,0.01019,1.000000,0.000000,0.000000,0.000000,0.0102,0.0000,-0.0000,0.0000,0.0000,-0.0000,0.0366,0.0000,0.0000,0.0000,0.0000,0.0000
14.1620,0.00000,-1.43051,0.01019,1.000000,0.000000,0.000000,0.000000,0.0102,0.0000,-0.0000,0.0000,0.0000,-0.0000,0.0366,0.0000,0.0000,0.0000,0.0000,0.0000
14.1820,0.00000,-1.43051,0.01019,1.000000,0.000000,0.000000,0.000000,0.0102,0.0000,-0.0000,0.0000,0.0000,-0.0000,0.0367,0.0000,0.0000,0.0000,0.0000,0.0000
14.2020,0.00000,-1.43051,0.01019,1.000000,0.000000,0.000000,0.000000,0.0102,0.0000,-0.0000,-0.0000,0.0000,-0.0000,0.0367,0.0000,0.0000,0.0000,0.0000,0.0000
14.2220,0.00000,-1.43051,0.01019,1.000000,0.000000,0.000000,0.000000,0.0102,0.0000,-0.0000,-0.0000,0.0000,-0.0000,0.0367,0.0000,0.0000,0.0000,0.0000,0.0000
14.2420,0.00000,-1.43051,0.01019,1.000000,0.000000,0.000000,0.000000,0.0102,0.0000,-0.0000,0.0000,0.0000,-0.0000,0.0367,0.0000,0.0000,0.0000,0.0000,0.0000
14.2620,0.00000,-1.43051,0.01019,1.000000,0.000000,0.000000,0.000000,0.0102,0.0000,-0.0000,0.0000,0.0000,-0.0000,0.0368,0.0000,0.0000,0.0000,0.0000,0.0000
14.2820,0.00000,-1.43051,0.01019,1.000000,0.000000,0.000000,0.000000,0.0102,0.0000,-0.0000,-0.0000,0.0000,-0.0000,0.0368,0.0000,0.0000,0.0000,0.0000,0.0000
14.3020,0.00000,-1.43051,0.01019,1.000000,0.000000,0.000000,0.000000,0.0102,0.0000,-0.0000,-0.0000,0.0000,-0.0000,0.0368,0.0000,0.0000,0.0000,0.0000,0.0000
14.3220,0.00000,-1.43051,0.01019,1.000000,0.000000,0.000000,0.000000,0.0102,0.0000,-0.0000,0.0000,0.0000,-0.0000,0.0368,0.0000,0.0000,0.0000,0.0000,0.0000
14.3420,0.00000,-1.43051,0.01019,1.000000,0.000000,0.000000,0.000000,0.0102,0.0000,-0.0000,0.0000,0.0000,-0.0000,0.0368,0.0000,0.0000,0.0000,0.0000,0.0000
14.3620,0.00000,-1.43051,0.01019,1.000000,0.000000,0.000000,0.000000,0.0102,0.0000,-0.0000,-0.0000,0.0000,-0.0000,0.0369,0.0000,0.0000,0.0000,0.0000,0.0000
14.3820,0.00000,-1.43051,0.01019,1.000000,0.000000,0.000000,0.000000,0.0102,0.0000,-0.0000,0.0000,0.0000,-0.0000,0.0369,0.0000,0.0000,0.0000,0.0000,0.0000
14.4020,0.00000,-1.43051,0.01019,1.000000,0.000000,0.000000,0.000000,0.0102,0.0000,-0.0000,-0.0000,0.0000,-0.0000,0.0369,0.0000,0.0000,0.0000,0.0000,0.0000
14.4220,0.00000,-1.43051,0.01019,1.000000,0.000000,0.000000,0.000000,0.0102,0.0000,-0.0000,-0.0000,0.0000,-0.0000,0.0369,0.0000,0.0000,0.0000,0.0000,0.0000
14.4420,0.00000,-1.43051,0.01019,1.000000,0.000000,0.000000,0.000000,0.0102,0.0000,-0.0000,0.0000,0.0000,-0.0000,0.0370,0.0000,0.0000,0.0000,0.0000,0.0000
14.4620,0.00000,-1.43051,0.01019,1.000000,0.000000,0.000000,0.000000,0.0102,0.0000,-0.0000,-0.0000,0.0000,-0.0000,0.0370,0.0000,0.0000,0.0000,0.0000,0.0000
14.4820,0.00000,-1.43051,0.01019,1.000000,0.000000,0.000000,0.000000,0.0102,0.0000,-0.0000,0.0000,0.0000,-0.0000,0.0370,0.0000,0.0000,0.0000,0.0000,0.0000
14.5020,0.00000,-1.43051,0.01019,1.000000,0.000000,0.000000,0.000000,0.0102,0.0000,-0.0000,-0.0000,0.0000,-0.0000,0.0370,0.0000,0.0000,0.0000,0.0000,0.0000
14.5220,0.00000,-1.43051,0.01019,1.000000,0.000000,0.000000,0.000000,0.0102,0.0000,-0.0000,0.0000,0.0000,-0.0000,0.0371,0.0000,0.0000,0.0000,0.0000,0.0000
14.5420,0.00000,-1.43051,0.01019,1.000000,0.000000,0.000000,0.000000,0.0102,0.0000,-0.0000,0.0000,0.0000,-0.0000,0.0371,0.0000,0.0000,0.0000,0.0000,0.0000
14.5620,0.00000,-1.43051,0.01019,1.000000,0.000000,0.000000,0.000000,0.0102,0.0000,-0.0000,0.0000,0.0000,-0.0000,0.0371,0.0000,0.0000,0.0000,0.0000,0.0000
14.5820,0.00000,-1.43051,0.01019,1.000000,0.000000,0.000000,0.000000,0.0102,0.0000,-0.0000,0.0000,0.0000,-0.0000,0.0371,0.0000,0.0000,0.0000,0.0000,0.0000
14.6020,0.00000,-1.43051,0.01019,1.000000,0.000000,0.000000,0.000000,0.0102,0.0000,-0.0000,-0.0000,0.0000,-0.0000,0.0371,0.0000,0.0000,0.0000,0.0000,0.0000
14.6220,0.00000,-1.43051,0.01019,1.000000,0.000000,0.000000,0.000000,0.0102,0.0000,-0.0000,-0.0000,0.0000,-0.0000,0.0372,0.0000,0.0000,0.0000,0.0000,0.0000
14.6420,0.00000,-1.43051,0.01019,1.000000,0.000000,-0.000000,0.000000,0.0102,0.0000,0.0000,0.0000,0.0000,-0.0000,0.0372,0.0000,0.0000,0.0000,0.0000,0.0000
14.6620,0.00000,-1.43051,0.01019,1.000000,0.000000,-0.000000,0.000000,0.0102,0.0000,0.0000,0.0000,0.0000,-0.0000,0.0372,0.0000,0.0000,0.0000,0.0000,0.0000
14.6820,0.00000,-1.43051,0.01019,1.000000,0.000000,0.000000,0.000000,0.0102,0.0000,-0.0000,0.0000,0.0000,-0.0000,0.0372,0.0000,0.0000,0.0000,0.0000,0.0000
14.7020,0.00000,-1.43051,0.01019,1.000000,0.000000,0.000000,0.000000,0.0102,0.0000,-0.0000,-0.0000,0.0000,-0.0000,0.0372,0.0000,0.0000,0.0000,0.0000,0.0000
14.7220,0.00000,-1.43051,0.01019,1.000000,0.000000,0.000000,0.000000,0.0102,0.0000,-0.0000,-0.0000,0.0000,-0.0000,0.0373,0.0000,0.0000,0.0000,0.0000,0.0000
14.7420,0.00000,-1.43051,0.01019,1.000000,0.000000,0.000000,0.000000,0.0102,0.0000,-0.0000,-0.0000,0.0000,-0.0000,0.0373,0.0000,0.0000,0.0000,0.0000,0.0000
14.7620,0.00000,-1.43051,0.01019,1.000000,0.000000,0.000000,0.000000,0.0102,0.0000,-0.0000,0.0000,0.0000,-0.0000,0.0373,0.0000,0.0000,0.0000,0.0000,0.0000
14.7820,0.00000,-1.43051,0.01019,1.000000,0.000000,0.000000,0.000000,0.0102,0.0000,-0.0000,-0.0000,0.0000,-0.0000,0.0373,0.0000,0.0000,0.0000,0.0000,0.0000
14.8020,0.00000,-1.43051,0.01019,1.000000,0.000000,0.000000,0.000000,0.0102,0.0000,-0.0000,-0.0000,0.0000,-0.0000,0.0373,0.0000,0.0000,0.0000,0.0000,0.0000
14.8220,0.00000,-1.43051,0.01019,1.000000,0.000000,0.000000,0.000000,0.0102,0.0000,-0.0000,0.0000,0.0000,-0.0000,0.0374,0.0000,0.0000,0.0000,0.0000,0.0000
14.8420,0.00000,-1.43051,0.01019,1.000000,0.000000,0.000000,0.000000,0.0102,0.0000,-0.0000,0.0000,0.0000,-0.0000,0.0374,0.0000,0.0000,0.0000,0.0000,0.0000
14.8620,0.00000,-1.43051,0.01019,1.000000,0.000000,0.000000,0.000000,0.0102,0.0000,-0.0000,0.0000,0.0000,-0.0000,0.0374,0.0000,0.0000,0.0000,0.0000,0.0000
14.8820,0.00000,-1.43051,0.01019,1.000000,0.000000,0.000000,0.000000,0.0102,0.0000,-0.0000,0.0000,0.0000,-0.0000,0.0374,0.0000,0.0000,0.0000,0.0000,0.0000
14.9020,0.00000,-1.43051,0.01019,1.000000,0.000000,0.000000,0.000000,0.0102,0.0000,-0.0000,-0.0000,0.0000,-0.0000,0.0374,0.0000,0.0000,0.0000,0.0000,0.0000
14.9220,0.00000,-1.43051,0.01019,1.000000,0.000000,0.000000,0.000000,0.0102,0.0000,-0.0000,-0.0000,0.0000,-0.0000,0.0375,0.0000,0.0000,0.0000,0.0000,0.0000
14.9420,0.00000,-1.43051,0.01019,1.000000,0.000000,-0.000000,0.000000,0.0102,0.0000,0.0000,-0.0000,0.0000,-0.0000,0.0375,0.0000,0.0000,0.0000,0.0000,0.0000
14.9620,0.00000,-1.43051,0.01019,1.000000,0.000000,-0.000000,0.000000,0.0102,0.0000,0.0000,-0.0000,0.0000,-0.0000,0.0375,0.0000,0.0000,0.0000,0.0000,0.0000
14.9820,0.00000,-1.43051,0.01019,1.000000,0.000000,0.000000,0.000000,0.0102,0.0000,-0.0000,0.0000,0.0000,-0.0000,0.0375,0.0000,0.0000,0.0000,0.0000,0.0000
15.0020,0.00000,-1.43051,0.01019,1.000000,0.000000,0.000000,0.000000,0.0102,0.0000,-0.0000,-0.0000,0.0000,-0.0000,0.0375,0.0000,0.0000,0.0000,0.0000,0.0000
15.0220,0.00000,-1.43051,0.01019,1.000000,0.000000,0.000000,0.000000,0.0102,0.0000,-0.0000,0.0000,0.0000,-0.0000,0.0376,0.0000,0.0000,0.0000,0.0000,0.0000
15.0420,0.00000,-1.43051,0.01019,1.000000,0.000000,0.000000,0.000000,0.0102,0.0000,-0.0000,-0.0000,0.0000,-0.0000,0.0376,0.0000,0.0000,0.0000,0.0000,0.0000
15.0620,0.00000,-1.43051,0.01019,1.000000,0.000000,0.000000,0.000000,0.0102,0.0000,-0.0000,0.0000,0.0000,-0.0000,0.0376,0.0000,0.0000,0.0000,0.0000,0.0000
15.0820,0.00000,-1.43051,0.01019,1.000000,0.000000,0.000000,0.000000,0.0102,0.0000,-0.0000,0.0000,0.0000,-0.0000,0.0376,0.0000,0.0000,0.0000,0.0000,0.0000
15.1020,0.00000,-1.43051,0.01019,1.000000,0.000000,-0.000000,0.000000,0.0102,0.0000,0.0000,0.0000,0.0000,-0.0000,0.0376,0.0000,0.0000,0.0000,0.0000,0.0000
15.1220,0.00000,-1.43051,0.01019,1.000000,0.000000,0.000000,0.000000,0.0102,0.0000,-0.0000,-0.0000,0.0000,-0.0000,0.0376,0.0000,0.0000,0.0000,0.0000,0.0000
15.1420,0.00000,-1.43051,0.01019,1.000000,0.000000,0.000000,0.000000,0.0102,0.0000,-0.0000,0.0000,0.0000,-0.0000,0.0377,0.0000,0.0000,0.0000,0.0000,0.0000
15.1620,0.00000,-1.43051,0.01019,1.000000,0.000000,-0.000000,0.000000,0.0102,0.0000,0.0000,0.0000,0.0000,-0.0000,0.0377,0.0000,0.0000,0.0000,0.0000,0.0000
15.1820,0.00000,-1.43051,0.01019,1.000000,0.000000,-0.000000,0.000000,0.0102,0.0000,0.0000,-0.0000,0.0000,-0.0000,0.0377,0.0000,0.0000,0.0000,0.0000,0.0000
15.2020,0.00000,-1.43051,0.01019,1.000000,0.000000,0.000000,0.000000,0.0102,0.0000,-0.0000,-0.0000,0.0000,-0.0000,0.0377,0.0000,0.0000,0.0000,0.0000,0.0000
15.2220,0.00000,-1.43051,0.01019,1.000000,0.000000,-0.000000,0.000000,0.0102,0.0000,0.0000,0.0000,0.0000,-0.0000,0.0377,0.0000,0.0000,0.0000,0.0000,0.0000
15.2420,0.00000,-1.43051,0.01019,1.000000,0.000000,0.000000,0.000000,0.0102,0.0000,-0.0000,0.0000,0.0000,-0.0000,0.0378,0.0000,0.0000,0.0000,0.0000,0.0000
15.2620,0.00000,-1.43051,0.01019,1.000000,0.000000,0.000000,0.000000,0.0102,0.0000,-0.0000,0.0000,0.0000,-0.0000,0.0378,0.0000,0.0000,0.0000,0.0000,0.0000
15.2820,0.00000,-1.43051,0.01019,1.000000,0.000000,0.000000,0.000000,0.0102,0.0000,-0.0000,-0.0000,0.0000,-0.0000,0.0378,0.0000,0.0000,0.0000,0.0000,0.0000
15.3020,0.00000,-1.43051,0.01019,1.000000,0.000000,0.000000,0.000000,0.0102,0.0000,-0.0000,0.0000,0.0000,-0.0000,0.0378,0.0000,0.0000,0.0000,0.0000,0.0000
15.3220,0.00000,-1.43051,0.01019,1.000000,0.000000,-0.000000,0.000000,0.0102,0.0000,0.0000,0.0000,0.0000,-0.0000,0.0378,0.0000,0.0000,0.0000,0.0000,0.0000
15.3420,0.00000,-1.43051,0.01019,1.000000,0.000000,0.000000,0.000000,0.0102,0.0000,-0.0000,0.0000,0.0000,-0.0000,0.0378,0.0000,0.0000,0.0000,0.0000,0.0000
15.3620,0.00000,-1.43051,0.01019,1.000000,0.000000,0.000000,0.000000,0.0102,0.0000,-0.0000,-0.0000,0.0000,-0.0000,0.0379,0.0000,0.0000,0.0000,0.0000,0.0000
15.3820,0.00000,-1.43051,0.01019,1.000000,0.000000,0.000000,0.000000,0.0102,0.0000,-0.0000,-0.0000,0.0000,-0.0000,0.0379,0.0000,0.0000,0.0000,0.0000,0.0000
15.4020,0.00000,-1.43051,0.01019,1.000000,0.000000,0.000000,0.000000,0.0102,0.0000,-0.0000,0.0000,0.0000,-0.0000,0.0379,0.0000,0.0000,0.0000,0.0000,0.0000
15.4220,0.00000,-1.43051,0.01019,1.000000,0.000000,0.000000,0.000000,0.0102,0.0000,-0.0000,0.0000,0.0000,-0.0000,0.0379,0.0000,0.0000,0.0000,0.0000,0.0000
15.4420,0.00000,-1.43051,0.01019,1.000000,0.000000,0.000000,0.000000,0.0102,0.0000,-0.0000,0.0000,0.0000,-0.0000,0.0379,0.0000,0.0000,0.0000,0.0000,0.0000
15.4620,0.00000,-1.43051,0.01019,1.000000,0.000000,0.000000,0.000000,0.0102,0.0000,-0.0000,-0.0000,0.0000,-0.0000,0.0379,0.0000,0.0000,0.0000,0.0000,0.0000
15.4820,0.00000,-1.43051,0.01019,1.000000,0.000000,0.000000,0.000000,0.0102,0.0000,-0.0000,0.0000,0.0000,-0.0000,0.0380,0.0000,0.0000,0.0000,0.0000,0.0000
15.5020,0.00000,-1.43051,0.01019,1.000000,0.000000,0.000000,0.000000,0.0102,0.0000,-0.0000,-0.0000,0.0000,-0.0000,0.0380,0.0000,0.0000,0.0000,0.0000,0.0000
15.5220,0.00000,-1.43051,0.01019,1.000000,0.000000,0.000000,0.000000,0.0102,0.0000,-0.0000,0.0000,0.0000,-0.0000,0.0380,0.0000,0.0000,0.0000,0.0000,0.0000
15.5420,0.00000,-1.43051,0.01019,1.000000,0.000000,0.000000,0.000000,0.0102,0.0000,-0.0000,-0.0000,0.0000,-0.0000,0.0380,0.0000,0.0000,0.0000,0.0000,0.0000
15.5620,0.00000,-1.43051,0.01019,1.000000,0.000000,0.000000,0.000000,0.0102,0.0000,-0.0000,-0.0000,0.0000,-0.0000,0.0380,0.0000,0.0000,0.0000,0.0000,0.0000
15.5820,0.00000,-1.43051,0.01019,1.000000,0.000000,0.000000,0.000000,0.0102,0.0000,-0.0000,-0.0000,0.0000,-0.0000,0.0380,0.0000,0.0000,0.0000,0.0000,0.0000
15.6020,0.00000,-1.43051,0.01019,1.000000,0.000000,0.000000,0.000000,0.0102,0.0000,-0.0000,-0.0000,0.0000,-0.0000,0.0381,0.0000,0.0000,0.0000,0.0000,0.0000
15.6220,0.00000,-1.43051,0.01019,1.000000,0.000000,0.000000,0.000000,0.0102,0.0000,-0.0000,-0.0000,0.0000,-0.0000,0.0381,0.0000,0.0000,0.0000,0.0000,0.0000
15.6420,0.00000,-1.43051,0.01019,1.000000,0.000000,0.000000,0.000000,0.0102,0.0000,-0.0000,0.0000,0.0000,-0.0000,0.0381,0.0000,0.0000,0.0000,0.0000,0.0000
15.6620,0.00000,-1.43051,0.01019,1.000000,0.000000,0.000000,0.000000,0.0102,0.0000,-0.0000,0.0000,0.0000,-0.0000,0.0381,0.0000,0.0000,0.0000,0.0000,0.0000
15.6820,0.00000,-1.43051,0.01019,1.000000,0.000000,0.000000,0.000000,0.0102,0.0000,-0.0000,0.0000,0.0000,-0.0000,0.0381,0.0000,0.0000,0.0000,0.0000,0.0000
15.7020,0.00000,-1.43051,0.01019,1.000000,0.000000,0.000000,0.000000,0.0102,0.0000,-0.0000,-0.0000,0.0000,-0.0000,0.0381,0.0000,0.0000,0.0000,0.0000,0.0000
15.7220,0.00000,-1.43051,0.01019,1.000000,0.000000,0.000000,0.000000,0.0102,0.0000,-0.0000,0.0000,0.0000,-0.0000,0.0382,0.0000,0.0000,0.0000,0.0000,0.0000
15.7420,0.00000,-1.43051,0.01019,1.000000,0.000000,0.000000,0.000000,0.0102,0.0000,-0.0000,-0.0000,0.0000,-0.0000,0.0382,0.0000,0.0000,0.0000,0.0000,0.0000
15.7620,0.00000,-1.43051,0.01019,1.000000,0.000000,0.000000,0.000000,0.0102,0.0000,-0.0000,0.0000,0.0000,-0.0000,0.0382,0.0000,0.0000,0.0000,0.0000,0.0000
15.7820,0.00000,-1.43051,0.01019,1.000000,0.000000,0.000000,0.000000,0.0102,0.0000,-0.0000,0.0000,0.0000,-0.0000,0.0382,0.0000,0.0000,0.0000,0.0000,0.0000
15.8020,0.00000,-1.43051,0.01019,1.000000,0.000000,0.000000,0.000000,0.0102,0.0000,-0.0000,-0.0000,0.0000,-0.0000,0.0382,0.0000,0.0000,0.0000,0.0000,0.0000
15.8220,0.00000,-1.43051,0.01019,1.000000,0.000000,0.000000,0.000000,0.0102,0.0000,-0.0000,0.0000,0.0000,-0.0000,0.0382,0.0000,0.0000,0.0000,0.0000,0.0000
15.8420,0.00000,-1.43051,0.01019,1.000000,0.000000,-0.000000,0.000000,0.0102,0.0000,0.0000,-0.0000,0.0000,-0.0000,0.0382,0.0000,0.0000,0.0000,0.0000,0.0000
15.8620,0.00000,-1.43051,0.01019,1.000000,0.000000,-0.000000,0.000000,0.0102,0.0000,0.0000,0.0000,0.0000,-0.0000,0.0383,0.0000,0.0000,0.0000,0.0000,0.0000
15.8820,0.00000,-1.43051,0.01019,1.000000,0.000000,-0.000000,0.000000,0.0102,0.0000,0.0000,0.0000,0.0000,-0.0000,0.0383,0.0000,0.0000,0.0000,0.0000,0.0000
15.9020,0.00000,-1.43051,0.01019,1.000000,0.000000,0.000000,0.000000,0.0102,0.0000,-0.0000,-0.0000,0.0000,-0.0000,0.0383,0.0000,0.0000,0.0000,0.0000,0.0000
15.9220,0.00000,-1.43051,0.01019,1.000000,0.000000,0.000000,0.000000,0.0102,0.0000,-0.0000,-0.0000,0.0000,-0.0000,0.0383,0.0000,0.0000,0.0000,0.0000,0.0000
15.9420,0.00000,-1.43051,0.01019,1.000000,0.000000,0.000000,0.000000,0.0102,0.0000,-0.0000,-0.0000,0.0000,-0.0000,0.0383,0.0000,0.0000,0.0000,0.0000,0.0000
15.9620,0.00000,-1.43051,0.01019,1.000000,0.000000,0.000000,0.000000,0.0102,0.0000,-0.0000,-0.0000,0.0000,-0.0000,0.0383,0.0000,0.0000,0.0000,0.0000,0.0000
15.9820,0.00000,-1.43051,0.01019,1.000000,0.000000,0.000000,0.000000,0.0102,0.0000,-0.0000,-0.0000,0.0000,-0.0000,0.0383,0.0000,0.0000,0.0000,0.0000,0.0000
16.0020,0.00000,-1.43051,0.01019,1.000000,0.000000,0.000000,0.000000,0.0102,0.0000,-0.0000,0.0000,0.0000,-0.0000,0.0384,0.0000,0.0000,0.0000,0.0000,0.0000
16.0220,0.00000,-1.43051,0.01019,1.000000,0.000000,0.000000,0.000000,0.0102,0.0000,-0.0000,-0.0000,0.0000,-0.0000,0.0384,0.0000,0.0000,0.0000,0.0000,0.0000
16.0420,0.00000,-1.43051,0.01019,1.000000,0.000000,0.000000,0.000000,0.0102,0.0000,-0.0000,0.0000,0.0000,-0.0000,0.0384,0.0000,0.0000,0.0000,0.0000,0.0000
16.0620,0.00000,-1.43051,0.01019,1.000000,0.000000,0.000000,0.000000,0.0102,0.0000,-0.0000,-0.0000,0.0000,-0.0000,0.0384,0.0000,0.0000,0.0000,0.0000,0.0000
16.0820,0.00000,-1.43051,0.01019,1.000000,0.000000,0.000000,0.000000,0.0102,0.0000,-0.0000,-0.0000,0.0000,-0.0000,0.0384,0.0000,0.0000,0.0000,0.0000,0.0000
16.1020,0.00000,-1.43051,0.01019,1.000000,0.000000,0.000000,0.000000,0.0102,0.0000,-0.0000,0.0000,0.0000,-0.0000,0.0384,0.0000,0.0000,0.0000,0.0000,0.0000
16.1220,0.00000,-1.43051,0.01019,1.000000,0.000000,0.000000,0.000000,0.0102,0.0000,-0.0000,-0.0000,0.0000,-0.0000,0.0384,0.0000,0.0000,0.0000,0.0000,0.0000
16.1420,0.00000,-1.43051,0.01019,1.000000,0.000000,0.000000,0.000000,0.0102,0.0000,-0.0000,0.0000,0.0000,-0.0000,0.0385,0.0000,0.0000,0.0000,0.0000,0.0000
16.1620,0.00000,-1.43051,0.01019,1.000000,0.000000,0.000000,0.000000,0.0102,0.0000,-0.0000,-0.0000,0.0000,-0.0000,0.0385,0.0000,0.0000,0.0000,0.0000,0.0000
16.1820,0.00000,-1.43051,0.01019,1.000000,0.000000,0.000000,0.000000,0.0102,0.0000,-0.0000,0.0000,0.0000,-0.0000,0.0385,0.0000,0.0000,0.0000,0.0000,0.0000
16.2020,0.00000,-1.43051,0.01019,1.000000,0.000000,0.000000,0.000000,0.0102,0.0000,-0.0000,0.0000,0.0000,-0.0000,0.0385,0.0000,0.0000,0.0000,0.0000,0.0000
16.2220,0.00000,-1.43051,0.01019,1.000000,0.000000,0.000000,0.000000,0.0102,0.0000,-0.0000,0.0000,0.0000,-0.0000,0.0385,0.0000,0.0000,0.0000,0.0000,0.0000
16.2420,0.00000,-1.43051,0.01019,1.000000,0.000000,0.000000,0.000000,0.0102,0.0000,-0.0000,0.0000,0.0000,-0.0000,0.0385,0.0000,0.0000,0.0000,0.0000,0.0000
16.2620,0.00000,-1.43051,0.01019,1.000000,0.000000,0.000000,0.000000,0.0102,0.0000,-0.0000,-0.0000,0.0000,-0.0000,0.0385,0.0000,0.0000,0.0000,0.0000,0.0000
16.2820,0.00000,-1.43051,0.01019,1.000000,0.000000,0.000000,0.000000,0.0102,0.0000,-0.0000,0.0000,0.0000,-0.0000,0.0386,0.0000,0.0000,0.0000,0.0000,0.0000
16.3020,0.00000,-1.43051,0.01019,1.000000,0.000000,0.000000,0.000000,0.0102,0.0000,-0.0000,-0.0000,0.0000,-0.0000,0.0386,0.0000,0.0000,0.0000,0.0000,0.0000
16.3220,0.00000,-1.43051,0.01019,1.000000,0.000000,0.000000,0.000000,0.0102,0.0000,-0.0000,0.0000,0.0000,-0.0000,0.0386,0.0000,0.0000,0.0000,0.0000,0.0000
16.3420,0.00000,-1.43051,0.01019,1.000000,0.000000,0.000000,0.000000,0.0102,0.0000,-0.0000,-0.0000,0.0000,-0.0000,0.0386,0.0000,0.0000,0.0000,0.0000,0.0000
16.3620,0.00000,-1.43051,0.01019,1.000000,0.000000,0.000000,0.000000,0.0102,0.0000,-0.0000,0.0000,0.0000,-0.0000,0.0386,0.0000,0.0000,0.0000,0.0000,0.0000
16.3820,0.00000,-1.43051,0.01019,1.000000,0.000000,0.000000,0.000000,0.0102,0.0000,-0.0000,-0.0000,0.0000,-0.0000,0.0386,0.0000,0.0000,0.0000,0.0000,0.0000
16.4020,0.00000,-1.43051,0.01019,1.000000,0.000000,0.000000,0.000000,0.0102,0.0000,-0.0000,-0.0000,0.0000,-0.0000,0.0386,0.0000,0.0000,0.0000,0.0000,0.0000
16.4220,0.00000,-1.43051,0.01019,1.000000,0.000000,0.000000,0.000000,0.0102,0.0000,-0.0000,0.0000,0.0000,-0.0000,0.0386,0.0000,0.0000,0.0000,0.0000,0.0000
16.4420,0.00000,-1.43051,0.01019,1.000000,0.000000,-0.000000,0.000000,0.0102,0.0000,0.0000,-0.0000,0.0000,-0.0000,0.0387,0.0000,0.0000,0.0000,0.0000,0.0000
16.4620,0.00000,-1.43051,0.01019,1.000000,0.000000,-0.000000,0.000000,0.0102,0.0000,0.0000,-0.0000,0.0000,-0.0000,0.0387,0.0000,0.0000,0.0000,0.0000,0.0000
16.4820,0.00000,-1.43051,0.01019,1.000000,0.000000,-0.000000,0.000000,0.0102,0.0000,0.0000,0.0000,0.0000,-0.0000,0.0387,0.0000,0.0000,0.0000,0.0000,0.0000
16.5020,0.00000,-1.43051,0.01019,1.000000,0.000000,0.000000,0.000000,0.0102,0.0000,-0.0000,0.0000,0.0000,-0.0000,0.0387,0.0000,0.0000,0.0000,0.0000,0.0000
16.5220,0.00000,-1.43051,0.01019,1.000000,0.000000,0.000000,0.000000,0.0102,0.0000,-0.0000,-0.0000,0.0000,-0.0000,0.0387,0.0000,0.0000,0.0000,0.0000,0.0000
16.5420,0.00000,-1.43051,0.01019,1.000000,0.000000,0.000000,0.000000,0.0102,0.0000,-0.0000,0.0000,0.0000,-0.0000,0.0387,0.0000,0.0000,0.0000,0.0000,0.0000
16.5620,0.00000,-1.43051,0.01019,1.000000,0.000000,0.000000,0.000000,0.0102,0.0000,-0.0000,0.0000,0.0000,-0.0000,0.0387,0.0000,0.0000,0.0000,0.0000,0.0000
16.5820,0.00000,-1.43051,0.01019,1.000000,0.000000,0.000000,0.000000,0.0102,0.0000,-0.0000,-0.0000,0.0000,-0.0000,0.0387,0.0000,0.0000,0.0000,0.0000,0.0000
16.6020,0.00000,-1.43051,0.01019,1.000000,0.000000,0.000000,0.000000,0.0102,0.0000,-0.0000,0.0000,0.0000,-0.0000,0.0388,0.0000,0.0000,0.0000,0.0000,0.0000
16.6220,0.00000,-1.43051,0.01019,1.000000,0.000000,0.000000,0.000000,0.0102,0.0000,-0.0000,-0.0000,0.0000,-0.0000,0.0388,0.0000,0.0000,0.0000,0.0000,0.0000
16.6420,0.00000,-1.43051,0.01019,1.000000,0.000000,0.000000,0.000000,0.0102,0.0000,-0.0000,-0.0000,0.0000,-0.0000,0.0388,0.0000,0.0000,0.0000,0.0000,0.0000
16.6620,0.00000,-1.43051,0.01019,1.000000,0.000000,0.000000,0.000000,0.0102,0.0000,-0.0000,-0.0000,0.0000,-0.0000,0.0388,0.0000,0.0000,0.0000,0.0000,0.0000
16.6820,0.00000,-1.43051,0.01019,1.000000,0.000000,0.000000,0.000000,0.0102,0.0000,-0.0000,-0.0000,0.0000,-0.0000,0.0388,0.0000,0.0000,0.0000,0.0000,0.0000
16.7020,0.00000,-1.43051,0.01019,1.000000,0.000000,0.000000,0.000000,0.0102,0.0000,-0.0000,0.0000,0.0000,-0.0000,0.0388,0.0000,0.0000,0.0000,0.0000,0.0000
16.7220,0.00000,-1.43051,0.01019,1.000000,0.000000,0.000000,0.000000,0.0102,0.0000,-0.0000,-0.0000,0.0000,-0.0000,0.0388,0.0000,0.0000,0.0000,0.0000,0.0000
16.7420,0.00000,-1.43051,0.01019,1.000000,0.000000,0.000000,0.000000,0.0102,0.0000,-0.0000,-0.0000,0.0000,-0.0000,0.0388,0.0000,0.0000,0.0000,0.0000,0.0000
16.7620,0.00000,-1.43051,0.01019,1.000000,0.000000,0.000000,0.000000,0.0102,0.0000,-0.0000,0.0000,0.0000,-0.0000,0.0389,0.0000,0.0000,0.0000,0.0000,0.0000
16.7820,0.00000,-1.43051,0.01019,1.000000,0.000000,0.000000,0.000000,0.0102,0.0000,-0.0000,0.0000,0.0000,-0.0000,0.0389,0.0000,0.0000,0.0000,0.0000,0.0000
16.8020,0.00000,-1.43051,0.01019,1.000000,0.000000,0.000000,0.000000,0.0102,0.0000,-0.0000,0.0000,0.0000,-0.0000,0.0389,0.0000,0.0000,0.0000,0.0000,0.0000
16.8220,0.00000,-1.43051,0.01019,1.000000,0.000000,0.000000,0.000000,0.0102,0.0000,-0.0000,0.0000,0.0000,-0.0000,0.0389,0.0000,0.0000,0.0000,0.0000,0.0000
16.8420,0.00000,-1.43051,0.01019,1.000000,0.000000,0.000000,0.000000,0.0102,0.0000,-0.0000,-0.0000,0.0000,-0.0000,0.0389,0.0000,0.0000,0.0000,0.0000,0.0000
16.8620,0.00000,-1.43051,0.01019,1.000000,0.000000,0.000000,0.000000,0.0102,0.0000,-0.0000,-0.0000,0.0000,-0.0000,0.0389,0.0000,0.0000,0.0000,0.0000,0.0000
16.8820,0.00000,-1.43051,0.01019,1.000000,0.000000,0.000000,0.000000,0.0102,0.0000,-0.0000,-0.0000,0.0000,-0.0000,0.0389,0.0000,0.0000,0.0000,0.0000,0.0000
16.9020,0.00000,-1.43051,0.01019,1.000000,0.000000,0.000000,0.000000,0.0102,0.0000,-0.0000,-0.0000,0.0000,-0.0000,0.0389,0.0000,0.0000,0.0000,0.0000,0.0000
16.9220,0.00000,-1.43051,0.01019,1.000000,0.000000,0.000000,0.000000,0.0102,0.0000,-0.0000,-0.0000,0.0000,-0.0000,0.0389,0.0000,0.0000,0.0000,0.0000,0.0000
16.9420,0.00000,-1.43051,0.01019,1.000000,0.000000,0.000000,0.000000,0.0102,0.0000,-0.0000,0.0000,0.0000,-0.0000,0.0390,0.0000,0.0000,0.0000,0.0000,0.0000
16.9620,0.00000,-1.43051,0.01019,1.000000,0.000000,0.000000,0.000000,0.0102,0.0000,-0.0000,0.0000,0.0000,-0.0000,0.0390,0.0000,0.0000,0.0000,0.0000,0.0000
16.9820,0.00000,-1.43051,0.01019,1.000000,0.000000,0.000000,0.000000,0.0102,0.0000,-0.0000,0.0000,0.0000,-0.0000,0.0390,0.0000,0.0000,0.0000,0.0000,0.0000
17.0020,0.00000,-1.43051,0.01019,1.000000,0.000000,0.000000,0.000000,0.0102,0.0000,-0.0000,0.0000,0.0000,-0.0000,0.0390,0.0000,0.0000,0.0000,0.0000,0.0000
17.0220,0.00000,-1.43051,0.01019,1.000000,0.000000,0.000000,0.000000,0.0102,0.0000,-0.0000,0.0000,0.0000,-0.0000,0.0390,0.0000,0.0000,0.0000,0.0000,0.0000
17.0420,0.00000,-1.43051,0.01019,1.000000,0.000000,0.000000,0.000000,0.0102,0.0000,-0.0000,0.0000,0.0000,-0.0000,0.0390,0.0000,0.0000,0.0000,0.0000,0.0000
17.0620,0.00000,-1.43051,0.01019,1.000000,0.000000,-0.000000,0.000000,0.0102,0.0000,0.0000,-0.0000,0.0000,-0.0000,0.0390,0.0000,0.0000,0.0000,0.0000,0.0000
17.0820,0.00000,-1.43051,0.01019,1.000000,0.000000,-0.000000,0.000000,0.0102,0.0000,0.0000,0.0000,0.0000,-0.0000,0.0390,0.0000,0.0000,0.0000,0.0000,0.0000
17.1020,0.00000,-1.43051,0.01019,1.000000,0.000000,0.000000,0.000000,0.0102,0.0000,-0.0000,-0.0000,0.0000,-0.0000,0.0390,0.0000,0.0000,0.0000,0.0000,0.0000
17.1220,0.00000,-1.43051,0.01019,1.000000,0.000000,0.000000,0.000000,0.0102,0.0000,-0.0000,-0.0000,0.0000,-0.0000,0.0391,0.0000,0.0000,0.0000,0.0000,0.0000
17.1420,0.00000,-1.43051,0.01019,1.000000,0.000000,0.000000,0.000000,0.0102,0.0000,-0.0000,-0.0000,0.0000,-0.0000,0.0391,0.0000,0.0000,0.0000,0.0000,0.0000
17.1620,0.00000,-1.43051,0.01019,1.000000,0.000000,0.000000,0.000000,0.0102,0.0000,-0.0000,-0.0000,0.0000,-0.0000,0.0391,0.0000,0.0000,0.0000,0.0000,0.0000
17.1820,0.00000,-1.43051,0.01019,1.000000,0.000000,0.000000,0.000000,0.0102,0.0000,-0.0000,0.0000,0.0000,-0.0000,0.0391,0.0000,0.0000,0.0000,0.0000,0.0000
17.2020,0.00000,-1.43051,0.01019,1.000000,0.000000,0.000000,0.000000,0.0102,0.0000,-0.0000,-0.0000,0.0000,-0.0000,0.0391,0.0000,0.0000,0.0000,0.0000,0.0000
17.2220,0.00000,-1.43051,0.01019,1.000000,0.000000,0.000000,0.000000,0.0102,0.0000,-0.0000,0.0000,0.0000,-0.0000,0.0391,0.0000,0.0000,0.0000,0.0000,0.0000
17.2420,0.00000,-1.43051,0.01019,1.000000,0.000000,0.000000,0.000000,0.0102,0.0000,-0.0000,-0.0000,0.0000,-0.0000,0.0391,0.0000,0.0000,0.0000,0.0000,0.0000
17.2620,0.00000,-1.43051,0.01019,1.000000,0.000000,0.000000,0.000000,0.0102,0.0000,-0.0000,-0.0000,0.0000,-0.0000,0.0391,0.0000,0.0000,0.0000,0.0000,0.0000
17.2820,0.00000,-1.43051,0.01019,1.000000,0.000000,0.000000,0.000000,0.0102,0.0000,-0.0000,-0.0000,0.0000,-0.0000,0.0391,0.0000,0.0000,0.0000,0.0000,0.0000
17.3020,0.00000,-1.43051,0.01019,1.000000,0.000000,0.000000,0.000000,0.0102,0.0000,-0.0000,0.0000,0.0000,-0.0000,0.0392,0.0000,0.0000,0.0000,0.0000,0.0000
17.3220,0.00000,-1.43051,0.01019,1.000000,0.000000,0.000000,0.000000,0.0102,0.0000,-0.0000,-0.0000,0.0000,-0.0000,0.0392,0.0000,0.0000,0.0000,0.0000,0.0000
17.3420,0.00000,-1.43051,0.01019,1.000000,0.000000,0.000000,0.000000,0.0102,0.0000,-0.0000,0.0000,0.0000,-0.0000,0.0392,0.0000,0.0000,0.0000,0.0000,0.0000
17.3620,0.00000,-1.43051,0.01019,1.000000,0.000000,0.000000,0.000000,0.0102,0.0000,-0.0000,-0.0000,0.0000,-0.0000,0.0392,0.0000,0.0000,0.0000,0.0000,0.0000
17.3820,0.00000,-1.43051,0.01019,1.000000,0.000000,0.000000,0.000000,0.0102,0.0000,-0.0000,-0.0000,0.0000,-0.0000,0.0392,0.0000,0.0000,0.0000,0.0000,0.0000
17.4020,0.00000,-1.43051,0.01019,1.000000,0.000000,0.000000,0.000000,0.0102,0.0000,-0.0000,0.0000,0.0000,-0.0000,0.0392,0.0000,0.0000,0.0000,0.0000,0.0000
17.4220,0.00000,-1.43051,0.01019,1.000000,0.000000,0.000000,0.000000,0.0102,0.0000,-0.0000,0.0000,0.0000,-0.0000,0.0392,0.0000,0.0000,0.0000,0.0000,0.0000
17.4420,0.00000,-1.43051,0.01019,1.000000,0.000000,0.000000,0.000000,0.0102,0.0000,-0.0000,0.0000,0.0000,-0.0000,0.0392,0.0000,0.0000,0.0000,0.0000,0.0000
17.4620,0.00000,-1.43051,0.01019,1.000000,0.000000,0.000000,0.000000,0.0102,0.0000,-0.0000,-0.0000,0.0000,-0.0000,0.0392,0.0000,0.0000,0.0000,0.0000,0.0000
17.4820,0.00000,-1.43051,0.01019,1.000000,0.000000,0.000000,0.000000,0.0102,0.0000,-0.0000,0.0000,0.0000,-0.0000,0.0392,0.0000,0.0000,0.0000,0.0000,0.0000
17.5020,0.00000,-1.43051,0.01019,1.000000,0.000000,0.000000,0.000000,0.0102,0.0000,-0.0000,0.0000,0.0000,-0.0000,0.0393,0.0000,0.0000,0.0000,0.0000,0.0000
17.5220,0.00000,-1.43051,0.01019,1.000000,0.000000,0.000000,0.000000,0.0102,0.0000,-0.0000,0.0000,0.0000,-0.0000,0.0393,0.0000,0.0000,0.0000,0.0000,0.0000
17.5420,0.00000,-1.43051,0.01019,1.000000,0.000000,0.000000,0.000000,0.0102,0.0000,-0.0000,0.0000,0.0000,-0.0000,0.0393,0.0000,0.0000,0.0000,0.0000,0.0000
17.5620,0.00000,-1.43051,0.01019,1.000000,0.000000,0.000000,0.000000,0.0102,0.0000,-0.0000,0.0000,0.0000,-0.0000,0.0393,0.0000,0.0000,0.0000,0.0000,0.0000
17.5820,0.00000,-1.43051,0.01019,1.000000,0.000000,0.000000,0.000000,0.0102,0.0000,-0.0000,-0.0000,0.0000,-0.0000,0.0393,0.0000,0.0000,0.0000,0.0000,0.0000
17.6020,0.00000,-1.43051,0.01019,1.000000,0.000000,0.000000,0.000000,0.0102,0.0000,-0.0000,-0.0000,0.0000,-0.0000,0.0393,0.0000,0.0000,0.0000,0.0000,0.0000
17.6220,0.00000,-1.43051,0.01019,1.000000,0.000000,0.000000,0.000000,0.0102,0.0000,-0.0000,0.0000,0.0000,-0.0000,0.0393,0.0000,0.0000,0.0000,0.0000,0.0000
17.6420,0.00000,-1.43051,0.01019,1.000000,0.000000,0.000000,0.000000,0.0102,0.0000,-0.0000,0.0000,0.0000,-0.0000,0.0393,0.0000,0.0000,0.0000,0.0000,0.0000
17.6620,0.00000,-1.43051,0.01019,1.000000,0.000000,0.000000,0.000000,0.0102,0.0000,-0.0000,-0.0000,0.0000,-0.0000,0.0393,0.0000,0.0000,0.0000,0.0000,0.0000
17.6820,0.00000,-1.43051,0.01019,1.000000,0.000000,0.000000,0.000000,0.0102,0.0000,-0.0000,-0.0000,0.0000,-0.0000,0.0393,0.0000,0.0000,0.0000,0.0000,0.0000
17.7020,0.00000,-1.43051,0.01019,1.000000,0.000000,0.000000,0.000000,0.0102,0.0000,-0.0000,0.0000,0.0000,-0.0000,0.0394,0.0000,0.0000,0.0000,0.0000,0.0000
17.7220,0.00000,-1.43051,0.01019,1.000000,0.000000,0.000000,0.000000,0.0102,0.0000,-0.0000,-0.0000,0.0000,-0.0000,0.0394,0.0000,0.0000,0.0000,0.0000,0.0000
17.7420,0.00000,-1.43051,0.01019,1.000000,0.000000,0.000000,0.000000,0.0102,0.0000,-0.0000,0.0000,0.0000,-0.0000,0.0394,0.0000,0.0000,0.0000,0.0000,0.0000
17.7620,0.00000,-1.43051,0.01019,1.000000,0.000000,0.000000,0.000000,0.0102,0.0000,-0.0000,-0.0000,0.0000,-0.0000,0.0394,0.0000,0.0000,0.0000,0.0000,0.0000
17.7820,0.00000,-1.43051,0.01019,1.000000,0.000000,-0.000000,0.000000,0.0102,0.0000,0.0000,0.0000,0.0000,-0.0000,0.0394,0.0000,0.0000,0.0000,0.0000,0.0000
17.8020,0.00000,-1.43051,0.01019,1.000000,0.000000,-0.000000,0.000000,0.0102,0.0000,0.0000,-0.0000,0.0000,-0.0000,0.0394,0.0000,0.0000,0.0000,0.0000,0.0000
17.8220,0.00000,-1.43051,0.01019,1.000000,0.000000,-0.000000,0.000000,0.0102,0.0000,0.0000,0.0000,0.0000,-0.0000,0.0394,0.0000,0.0000,0.0000,0.0000,0.0000
17.8420,0.00000,-1.43051,0.01019,1.000000,0.000000,-0.000000,0.000000,0.0102,0.0000,0.0000,0.0000,0.0000,-0.0000,0.0394,0.0000,0.0000,0.0000,0.0000,0.0000
17.8620,0.00000,-1.43051,0.01019,1.000000,0.000000,0.000000,0.000000,0.0102,0.0000,-0.0000,-0.0000,0.0000,-0.0000,0.0394,0.0000,0.0000,0.0000,0.0000,0.0000
17.8820,0.00000,-1.43051,0.01019,1.000000,0.000000,0.000000,0.000000,0.0102,0.0000,-0.0000,0.0000,0.0000,-0.0000,0.0394,0.0000,0.0000,0.0000,0.0000,0.0000
17.9020,0.00000,-1.43051,0.01019,1.000000,0.000000,0.000000,0.000000,0.0102,0.0000,-0.0000,-0.0000,0.0000,-0.0000,0.0395,0.0000,0.0000,0.0000,0.0000,0.0000
17.9220,0.00000,-1.43051,0.01019,1.000000,0.000000,0.000000,0.000000,0.0102,0.0000,-0.0000,-0.0000,0.0000,-0.0000,0.0395,0.0000,0.0000,0.0000,0.0000,0.0000
17.9420,0.00000,-1.43051,0.01019,1.000000,0.000000,0.000000,0.000000,0.0102,0.0000,-0.0000,0.0000,0.0000,-0.0000,0.0395,0.0000,0.0000,0.0000,0.0000,0.0000
17.9620,0.00000,-1.43051,0.01019,1.000000,0.000000,0.000000,0.000000,0.0102,0.0000,-0.0000,0.0000,0.0000,-0.0000,0.0395,0.0000,0.0000,0.0000,0.0000,0.0000
17.9820,0.00000,-1.43051,0.01019,1.000000,0.000000,0.000000,0.000000,0.0102,0.0000,-0.0000,-0.0000,0.0000,-0.0000,0.0395,0.0000,0.0000,0.0000,0.0000,0.0000
18.0020,0.00000,-1.43051,0.01019,1.000000,0.000000,0.000000,0.000000,0.0102,0.0000,-0.0000,0.0000,0.0000,-0.0000,0.0395,0.0000,0.0000,0.0000,0.0000,0.0000
18.0220,0.00000,-1.43051,0.01019,1.000000,0.000000,0.000000,0.000000,0.0102,0.0000,-0.0000,0.0000,0.0000,-0.0000,0.0395,0.0000,0.0000,0.0000,0.0000,0.0000
18.0420,0.00000,-1.43051,0.01019,1.000000,0.000000,0.000000,0.000000,0.0102,0.0000,-0.0000,-0.0000,0.0000,-0.0000,0.0395,0.0000,0.0000,0.0000,0.0000,0.0000
18.0620,0.00000,-1.43051,0.01019,1.000000,0.000000,0.000000,0.000000,0.0102,0.0000,-0.0000,-0.0000,0.0000,-0.0000,0.0395,0.0000,0.0000,0.0000,0.0000,0.0000
18.0820,0.00000,-1.43051,0.01019,1.000000,0.000000,0.000000,0.000000,0.0102,0.0000,-0.0000,0.0000,0.0000,-0.0000,0.0395,0.0000,0.0000,0.0000,0.0000,0.0000
18.1020,0.00000,-1.43051,0.01019,1.000000,0.000000,0.000000,0.000000,0.0102,0.0000,-0.0000,-0.0000,0.0000,-0.0000,0.0395,0.0000,0.0000,0.0000,0.0000,0.0000
18.1220,0.00000,-1.43051,0.01019,1.000000,0.000000,0.000000,0.000000,0.0102,0.0000,-0.0000,0.0000,0.0000,-0.0000,0.0396,0.0000,0.0000,0.0000,0.0000,0.0000
18.1420,0.00000,-1.43051,0.01019,1.000000,0.000000,0.000000,0.000000,0.0102,0.0000,-0.0000,0.0000,0.0000,-0.0000,0.0396,0.0000,0.0000,0.0000,0.0000,0.0000
18.1620,0.00000,-1.43051,0.01019,1.000000,0.000000,0.000000,0.000000,0.0102,0.0000,-0.0000,0.0000,0.0000,-0.0000,0.0396,0.0000,0.0000,0.0000,0.0000,0.0000
18.1820,0.00000,-1.43051,0.01019,1.000000,0.000000,0.000000,0.000000,0.0102,0.0000,-0.0000,-0.0000,0.0000,-0.0000,0.0396,0.0000,0.0000,0.0000,0.0000,0.0000
18.2020,0.00000,-1.43051,0.01019,1.000000,0.000000,0.000000,0.000000,0.0102,0.0000,-0.0000,-0.0000,0.0000,-0.0000,0.0396,0.0000,0.0000,0.0000,0.0000,0.0000
18.2220,0.00000,-1.43051,0.01019,1.000000,0.000000,0.000000,0.000000,0.0102,0.0000,-0.0000,0.0000,0.0000,-0.0000,0.0396,0.0000,0.0000,0.0000,0.0000,0.0000
18.2420,0.00000,-1.43051,0.01019,1.000000,0.000000,0.000000,0.000000,0.0102,0.0000,-0.0000,0.0000,0.0000,-0.0000,0.0396,0.0000,0.0000,0.0000,0.0000,0.0000
18.2620,0.00000,-1.43051,0.01019,1.000000,0.000000,0.000000,0.000000,0.0102,0.0000,-0.0000,-0.0000,0.0000,-0.0000,0.0396,0.0000,0.0000,0.0000,0.0000,0.0000
18.2820,0.00000,-1.43051,0.01019,1.000000,0.000000,0.000000,0.000000,0.0102,0.0000,-0.0000,-0.0000,0.0000,-0.0000,0.0396,0.0000,0.0000,0.0000,0.0000,0.0000
18.3020,0.00000,-1.43051,0.01019,1.000000,0.000000,0.000000,0.000000,0.0102,0.0000,-0.0000,-0.0000,0.0000,-0.0000,0.0396,0.0000,0.0000,0.0000,0.0000,0.0000
18.3220,0.00000,-1.43051,0.01019,1.000000,0.000000,0.000000,0.000000,0.0102,0.0000,-0.0000,0.0000,0.0000,-0.0000,0.0396,0.0000,0.0000,0.0000,0.0000,0.0000
18.3420,0.00000,-1.43051,0.01019,1.000000,0.000000,0.000000,0.000000,0.0102,0.0000,-0.0000,-0.0000,0.0000,-0.0000,0.0396,0.0000,0.0000,0.0000,0.0000,0.0000
18.3620,0.00000,-1.43051,0.01019,1.000000,0.000000,0.000000,0.000000,0.0102,0.0000,-0.0000,0.0000,0.0000,-0.0000,0.0397,0.0000,0.0000,0.0000,0.0000,0.0000
18.3820,0.00000,-1.43051,0.01019,1.000000,0.000000,0.000000,0.000000,0.0102,0.0000,-0.0000,0.0000,0.0000,-0.0000,0.0397,0.0000,0.0000,0.0000,0.0000,0.0000
18.4020,0.00000,-1.43051,0.01019,1.000000,0.000000,0.000000,0.000000,0.0102,0.0000,-0.0000,-0.0000,0.0000,-0.0000,0.0397,0.0000,0.0000,0.0000,0.0000,0.0000
18.4220,0.00000,-1.43051,0.01019,1.000000,0.000000,-0.000000,0.000000,0.0102,0.0000,0.0000,-0.0000,0.0000,-0.0000,0.0397,0.0000,0.0000,0.0000,0.0000,0.0000
18.4420,0.00000,-1.43051,0.01019,1.000000,0.000000,-0.000000,0.000000,0.0102,0.0000,0.0000,-0.0000,0.0000,-0.0000,0.0397,0.0000,0.0000,0.0000,0.0000,0.0000
18.4620,0.00000,-1.43051,0.01019,1.000000,0.000000,-0.000000,0.000000,0.0102,0.0000,0.0000,-0.0000,0.0000,-0.0000,0.0397,0.0000,0.0000,0.0000,0.0000,0.0000
18.4820,0.00000,-1.43051,0.01019,1.000000,0.000000,0.000000,0.000000,0.0102,0.0000,-0.0000,0.0000,0.0000,-0.0000,0.0397,0.0000,0.0000,0.0000,0.0000,0.0000
18.5020,0.00000,-1.43051,0.01019,1.000000,0.000000,0.000000,0.000000,0.0102,0.0000,-0.0000,0.0000,0.0000,-0.0000,0.0397,0.0000,0.0000,0.0000,0.0000,0.0000
18.5220,0.00000,-1.43051,0.01019,1.000000,0.000000,0.000000,0.000000,0.0102,0.0000,-0.0000,-0.0000,0.0000,-0.0000,0.0397,0.0000,0.0000,0.0000,0.0000,0.0000
18.5420,0.00000,-1.43051,0.01019,1.000000,0.000000,0.000000,0.000000,0.0102,0.0000,-0.0000,-0.0000,0.0000,-0.0000,0.0397,0.0000,0.0000,0.0000,0.0000,0.0000
18.5620,0.00000,-1.43051,0.01019,1.000000,0.000000,0.000000,0.000000,0.0102,0.0000,-0.0000,0.0000,0.0000,-0.0000,0.0397,0.0000,0.0000,0.0000,0.0000,0.0000
18.5820,0.00000,-1.43051,0.01019,1.000000,0.000000,0.000000,0.000000,0.0102,0.0000,-0.0000,-0.0000,0.0000,-0.0000,0.0397,0.0000,0.0000,0.0000,0.0000,0.0000
18.6020,0.00000,-1.43051,0.01019,1.000000,0.000000,0.000000,0.000000,0.0102,0.0000,-0.0000,-0.0000,0.0000,-0.0000,0.0398,0.0000,0.0000,0.0000,0.0000,0.0000
18.6220,0.00000,-1.43051,0.01019,1.000000,0.000000,0.000000,0.000000,0.0102,0.0000,-0.0000,-0.0000,0.0000,-0.0000,0.0398,0.0000,0.0000,0.0000,0.0000,0.0000
18.6420,0.00000,-1.43051,0.01019,1.000000,0.000000,0.000000,0.000000,0.0102,0.0000,-0.0000,-0.0000,0.0000,-0.0000,0.0398,0.0000,0.0000,0.0000,0.0000,0.0000
18.6620,0.00000,-1.43051,0.01019,1.000000,0.000000,0.000000,0.000000,0.0102,0.0000,-0.0000,-0.0000,0.0000,-0.0000,0.0398,0.0000,0.0000,0.0000,0.0000,0.0000
18.6820,0.00000,-1.43051,0.01019,1.000000,0.000000,0.000000,0.000000,0.0102,0.0000,-0.0000,0.0000,0.0000,-0.0000,0.0398,0.0000,0.0000,0.0000,0.0000,0.0000
18.7020,0.00000,-1.43051,0.01019,1.000000,0.000000,0.000000,0.000000,0.0102,0.0000,-0.0000,0.0000,0.0000,-0.0000,0.0398,0.0000,0.0000,0.0000,0.0000,0.0000
18.7220,0.00000,-1.43051,0.01019,1.000000,0.000000,0.000000,0.000000,0.0102,0.0000,-0.0000,0.0000,0.0000,-0.0000,0.0398,0.0000,0.0000,0.0000,0.0000,0.0000
18.7420,0.00000,-1.43051,0.01019,1.000000,0.000000,-0.000000,0.000000,0.0102,0.0000,0.0000,-0.0000,0.0000,-0.0000,0.0398,0.0000,0.0000,0.0000,0.0000,0.0000
18.7620,0.00000,-1.43051,0.01019,1.000000,0.000000,0.000000,0.000000,0.0102,0.0000,-0.0000,-0.0000,0.0000,-0.0000,0.0398,0.0000,0.0000,0.0000,0.0000,0.0000
18.7820,0.00000,-1.43051,0.01019,1.000000,0.000000,0.000000,0.000000,0.0102,0.0000,-0.0000,-0.0000,0.0000,-0.0000,0.0398,0.0000,0.0000,0.0000,0.0000,0.0000
18.8020,0.00000,-1.43051,0.01019,1.000000,0.000000,0.000000,0.000000,0.0102,0.0000,-0.0000,-0.0000,0.0000,-0.0000,0.0398,0.0000,0.0000,0.0000,0.0000,0.0000
18.8220,0.00000,-1.43051,0.01019,1.000000,0.000000,0.000000,0.000000,0.0102,0.0000,-0.0000,-0.0000,0.0000,-0.0000,0.0398,0.0000,0.0000,0.0000,0.0000,0.0000
18.8420,0.00000,-1.43051,0.01019,1.000000,0.000000,0.000000,0.000000,0.0102,0.0000,-0.0000,0.0000,0.0000,-0.0000,0.0398,0.0000,0.0000,0.0000,0.0000,0.0000
18.8620,0.00000,-1.43051,0.01019,1.000000,0.000000,0.000000,0.000000,0.0102,0.0000,-0.0000,-0.0000,0.0000,-0.0000,0.0399,0.0000,0.0000,0.0000,0.0000,0.0000
18.8820,0.00000,-1.43051,0.01019,1.000000,0.000000,0.000000,0.000000,0.0102,0.0000,-0.0000,-0.0000,0.0000,-0.0000,0.0399,0.0000,0.0000,0.0000,0.0000,0.0000
18.9020,0.00000,-1.43051,0.01019,1.000000,0.000000,0.000000,0.000000,0.0102,0.0000,-0.0000,-0.0000,0.0000,-0.0000,0.0399,0.0000,0.0000,0.0000,0.0000,0.0000
18.9220,0.00000,-1.43051,0.01019,1.000000,0.000000,0.000000,0.000000,0.0102,0.0000,-0.0000,-0.0000,0.0000,-0.0000,0.0399,0.0000,0.0000,0.0000,0.0000,0.0000
18.9420,0.00000,-1.43051,0.01019,1.000000,0.000000,0.000000,0.000000,0.0102,0.0000,-0.0000,-0.0000,0.0000,-0.0000,0.0399,0.0000,0.0000,0.0000,0.0000,0.0000
18.9620,0.00000,-1.43051,0.01019,1.000000,0.000000,-0.000000,0.000000,0.0102,0.0000,0.0000,-0.0000,0.0000,-0.0000,0.0399,0.0000,0.0000,0.0000,0.0000,0.0000
18.9820,0.00000,-1.43051,0.01019,1.000000,0.000000,-0.000000,0.000000,0.0102,0.0000,0.0000,0.0000,0.0000,-0.0000,0.0399,0.0000,0.0000,0.0000,0.0000,0.0000
19.0020,0.00000,-1.43051,0.01019,1.000000,0.000000,0.000000,0.000000,0.0102,0.0000,-0.0000,-0.0000,0.0000,-0.0000,0.0399,0.0000,0.0000,0.0000,0.0000,0.0000
19.0220,0.00000,-1.43051,0.01019,1.000000,0.000000,0.000000,0.000000,0.0102,0.0000,-0.0000,0.0000,0.0000,-0.0000,0.0399,0.0000,0.0000,0.0000,0.0000,0.0000
19.0420,0.00000,-1.43051,0.01019,1.000000,0.000000,0.000000,0.000000,0.0102,0.0000,-0.0000,0.0000,0.0000,-0.0000,0.0399,0.0000,0.0000,0.0000,0.0000,0.0000
19.0620,0.00000,-1.43051,0.01019,1.000000,0.000000,0.000000,0.000000,0.0102,0.0000,-0.0000,-0.0000,0.0000,-0.0000,0.0399,0.0000,0.0000,0.0000,0.0000,0.0000
19.0820,0.00000,-1.43051,0.01019,1.000000,0.000000,0.000000,0.000000,0.0102,0.0000,-0.0000,-0.0000,0.0000,-0.0000,0.0399,0.0000,0.0000,0.0000,0.0000,0.0000
19.1020,0.00000,-1.43051,0.01019,1.000000,0.000000,0.000000,0.000000,0.0102,0.0000,-0.0000,-0.0000,0.0000,-0.0000,0.0399,0.0000,0.0000,0.0000,0.0000,0.0000
19.1220,0.00000,-1.43051,0.01019,1.000000,0.000000,0.000000,0.000000,0.0102,0.0000,-0.0000,-0.0000,0.0000,-0.0000,0.0400,0.0000,0.0000,0.0000,0.0000,0.0000
19.1420,0.00000,-1.43051,0.01019,1.000000,0.000000,0.000000,0.000000,0.0102,0.0000,-0.0000,-0.0000,0.0000,-0.0000,0.0400,0.0000,0.0000,0.0000,0.0000,0.0000
19.1620,0.00000,-1.43051,0.01019,1.000000,0.000000,0.000000,0.000000,0.0102,0.0000,-0.0000,-0.0000,0.0000,-0.0000,0.0400,0.0000,0.0000,0.0000,0.0000,0.0000
19.1820,0.00000,-1.43051,0.01019,1.000000,0.000000,0.000000,0.000000,0.0102,0.0000,-0.0000,-0.0000,0.0000,-0.0000,0.0400,0.0000,0.0000,0.0000,0.0000,0.0000
19.2020,0.00000,-1.43051,0.01019,1.000000,0.000000,0.000000,0.000000,0.0102,0.0000,-0.0000,-0.0000,0.0000,-0.0000,0.0400,0.0000,0.0000,0.0000,0.0000,0.0000
19.2220,0.00000,-1.43051,0.01019,1.000000,0.000000,0.000000,0.000000,0.0102,0.0000,-0.0000,-0.0000,0.0000,-0.0000,0.0400,0.0000,0.0000,0.0000,0.0000,0.0000
19.2420,0.00000,-1.43051,0.01019,1.000000,0.000000,0.000000,0.000000,0.0102,0.0000,-0.0000,0.0000,0.0000,-0.0000,0.0400,0.0000,0.0000,0.0000,0.0000,0.0000
19.2620,0.00000,-1.43051,0.01019,1.000000,0.000000,0.000000,0.000000,0.0102,0.0000,-0.0000,0.0000,0.0000,-0.0000,0.0400,0.0000,0.0000,0.0000,0.0000,0.0000
19.2820,0.00000,-1.43051,0.01019,1.000000,0.000000,0.000000,0.000000,0.0102,0.0000,-0.0000,0.0000,0.0000,-0.0000,0.0400,0.0000,0.0000,0.0000,0.0000,0.0000
19.3020,0.00000,-1.43051,0.01019,1.000000,0.000000,0.000000,0.000000,0.0102,0.0000,-0.0000,-0.0000,0.0000,-0.0000,0.0400,0.0000,0.0000,0.0000,0.0000,0.0000
19.3220,0.00000,-1.43051,0.01019,1.000000,0.000000,0.000000,0.000000,0.0102,0.0000,-0.0000,-0.0000,0.0000,-0.0000,0.0400,0.0000,0.0000,0.0000,0.0000,0.0000
19.3420,0.00000,-1.43051,0.01019,1.000000,0.000000,0.000000,0.000000,0.0102,0.0000,-0.0000,-0.0000,0.0000,-0.0000,0.0400,0.0000,0.0000,0.0000,0.0000,0.0000
19.3620,0.00000,-1.43051,0.01019,1.000000,0.000000,-0.000000,0.000000,0.0102,0.0000,0.0000,0.0000,0.0000,-0.0000,0.0400,0.0000,0.0000,0.0000,0.0000,0.0000
19.3820,0.00000,-1.43051,0.01019,1.000000,0.000000,0.000000,0.000000,0.0102,0.0000,-0.0000,0.0000,0.0000,-0.0000,0.0400,0.0000,0.0000,0.0000,0.0000,0.0000
19.4020,0.00000,-1.43051,0.01019,1.000000,0.000000,0.000000,0.000000,0.0102,0.0000,-0.0000,0.0000,0.0000,-0.0000,0.0401,0.0000,0.0000,0.0000,0.0000,0.0000
19.4220,0.00000,-1.43051,0.01019,1.000000,0.000000,0.000000,0.000000,0.0102,0.0000,-0.0000,0.0000,0.0000,-0.0000,0.0401,0.0000,0.0000,0.0000,0.0000,0.0000
19.4420,0.00000,-1.43051,0.01019,1.000000,0.000000,0.000000,0.000000,0.0102,0.0000,-0.0000,-0.0000,0.0000,-0.0000,0.0401,0.0000,0.0000,0.0000,0.0000,0.0000
19.4620,0.00000,-1.43051,0.01019,1.000000,0.000000,0.000000,0.000000,0.0102,0.0000,-0.0000,-0.0000,0.0000,-0.0000,0.0401,0.0000,0.0000,0.0000,0.0000,0.0000
19.4820,0.00000,-1.43051,0.01019,1.000000,0.000000,0.000000,0.000000,0.0102,0.0000,-0.0000,0.0000,0.0000,-0.0000,0.0401,0.0000,0.0000,0.0000,0.0000,0.0000
19.5020,0.00000,-1.43051,0.01019,1.000000,0.000000,-0.000000,0.000000,0.0102,0.0000,0.0000,-0.0000,0.0000,-0.0000,0.0401,0.0000,0.0000,0.0000,0.0000,0.0000
19.5220,0.00000,-1.43051,0.01019,1.000000,0.000000,0.000000,0.000000,0.0102,0.0000,0.0000,-0.0000,0.0000,-0.0000,0.0401,0.0000,0.0000,0.0000,0.0000,0.0000
19.5420,0.00000,-1.43051,0.01019,1.000000,0.000000,0.000000,0.000000,0.0102,0.0000,-0.0000,-0.0000,0.0000,-0.0000,0.0401,0.0000,0.0000,0.0000,0.0000,0.0000
19.5620,0.00000,-1.43051,0.01019,1.000000,0.000000,0.000000,0.000000,0.0102,0.0000,-0.0000,0.0000,0.0000,-0.0000,0.0401,0.0000,0.0000,0.0000,0.0000,0.0000
19.5820,0.00000,-1.43051,0.01019,1.000000,0.000000,0.000000,0.000000,0.0102,0.0000,-0.0000,-0.0000,0.0000,-0.0000,0.0401,0.0000,0.0000,0.0000,0.0000,0.0000
19.6020,0.00000,-1.43051,0.01019,1.000000,0.000000,0.000000,0.000000,0.0102,0.0000,-0.0000,0.0000,0.0000,-0.0000,0.0401,0.0000,0.0000,0.0000,0.0000,0.0000
19.6220,0.00000,-1.43051,0.01019,1.000000,0.000000,0.000000,0.000000,0.0102,0.0000,-0.0000,0.0000,0.0000,-0.0000,0.0401,0.0000,0.0000,0.0000,0.0000,0.0000
19.6420,0.00000,-1.43051,0.01019,1.000000,0.000000,0.000000,0.000000,0.0102,0.0000,-0.0000,0.0000,0.0000,-0.0000,0.0401,0.0000,0.0000,0.0000,0.0000,0.0000
19.6620,0.00000,-1.43051,0.01019,1.000000,0.000000,0.000000,0.000000,0.0102,0.0000,-0.0000,-0.0000,0.0000,-0.0000,0.0401,0.0000,0.0000,0.0000,0.0000,0.0000
19.6820,0.00000,-1.43051,0.01019,1.000000,0.000000,0.000000,0.000000,0.0102,0.0000,-0.0000,-0.0000,0.0000,-0.0000,0.0401,0.0000,0.0000,0.0000,0.0000,0.0000
19.7020,0.00000,-1.43051,0.01019,1.000000,0.000000,0.000000,0.000000,0.0102,0.0000,-0.0000,0.0000,0.0000,-0.0000,0.0402,0.0000,0.0000,0.0000,0.0000,0.0000
19.7220,0.00000,-1.43051,0.01019,1.000000,0.000000,0.000000,0.000000,0.0102,0.0000,-0.0000,0.0000,0.0000,-0.0000,0.0402,0.0000,0.0000,0.0000,0.0000,0.0000
19.7420,0.00000,-1.43051,0.01019,1.000000,0.000000,0.000000,0.000000,0.0102,0.0000,-0.0000,-0.0000,0.0000,-0.0000,0.0402,0.0000,0.0000,0.0000,0.0000,0.0000
19.7620,0.00000,-1.43051,0.01019,1.000000,0.000000,0.000000,0.000000,0.0102,0.0000,-0.0000,0.0000,0.0000,-0.0000,0.0402,0.0000,0.0000,0.0000,0.0000,0.0000
19.7820,0.00000,-1.43051,0.01019,1.000000,0.000000,0.000000,0.000000,0.0102,0.0000,-0.0000,-0.0000,0.0000,-0.0000,0.0402,0.0000,0.0000,0.0000,0.0000,0.0000
19.8020,0.00000,-1.43051,0.01019,1.000000,0.000000,0.000000,0.000000,0.0102,0.0000,-0.0000,0.0000,0.0000,-0.0000,0.0402,0.0000,0.0000,0.0000,0.0000,0.0000
19.8220,0.00000,-1.43051,0.01019,1.000000,0.000000,0.000000,0.000000,0.0102,0.0000,-0.0000,-0.0000,0.0000,-0.0000,0.0402,0.0000,0.0000,0.0000,0.0000,0.0000
19.8420,0.00000,-1.43051,0.01019,1.000000,0.000000,0.000000,0.000000,0.0102,0.0000,-0.0000,-0.0000,0.0000,-0.0000,0.0402,0.0000,0.0000,0.0000,0.0000,0.0000
19.8620,0.00000,-1.43051,0.01019,1.000000,0.000000,0.000000,0.000000,0.0102,0.0000,-0.0000,0.0000,0.0000,-0.0000,0.0402,0.0000,0.0000,0.0000,0.0000,0.0000
19.8820,0.00000,-1.43051,0.01019,1.000000,0.000000,0.000000,0.000000,0.0102,0.0000,-0.0000,0.0000,0.0000,-0.0000,0.0402,0.0000,0.0000,0.0000,0.0000,0.0000
19.9020,0.00000,-1.43051,0.01019,1.000000,0.000000,0.000000,0.000000,0.0102,0.0000,-0.0000,-0.0000,0.0000,-0.0000,0.0402,0.0000,0.0000,0.0000,0.0000,0.0000
19.9220,0.00000,-1.43051,0.01019,1.000000,0.000000,0.000000,0.000000,0.0102,0.0000,-0.0000,0.0000,0.0000,-0.0000,0.0402,0.0000,0.0000,0.0000,0.0000,0.0000
19.9420,0.00000,-1.43051,0.01019,1.000000,0.000000,0.000000,0.000000,0.0102,0.0000,-0.0000,0.0000,0.0000,-0.0000,0.0402,0.0000,0.0000,0.0000,0.0000,0.0000
19.9620,0.00000,-1.43051,0.01019,1.000000,0.000000,0.000000,0.000000,0.0102,0.0000,-0.0000,-0.0000,0.0000,-0.0000,0.0402,0.0000,0.0000,0.0000,0.0000,0.0000
19.9820,0.00000,-1.43051,0.01019,1.000000,0.000000,0.000000,0.000000,0.0102,0.0000,-0.0000,0.0000,0.0000,-0.0000,0.0402,0.0000,0.0000,0.0000,0.0000,0.0000
20.0020,0.00000,-1.43051,0.01019,1.000000,0.000000,0.000000,0.000000,0.0102,0.0000,-0.0000,0.0000,0.0000,-0.0000,0.0402,0.0000,0.0000,0.0000,0.0000,0.0000
20.0220,0.00000,-1.43051,0.01019,1.000000,0.000000,0.000000,0.000000,0.0102,0.0000,-0.0000,-0.0000,0.0000,-0.0000,0.0403,0.0000,0.0000,0.0000,0.0000,0.0000
20.0420,0.00000,-1.43051,0.01019,1.000000,0.000000,0.000000,0.000000,0.0102,0.0000,-0.0000,0.0000,0.0000,-0.0000,0.0403,0.0000,0.0000,0.0000,0.0000,0.0000
20.0620,0.00000,-1.43051,0.01019,1.000000,0.000000,-0.000000,0.000000,0.0102,0.0000,0.0000,0.0000,0.0000,-0.0000,0.0403,0.0000,0.0000,0.0000,0.0000,0.0000
20.0820,0.00000,-1.43051,0.01019,1.000000,0.000000,-0.000000,0.000000,0.0102,0.0000,0.0000,0.0000,0.0000,-0.0000,0.0403,0.0000,0.0000,0.0000,0.0000,0.0000
20.1020,0.00000,-1.43051,0.01019,1.000000,0.000000,0.000000,0.000000,0.0102,0.0000,-0.0000,-0.0000,0.0000,-0.0000,0.0403,0.0000,0.0000,0.0000,0.0000,0.0000
20.1220,0.00000,-1.43051,0.01019,1.000000,0.000000,0.000000,0.000000,0.0102,0.0000,-0.0000,-0.0000,0.0000,-0.0000,0.0403,0.0000,0.0000,0.0000,0.0000,0.0000
20.1420,0.00000,-1.43051,0.01019,1.000000,0.000000,0.000000,0.000000,0.0102,0.0000,-0.0000,0.0000,0.0000,-0.0000,0.0403,0.0000,0.0000,0.0000,0.0000,0.0000
20.1620,0.00000,-1.43051,0.01019,1.000000,0.000000,0.000000,0.000000,0.0102,0.0000,-0.0000,0.0000,0.0000,-0.0000,0.0403,0.0000,0.0000,0.0000,0.0000,0.0000
20.1820,0.00000,-1.43051,0.01019,1.000000,0.000000,0.000000,0.000000,0.0102,0.0000,-0.0000,-0.0000,0.0000,-0.0000,0.0403,0.0000,0.0000,0.0000,0.0000,0.0000
20.2020,0.00000,-1.43051,0.01019,1.000000,0.000000,0.000000,0.000000,0.0102,0.0000,-0.0000,0.0000,0.0000,-0.0000,0.0403,0.0000,0.0000,0.0000,0.0000,0.0000
20.2220,0.00000,-1.43051,0.01019,1.000000,0.000000,0.000000,0.000000,0.0102,0.0000,-0.0000,-0.0000,0.0000,-0.0000,0.0403,0.0000,0.0000,0.0000,0.0000,0.0000
20.2420,0.00000,-1.43051,0.01019,1.000000,0.000000,0.000000,0.000000,0.0102,0.0000,-0.0000,0.0000,0.0000,-0.0000,0.0403,0.0000,0.0000,0.0000,0.0000,0.0000
20.2620,0.00000,-1.43051,0.01019,1.000000,0.000000,0.000000,0.000000,0.0102,0.0000,-0.0000,0.0000,0.0000,-0.0000,0.0403,0.0000,0.0000,0.0000,0.0000,0.0000
20.2820,0.00000,-1.43051,0.01019,1.000000,0.000000,0.000000,0.000000,0.0102,0.0000,-0.0000,0.0000,0.0000,-0.0000,0.0403,0.0000,0.0000,0.0000,0.0000,0.0000
20.3020,0.00000,-1.43051,0.01019,1.000000,0.000000,0.000000,0.000000,0.0102,0.0000,-0.0000,0.0000,0.0000,-0.0000,0.0403,0.0000,0.0000,0.0000,0.0000,0.0000
20.3220,0.00000,-1.43051,0.01019,1.000000,0.000000,0.000000,0.000000,0.0102,0.0000,-0.0000,0.0000,0.0000,-0.0000,0.0403,0.0000,0.0000,0.0000,0.0000,0.0000
20.3420,0.00000,-1.43051,0.01019,1.000000,0.000000,0.000000,0.000000,0.0102,0.0000,-0.0000,0.0000,0.0000,-0.0000,0.0404,0.0000,0.0000,0.0000,0.0000,0.0000
20.3620,0.00000,-1.43051,0.01019,1.000000,0.000000,0.000000,0.000000,0.0102,0.0000,-0.0000,0.0000,0.0000,-0.0000,0.0404,0.0000,0.0000,0.0000,0.0000,0.0000
20.3820,0.00000,-1.43051,0.01019,1.000000,0.000000,0.000000,0.000000,0.0102,0.0000,-0.0000,-0.0000,0.0000,-0.0000,0.0404,0.0000,0.0000,0.0000,0.0000,0.0000
20.4020,0.00000,-1.43051,0.01019,1.000000,0.000000,0.000000,0.000000,0.0102,0.0000,-0.0000,-0.0000,0.0000,-0.0000,0.0404,0.0000,0.0000,0.0000,0.0000,0.0000
20.4220,0.00000,-1.43051,0.01019,1.000000,0.000000,0.000000,0.000000,0.0102,0.0000,-0.0000,0.0000,0.0000,-0.0000,0.0404,0.0000,0.0000,0.0000,0.0000,0.0000
20.4420,0.00000,-1.43051,0.01019,1.000000,0.000000,0.000000,0.000000,0.0102,0.0000,-0.0000,-0.0000,0.0000,-0.0000,0.0404,0.0000,0.0000,0.0000,0.0000,0.0000
20.4620,0.00000,-1.43051,0.01019,1.000000,0.000000,0.000000,0.000000,0.0102,0.0000,-0.0000,0.0000,0.0000,-0.0000,0.0404,0.0000,0.0000,0.0000,0.0000,0.0000
20.4820,0.00000,-1.43051,0.01019,1.000000,0.000000,0.000000,0.000000,0.0102,0.0000,-0.0000,-0.0000,0.0000,-0.0000,0.0404,0.0000,0.0000,0.0000,0.0000,0.0000
20.5020,0.00000,-1.43051,0.01019,1.000000,0.000000,0.000000,0.000000,0.0102,0.0000,-0.0000,0.0000,0.0000,-0.0000,0.0404,0.0000,0.0000,0.0000,0.0000,0.0000
20.5220,0.00000,-1.43051,0.01019,1.000000,0.000000,0.000000,0.000000,0.0102,0.0000,-0.0000,-0.0000,0.0000,-0.0000,0.0404,0.0000,0.0000,0.0000,0.0000,0.0000
20.5420,0.00000,-1.43051,0.01019,1.000000,0.000000,0.000000,0.000000,0.0102,0.0000,-0.0000,-0.0000,0.0000,-0.0000,0.0404,0.0000,0.0000,0.0000,0.0000,0.0000
20.5620,0.00000,-1.43051,0.01019,1.000000,0.000000,0.000000,0.000000,0.0102,0.0000,-0.0000,0.0000,0.0000,-0.0000,0.0404,0.0000,0.0000,0.0000,0.0000,0.0000
20.5820,0.00000,-1.43051,0.01019,1.000000,0.000000,0.000000,0.000000,0.0102,0.0000,-0.0000,0.0000,0.0000,-0.0000,0.0404,0.0000,0.0000,0.0000,0.0000,0.0000
20.6020,0.00000,-1.43051,0.01019,1.000000,0.000000,0.000000,0.000000,0.0102,0.0000,-0.0000,-0.0000,0.0000,-0.0000,0.0404,0.0000,0.0000,0.0000,0.0000,0.0000
20.6220,0.00000,-1.43051,0.01019,1.000000,0.000000,0.000000,0.000000,0.0102,0.0000,-0.0000,-0.0000,0.0000,-0.0000,0.0404,0.0000,0.0000,0.0000,0.0000,0.0000
20.6420,0.00000,-1.43051,0.01019,1.000000,0.000000,0.000000,0.000000,0.0102,0.0000,-0.0000,0.0000,0.0000,-0.0000,0.0404,0.0000,0.0000,0.0000,0.0000,0.0000
20.6620,0.00000,-1.43051,0.01019,1.000000,0.000000,-0.000000,0.000000,0.0102,0.0000,0.0000,-0.0000,0.0000,-0.0000,0.0404,0.0000,0.0000,0.0000,0.0000,0.0000
20.6820,0.00000,-1.43051,0.01019,1.000000,0.000000,0.000000,0.000000,0.0102,0.0000,-0.0000,-0.0000,0.0000,-0.0000,0.0404,0.0000,0.0000,0.0000,0.0000,0.0000
20.7020,0.00000,-1.43051,0.01019,1.000000,0.000000,-0.000000,0.000000,0.0102,0.0000,0.0000,0.0000,0.0000,-0.0000,0.0405,0.0000,0.0000,0.0000,0.0000,0.0000
20.7220,0.00000,-1.43051,0.01019,1.000000,0.000000,-0.000000,0.000000,0.0102,0.0000,0.0000,-0.0000,0.0000,-0.0000,0.0405,0.0000,0.0000,0.0000,0.0000,0.0000
20.7420,0.00000,-1.43051,0.01019,1.000000,0.000000,-0.000000,0.000000,0.0102,0.0000,0.0000,-0.0000,0.0000,-0.0000,0.0405,0.0000,0.0000,0.0000,0.0000,0.0000
20.7620,0.00000,-1.43051,0.01019,1.000000,0.000000,0.000000,0.000000,0.0102,0.0000,-0.0000,-0.0000,0.0000,-0.0000,0.0405,0.0000,0.0000,0.0000,0.0000,0.0000
20.7820,0.00000,-1.43051,0.01019,1.000000,0.000000,0.000000,0.000000,0.0102,0.0000,-0.0000,0.0000,0.0000,-0.0000,0.0405,0.0000,0.0000,0.0000,0.0000,0.0000
20.8020,0.00000,-1.43051,0.01019,1.000000,0.000000,0.000000,0.000000,0.0102,0.0000,-0.0000,0.0000,0.0000,-0.0000,0.0405,0.0000,0.0000,0.0000,0.0000,0.0000
20.8220,0.00000,-1.43051,0.01019,1.000000,0.000000,0.000000,0.000000,0.0102,0.0000,-0.0000,0.0000,0.0000,-0.0000,0.0405,0.0000,0.0000,0.0000,0.0000,0.0000
20.8420,0.00000,-1.43051,0.01019,1.000000,0.000000,0.000000,0.000000,0.0102,0.0000,-0.0000,-0.0000,0.0000,-0.0000,0.0405,0.0000,0.0000,0.0000,0.0000,0.0000
20.8620,0.00000,-1.43051,0.01019,1.000000,0.000000,0.000000,0.000000,0.0102,0.0000,-0.0000,0.0000,0.0000,-0.0000,0.0405,0.0000,0.0000,0.0000,0.0000,0.0000
20.8820,0.00000,-1.43051,0.01019,1.000000,0.000000,0.000000,0.000000,0.0102,0.0000,-0.0000,-0.0000,0.0000,-0.0000,0.0405,0.0000,0.0000,0.0000,0.0000,0.0000
20.9020,0.00000,-1.43051,0.01019,1.000000,0.000000,0.000000,0.000000,0.0102,0.0000,-0.0000,-0.0000,0.0000,-0.0000,0.0405,0.0000,0.0000,0.0000,0.0000,0.0000
20.9220,0.00000,-1.43051,0.01019,1.000000,0.000000,0.000000,0.000000,0.0102,0.0000,-0.0000,0.0000,0.0000,-0.0000,0.0405,0.0000,0.0000,0.0000,0.0000,0.0000
20.9420,0.00000,-1.43051,0.01019,1.000000,0.000000,0.000000,0.000000,0.0102,0.0000,-0.0000,-0.0000,0.0000,-0.0000,0.0405,0.0000,0.0000,0.0000,0.0000,0.0000
20.9620,0.00000,-1.43051,0.01019,1.000000,0.000000,-0.000000,0.000000,0.0102,0.0000,0.0000,-0.0000,0.0000,-0.0000,0.0405,0.0000,0.0000,0.0000,0.0000,0.0000
20.9820,0.00000,-1.43051,0.01019,1.000000,0.000000,0.000000,0.000000,0.0102,0.0000,-0.0000,0.0000,0.0000,-0.0000,0.0405,0.0000,0.0000,0.0000,0.0000,0.0000
21.0020,0.00000,-1.43051,0.01019,1.000000,0.000000,0.000000,0.000000,0.0102,0.0000,-0.0000,-0.0000,0.0000,-0.0000,0.0405,0.0000,0.0000,0.0000,0.0000,0.0000
21.0220,0.00000,-1.43051,0.01019,1.000000,0.000000,0.000000,0.000000,0.0102,0.0000,-0.0000,-0.0000,0.0000,-0.0000,0.0405,0.0000,0.0000,0.0000,0.0000,0.0000
21.0420,0.00000,-1.43051,0.01019,1.000000,0.000000,0.000000,0.000000,0.0102,0.0000,-0.0000,-0.0000,0.0000,-0.0000,0.0405,0.0000,0.0000,0.0000,0.0000,0.0000
21.0620,0.00000,-1.43051,0.01019,1.000000,0.000000,0.000000,0.000000,0.0102,0.0000,-0.0000,-0.0000,0.0000,-0.0000,0.0406,0.0000,0.0000,0.0000,0.0000,0.0000
21.0820,0.00000,-1.43051,0.01019,1.000000,0.000000,0.000000,0.000000,0.0102,0.0000,-0.0000,-0.0000,0.0000,-0.0000,0.0406,0.0000,0.0000,0.0000,0.0000,0.0000
21.1020,0.00000,-1.43051,0.01019,1.000000,0.000000,0.000000,0.000000,0.0102,0.0000,-0.0000,0.0000,0.0000,-0.0000,0.0406,0.0000,0.0000,0.0000,0.0000,0.0000
21.1220,0.00000,-1.43051,0.01019,1.000000,0.000000,0.000000,0.000000,0.0102,0.0000,-0.0000,-0.0000,0.0000,-0.0000,0.0406,0.0000,0.0000,0.0000,0.0000,0.0000
21.1420,0.00000,-1.43051,0.01019,1.000000,0.000000,0.000000,0.000000,0.0102,0.0000,-0.0000,-0.0000,0.0000,-0.0000,0.0406,0.0000,0.0000,0.0000,0.0000,0.0000
21.1620,0.00000,-1.43051,0.01019,1.000000,0.000000,0.000000,0.000000,0.0102,0.0000,-0.0000,-0.0000,0.0000,-0.0000,0.0406,0.0000,0.0000,0.0000,0.0000,0.0000
21.1820,0.00000,-1.43051,0.01019,1.000000,0.000000,0.000000,0.000000,0.0102,0.0000,-0.0000,0.0000,0.0000,-0.0000,0.0406,0.0000,0.0000,0.0000,0.0000,0.0000
21.2020,0.00000,-1.43051,0.01019,1.000000,0.000000,0.000000,0.000000,0.0102,0.0000,-0.0000,-0.0000,0.0000,-0.0000,0.0406,0.0000,0.0000,0.0000,0.0000,0.0000
21.2220,0.00000,-1.43051,0.01019,1.000000,0.000000,0.000000,0.000000,0.0102,0.0000,-0.0000,-0.0000,0.0000,-0.0000,0.0406,0.0000,0.0000,0.0000,0.0000,0.0000
21.2420,0.00000,-1.43051,0.01019,1.000000,0.000000,0.000000,0.000000,0.0102,0.0000,-0.0000,0.0000,0.0000,-0.0000,0.0406,0.0000,0.0000,0.0000,0.0000,0.0000
21.2620,0.00000,-1.43051,0.01019,1.000000,0.000000,0.000000,0.000000,0.0102,0.0000,-0.0000,-0.0000,0.0000,-0.0000,0.0406,0.0000,0.0000,0.0000,0.0000,0.0000
21.2820,0.00000,-1.43051,0.01019,1.000000,0.000000,0.000000,0.000000,0.0102,0.0000,-0.0000,-0.0000,0.0000,-0.0000,0.0406,0.0000,0.0000,0.0000,0.0000,0.0000
21.3020,0.00000,-1.43051,0.01019,1.000000,0.000000,0.000000,0.000000,0.0102,0.0000,-0.0000,0.0000,0.0000,-0.0000,0.0406,0.0000,0.0000,0.0000,0.0000,0.0000
21.3220,0.00000,-1.43051,0.01019,1.000000,0.000000,0.000000,0.000000,0.0102,0.0000,-0.0000,-0.0000,0.0000,-0.0000,0.0406,0.0000,0.0000,0.0000,0.0000,0.0000
21.3420,0.00000,-1.43051,0.01019,1.000000,0.000000,0.000000,0.000000,0.0102,0.0000,-0.0000,-0.0000,0.0000,-0.0000,0.0406,0.0000,0.0000,0.0000,0.0000,0.0000
21.3620,0.00000,-1.43051,0.01019,1.000000,0.000000,0.000000,0.000000,0.0102,0.0000,-0.0000,-0.0000,0.0000,-0.0000,0.0406,0.0000,0.0000,0.0000,0.0000,0.0000
21.3820,0.00000,-1.43051,0.01019,1.000000,0.000000,0.000000,0.000000,0.0102,0.0000,-0.0000,-0.0000,0.0000,-0.0000,0.0406,0.0000,0.0000,0.0000,0.0000,0.0000
21.4020,0.00000,-1.43051,0.01019,1.000000,0.000000,0.000000,0.000000,0.0102,0.0000,-0.0000,-0.0000,0.0000,-0.0000,0.0406,0.0000,0.0000,0.0000,0.0000,0.0000
21.4220,0.00000,-1.43051,0.01019,1.000000,0.000000,0.000000,0.000000,0.0102,0.0000,-0.0000,-0.0000,0.0000,-0.0000,0.0406,0.0000,0.0000,0.0000,0.0000,0.0000
21.4420,0.00000,-1.43051,0.01019,1.000000,0.000000,0.000000,0.000000,0.0102,0.0000,-0.0000,-0.0000,0.0000,-0.0000,0.0406,0.0000,0.0000,0.0000,0.0000,0.0000
21.4620,0.00000,-1.43051,0.01019,1.000000,0.000000,0.000000,0.000000,0.0102,0.0000,-0.0000,-0.0000,0.0000,-0.0000,0.0407,0.0000,0.0000,0.0000,0.0000,0.0000
21.4820,0.00000,-1.43051,0.01019,1.000000,0.000000,0.000000,0.000000,0.0102,0.0000,-0.0000,-0.0000,0.0000,-0.0000,0.0407,0.0000,0.0000,0.0000,0.0000,0.0000
21.5020,0.00000,-1.43051,0.01019,1.000000,0.000000,0.000000,0.000000,0.0102,0.0000,-0.0000,0.0000,0.0000,-0.0000,0.0407,0.0000,0.0000,0.0000,0.0000,0.0000
21.5220,0.00000,-1.43051,0.01019,1.000000,0.000000,0.000000,0.000000,0.0102,0.0000,-0.0000,-0.0000,0.0000,-0.0000,0.0407,0.0000,0.0000,0.0000,0.0000,0.0000
21.5420,0.00000,-1.43051,0.01019,1.000000,0.000000,0.000000,0.000000,0.0102,0.0000,-0.0000,-0.0000,0.0000,-0.0000,0.0407,0.0000,0.0000,0.0000,0.0000,0.0000
21.5620,0.00000,-1.43051,0.01019,1.000000,0.000000,0.000000,0.000000,0.0102,0.0000,-0.0000,-0.0000,0.0000,-0.0000,0.0407,0.0000,0.0000,0.0000,0.0000,0.0000
21.5820,0.00000,-1.43051,0.01019,1.000000,0.000000,0.000000,0.000000,0.0102,0.0000,-0.0000,0.0000,0.0000,-0.0000,0.0407,0.0000,0.0000,0.0000,0.0000,0.0000
21.6020,0.00000,-1.43051,0.01019,1.000000,0.000000,0.000000,0.000000,0.0102,0.0000,-0.0000,-0.0000,0.0000,-0.0000,0.0407,0.0000,0.0000,0.0000,0.0000,0.0000
21.6220,0.00000,-1.43051,0.01019,1.000000,0.000000,0.000000,0.000000,0.0102,0.0000,-0.0000,0.0000,0.0000,-0.0000,0.0407,0.0000,0.0000,0.0000,0.0000,0.0000
21.6420,0.00000,-1.43051,0.01019,1.000000,0.000000,0.000000,0.000000,0.0102,0.0000,-0.0000,0.0000,0.0000,-0.0000,0.0407,0.0000,0.0000,0.0000,0.0000,0.0000
21.6620,0.00000,-1.43051,0.01019,1.000000,0.000000,0.000000,0.000000,0.0102,0.0000,-0.0000,0.0000,0.0000,-0.0000,0.0407,0.0000,0.0000,0.0000,0.0000,0.0000
21.6820,0.00000,-1.43051,0.01019,1.000000,0.000000,0.000000,0.000000,0.0102,0.0000,-0.0000,-0.0000,0.0000,-0.0000,0.0407,0.0000,0.0000,0.0000,0.0000,0.0000
21.7020,0.00000,-1.43051,0.01019,1.000000,0.000000,0.000000,0.000000,0.0102,0.0000,-0.0000,0.0000,0.0000,-0.0000,0.0407,0.0000,0.0000,0.0000,0.0000,0.0000
21.7220,0.00000,-1.43051,0.01019,1.000000,0.000000,0.000000,0.000000,0.0102,0.0000,-0.0000,-0.0000,0.0000,-0.0000,0.0407,0.0000,0.0000,0.0000,0.0000,0.0000
21.7420,0.00000,-1.43051,0.01019,1.000000,0.000000,0.000000,0.000000,0.0102,0.0000,-0.0000,0.0000,0.0000,-0.0000,0.0407,0.0000,0.0000,0.0000,0.0000,0.0000
21.7620,0.00000,-1.43051,0.01019,1.000000,0.000000,0.000000,0.000000,0.0102,0.0000,-0.0000,0.0000,0.0000,-0.0000,0.0407,0.0000,0.0000,0.0000,0.0000,0.0000
21.7820,0.00000,-1.43051,0.01019,1.000000,0.000000,-0.000000,0.000000,0.0102,0.0000,0.0000,-0.0000,0.0000,-0.0000,0.0407,0.0000,0.0000,0.0000,0.0000,0.0000
21.8020,0.00000,-1.43051,0.01019,1.000000,0.000000,0.000000,0.000000,0.0102,0.0000,-0.0000,-0.0000,0.0000,-0.0000,0.0407,0.0000,0.0000,0.0000,0.0000,0.0000
21.8220,0.00000,-1.43051,0.01019,1.000000,0.000000,0.000000,0.000000,0.0102,0.0000,-0.0000,0.0000,0.0000,-0.0000,0.0407,0.0000,0.0000,0.0000,0.0000,0.0000
21.8420,0.00000,-1.43051,0.01019,1.000000,0.000000,0.000000,0.000000,0.0102,0.0000,-0.0000,-0.0000,0.0000,-0.0000,0.0407,0.0000,0.0000,0.0000,0.0000,0.0000
21.8620,0.00000,-1.43051,0.01019,1.000000,0.000000,0.000000,0.000000,0.0102,0.0000,-0.0000,0.0000,0.0000,-0.0000,0.0407,0.0000,0.0000,0.0000,0.0000,0.0000
21.8820,0.00000,-1.43051,0.01019,1.000000,0.000000,0.000000,0.000000,0.0102,0.0000,-0.0000,-0.0000,0.0000,-0.0000,0.0408,0.0000,0.0000,0.0000,0.0000,0.0000
21.9020,0.00000,-1.43051,0.01019,1.000000,0.000000,0.000000,0.000000,0.0102,0.0000,-0.0000,-0.0000,0.0000,-0.0000,0.0408,0.0000,0.0000,0.0000,0.0000,0.0000
21.9220,0.00000,-1.43051,0.01019,1.000000,0.000000,0.000000,0.000000,0.0102,0.0000,-0.0000,0.0000,0.0000,-0.0000,0.0408,0.0000,0.0000,0.0000,0.0000,0.0000
21.9420,0.00000,-1.43051,0.01019,1.000000,0.000000,0.000000,0.000000,0.0102,0.0000,-0.0000,-0.0000,0.0000,-0.0000,0.0408,0.0000,0.0000,0.0000,0.0000,0.0000
21.9620,0.00000,-1.43051,0.01019,1.000000,0.000000,0.000000,0.000000,0.0102,0.0000,-0.0000,0.0000,0.0000,-0.0000,0.0408,0.0000,0.0000,0.0000,0.0000,0.0000
21.9820,0.00000,-1.43051,0.01019,1.000000,0.000000,0.000000,0.000000,0.0102,0.0000,-0.0000,-0.0000,0.0000,-0.0000,0.0408,0.0000,0.0000,0.0000,0.0000,0.0000
22.0020,0.00000,-1.43051,0.01019,1.000000,0.000000,0.000000,0.000000,0.0102,0.0000,-0.0000,0.0000,0.0000,-0.0000,0.0408,0.0000,0.0000,0.0000,0.0000,0.0000
22.0220,0.00000,-1.43051,0.01019,1.000000,0.000000,0.000000,0.000000,0.0102,0.0000,-0.0000,-0.0000,0.0000,-0.0000,0.0408,0.0000,0.0000,0.0000,0.0000,0.0000
22.0420,0.00000,-1.43051,0.01019,1.000000,0.000000,0.000000,0.000000,0.0102,0.0000,-0.0000,0.0000,0.0000,-0.0000,0.0408,0.0000,0.0000,0.0000,0.0000,0.0000
22.0620,0.00000,-1.43051,0.01019,1.000000,0.000000,0.000000,0.000000,0.0102,0.0000,-0.0000,0.0000,0.0000,-0.0000,0.0408,0.0000,0.0000,0.0000,0.0000,0.0000
22.0820,0.00000,-1.43051,0.01019,1.000000,0.000000,0.000000,0.000000,0.0102,0.0000,-0.0000,0.0000,0.0000,-0.0000,0.0408,0.0000,0.0000,0.0000,0.0000,0.0000
22.1020,0.00000,-1.43051,0.01019,1.000000,0.000000,0.000000,0.000000,0.0102,0.0000,-0.0000,0.0000,0.0000,-0.0000,0.0408,0.0000,0.0000,0.0000,0.0000,0.0000
22.1220,0.00000,-1.43051,0.01019,1.000000,0.000000,0.000000,0.000000,0.0102,0.0000,-0.0000,0.0000,0.0000,-0.0000,0.0408,0.0000,0.0000,0.0000,0.0000,0.0000
22.1420,0.00000,-1.43051,0.01019,1.000000,0.000000,0.000000,0.000000,0.0102,0.0000,-0.0000,0.0000,0.0000,-0.0000,0.0408,0.0000,0.0000,0.0000,0.0000,0.0000
22.1620,0.00000,-1.43051,0.01019,1.000000,0.000000,0.000000,0.000000,0.0102,0.0000,-0.0000,0.0000,0.0000,-0.0000,0.0408,0.0000,0.0000,0.0000,0.0000,0.0000
22.1820,0.00000,-1.43051,0.01019,1.000000,0.000000,-0.000000,0.000000,0.0102,0.0000,0.0000,0.0000,0.0000,-0.0000,0.0408,0.0000,0.0000,0.0000,0.0000,0.0000
22.2020,0.00000,-1.43051,0.01019,1.000000,0.000000,0.000000,0.000000,0.0102,0.0000,-0.0000,-0.0000,0.0000,-0.0000,0.0408,0.0000,0.0000,0.0000,0.0000,0.0000
22.2220,0.00000,-1.43051,0.01019,1.000000,0.000000,0.000000,0.000000,0.0102,0.0000,-0.0000,0.0000,0.0000,-0.0000,0.0408,0.0000,0.0000,0.0000,0.0000,0.0000
22.2420,0.00000,-1.43051,0.01019,1.000000,0.000000,-0.000000,0.000000,0.0102,0.0000,0.0000,-0.0000,0.0000,-0.0000,0.0408,0.0000,0.0000,0.0000,0.0000,0.0000
22.2620,0.00000,-1.43051,0.01019,1.000000,0.000000,0.000000,0.000000,0.0102,0.0000,-0.0000,0.0000,0.0000,-0.0000,0.0408,0.0000,0.0000,0.0000,0.0000,0.0000
22.2820,0.00000,-1.43051,0.01019,1.000000,0.000000,0.000000,0.000000,0.0102,0.0000,-0.0000,0.0000,0.0000,-0.0000,0.0408,0.0000,0.0000,0.0000,0.0000,0.0000
22.3020,0.00000,-1.43051,0.01019,1.000000,0.000000,0.000000,0.000000,0.0102,0.0000,-0.0000,-0.0000,0.0000,-0.0000,0.0408,0.0000,0.0000,0.0000,0.0000,0.0000
22.3220,0.00000,-1.43051,0.01019,1.000000,0.000000,0.000000,0.000000,0.0102,0.0000,-0.0000,0.0000,0.0000,-0.0000,0.0409,0.0000,0.0000,0.0000,0.0000,0.0000
22.3420,0.00000,-1.43051,0.01019,1.000000,0.000000,0.000000,0.000000,0.0102,0.0000,-0.0000,0.0000,0.0000,-0.0000,0.0409,0.0000,0.0000,0.0000,0.0000,0.0000
22.3620,0.00000,-1.43051,0.01019,1.000000,0.000000,0.000000,0.000000,0.0102,0.0000,-0.0000,-0.0000,0.0000,-0.0000,0.0409,0.0000,0.0000,0.0000,0.0000,0.0000
22.3820,0.00000,-1.43051,0.01019,1.000000,0.000000,0.000000,0.000000,0.0102,0.0000,-0.0000,-0.0000,0.0000,-0.0000,0.0409,0.0000,0.0000,0.0000,0.0000,0.0000
22.4020,0.00000,-1.43051,0.01019,1.000000,0.000000,0.000000,0.000000,0.0102,0.0000,-0.0000,-0.0000,0.0000,-0.0000,0.0409,0.0000,0.0000,0.0000,0.0000,0.0000
22.4220,0.00000,-1.43051,0.01019,1.000000,0.000000,0.000000,0.000000,0.0102,0.0000,-0.0000,-0.0000,0.0000,-0.0000,0.0409,0.0000,0.0000,0.0000,0.0000,0.0000
22.4420,0.00000,-1.43051,0.01019,1.000000,0.000000,0.000000,0.000000,0.0102,0.0000,-0.0000,0.0000,0.0000,-0.0000,0.0409,0.0000,0.0000,0.0000,0.0000,0.0000
22.4620,0.00000,-1.43051,0.01019,1.000000,0.000000,0.000000,0.000000,0.0102,0.0000,-0.0000,0.0000,0.0000,-0.0000,0.0409,0.0000,0.0000,0.0000,0.0000,0.0000
22.4820,0.00000,-1.43051,0.01019,1.000000,0.000000,0.000000,0.000000,0.0102,0.0000,-0.0000,0.0000,0.0000,-0.0000,0.0409,0.0000,0.0000,0.0000,0.0000,0.0000
22.5020,0.00000,-1.43051,0.01019,1.000000,0.000000,0.000000,0.000000,0.0102,0.0000,-0.0000,-0.0000,0.0000,-0.0000,0.0409,0.0000,0.0000,0.0000,0.0000,0.0000
22.5220,0.00000,-1.43051,0.01019,1.000000,0.000000,0.000000,0.000000,0.0102,0.0000,-0.0000,-0.0000,0.0000,-0.0000,0.0409,0.0000,0.0000,0.0000,0.0000,0.0000
22.5420,0.00000,-1.43051,0.01019,1.000000,0.000000,0.000000,0.000000,0.0102,0.0000,-0.0000,0.0000,0.0000,-0.0000,0.0409,0.0000,0.0000,0.0000,0.0000,0.0000
22.5620,0.00000,-1.43051,0.01019,1.000000,0.000000,0.000000,0.000000,0.0102,0.0000,-0.0000,0.0000,0.0000,-0.0000,0.0409,0.0000,0.0000,0.0000,0.0000,0.0000
22.5820,0.00000,-1.43051,0.01019,1.000000,0.000000,0.000000,0.000000,0.0102,0.0000,-0.0000,-0.0000,0.0000,-0.0000,0.0409,0.0000,0.0000,0.0000,0.0000,0.0000
22.6020,0.00000,-1.43051,0.01019,1.000000,0.000000,0.000000,0.000000,0.0102,0.0000,-0.0000,0.0000,0.0000,-0.0000,0.0409,0.0000,0.0000,0.0000,0.0000,0.0000
22.6220,0.00000,-1.43051,0.01019,1.000000,0.000000,0.000000,0.000000,0.0102,0.0000,-0.0000,-0.0000,0.0000,-0.0000,0.0409,0.0000,0.0000,0.0000,0.0000,0.0000
22.6420,0.00000,-1.43051,0.01019,1.000000,0.000000,0.000000,0.000000,0.0102,0.0000,-0.0000,0.0000,0.0000,-0.0000,0.0409,0.0000,0.0000,0.0000,0.0000,0.0000
22.6620,0.00000,-1.43051,0.01019,1.000000,0.000000,0.000000,0.000000,0.0102,0.0000,-0.0000,-0.0000,0.0000,-0.0000,0.0409,0.0000,0.0000,0.0000,0.0000,0.0000
22.6820,0.00000,-1.43051,0.01019,1.000000,0.000000,0.000000,0.000000,0.0102,0.0000,-0.0000,-0.0000,0.0000,-0.0000,0.0409,0.0000,0.0000,0.0000,0.0000,0.0000
22.7020,0.00000,-1.43051,0.01019,1.000000,0.000000,0.000000,0.000000,0.0102,0.0000,-0.0000,-0.0000,0.0000,-0.0000,0.0409,0.0000,0.0000,0.0000,0.0000,0.0000
22.7220,0.00000,-1.43051,0.01019,1.000000,0.000000,0.000000,0.000000,0.0102,0.0000,-0.0000,-0.0000,0.0000,-0.0000,0.0409,0.0000,0.0000,0.0000,0.0000,0.0000
22.7420,0.00000,-1.43051,0.01019,1.000000,0.000000,0.000000,0.000000,0.0102,0.0000,-0.0000,-0.0000,0.0000,-0.0000,0.0409,0.0000,0.0000,0.0000,0.0000,0.0000
22.7620,0.00000,-1.43051,0.01019,1.000000,0.000000,0.000000,0.000000,0.0102,0.0000,-0.0000,-0.0000,0.0000,-0.0000,0.0409,0.0000,0.0000,0.0000,0.0000,0.0000
22.7820,0.00000,-1.43051,0.01019,1.000000,0.000000,-0.000000,0.000000,0.0102,0.0000,0.0000,-0.0000,0.0000,-0.0000,0.0409,0.0000,0.0000,0.0000,0.0000,0.0000
22.8020,0.00000,-1.43051,0.01019,1.000000,0.000000,-0.000000,0.000000,0.0102,0.0000,0.0000,0.0000,0.0000,-0.0000,0.0410,0.0000,0.0000,0.0000,0.0000,0.0000
22.8220,0.00000,-1.43051,0.01019,1.000000,0.000000,0.000000,0.000000,0.0102,0.0000,-0.0000,-0.0000,0.0000,-0.0000,0.0410,0.0000,0.0000,0.0000,0.0000,0.0000
22.8420,0.00000,-1.43051,0.01019,1.000000,0.000000,0.000000,0.000000,0.0102,0.0000,-0.0000,-0.0000,0.0000,-0.0000,0.0410,0.0000,0.0000,0.0000,0.0000,0.0000
22.8620,0.00000,-1.43051,0.01019,1.000000,0.000000,0.000000,0.000000,0.0102,0.0000,-0.0000,0.0000,0.0000,-0.0000,0.0410,0.0000,0.0000,0.0000,0.0000,0.0000
22.8820,0.00000,-1.43051,0.01019,1.000000,0.000000,0.000000,0.000000,0.0102,0.0000,-0.0000,-0.0000,0.0000,-0.0000,0.0410,0.0000,0.0000,0.0000,0.0000,0.0000
22.9020,0.00000,-1.43051,0.01019,1.000000,0.000000,0.000000,0.000000,0.0102,0.0000,-0.0000,0.0000,0.0000,-0.0000,0.0410,0.0000,0.0000,0.0000,0.0000,0.0000
22.9220,0.00000,-1.43051,0.01019,1.000000,0.000000,0.000000,0.000000,0.0102,0.0000,-0.0000,0.0000,0.0000,-0.0000,0.0410,0.0000,0.0000,0.0000,0.0000,0.0000
22.9420,0.00000,-1.43051,0.01019,1.000000,0.000000,0.000000,0.000000,0.0102,0.0000,-0.0000,-0.0000,0.0000,-0.0000,0.0410,0.0000,0.0000,0.0000,0.0000,0.0000
22.9620,0.00000,-1.43051,0.01019,1.000000,0.000000,0.000000,0.000000,0.0102,0.0000,-0.0000,0.0000,0.0000,-0.0000,0.0410,0.0000,0.0000,0.0000,0.0000,0.0000
22.9820,0.00000,-1.43051,0.01019,1.000000,0.000000,0.000000,0.000000,0.0102,0.0000,-0.0000,0.0000,0.0000,-0.0000,0.0410,0.0000,0.0000,0.0000,0.0000,0.0000
23.0020,0.00000,-1.43051,0.01019,1.000000,0.000000,0.000000,0.000000,0.0102,0.0000,-0.0000,0.0000,0.0000,-0.0000,0.0410,0.0000,0.0000,0.0000,0.0000,0.0000
23.0220,0.00000,-1.43051,0.01019,1.000000,0.000000,0.000000,0.000000,0.0102,0.0000,-0.0000,-0.0000,0.0000,-0.0000,0.0410,0.0000,0.0000,0.0000,0.0000,0.0000
23.0420,0.00000,-1.43051,0.01019,1.000000,0.000000,0.000000,0.000000,0.0102,0.0000,-0.0000,0.0000,0.0000,-0.0000,0.0410,0.0000,0.0000,0.0000,0.0000,0.0000
23.0620,0.00000,-1.43051,0.01019,1.000000,0.000000,0.000000,0.000000,0.0102,0.0000,-0.0000,0.0000,0.0000,-0.0000,0.0410,0.0000,0.0000,0.0000,0.0000,0.0000
23.0820,0.00000,-1.43051,0.01019,1.000000,0.000000,0.000000,0.000000,0.0102,0.0000,-0.0000,0.0000,0.0000,-0.0000,0.0410,0.0000,0.0000,0.0000,0.0000,0.0000
23.1020,0.00000,-1.43051,0.01019,1.000000,0.000000,0.000000,0.000000,0.0102,0.0000,-0.0000,0.0000,0.0000,-0.0000,0.0410,0.0000,0.0000,0.0000,0.0000,0.0000
23.1220,0.00000,-1.43051,0.01019,1.000000,0.000000,0.000000,0.000000,0.0102,0.0000,-0.0000,-0.0000,0.0000,-0.0000,0.0410,0.0000,0.0000,0.0000,0.0000,0.0000
23.1420,0.00000,-1.43051,0.01019,1.000000,0.000000,-0.000000,0.000000,0.0102,0.0000,0.0000,-0.0000,0.0000,-0.0000,0.0410,0.0000,0.0000,0.0000,0.0000,0.0000
23.1620,0.00000,-1.43051,0.01019,1.000000,0.000000,0.000000,0.000000,0.0102,0.0000,-0.0000,-0.0000,0.0000,-0.0000,0.0410,0.0000,0.0000,0.0000,0.0000,0.0000
23.1820,0.00000,-1.43051,0.01019,1.000000,0.000000,0.000000,0.000000,0.0102,0.0000,-0.0000,0.0000,0.0000,-0.0000,0.0410,0.0000,0.0000,0.0000,0.0000,0.0000
23.2020,0.00000,-1.43051,0.01019,1.000000,0.000000,0.000000,0.000000,0.0102,0.0000,-0.0000,0.0000,0.0000,-0.0000,0.0410,0.0000,0.0000,0.0000,0.0000,0.0000
23.2220,0.00000,-1.43051,0.01019,1.000000,0.000000,0.000000,0.000000,0.0102,0.0000,-0.0000,-0.0000,0.0000,-0.0000,0.0410,0.0000,0.0000,0.0000,0.0000,0.0000
23.2420,0.00000,-1.43051,0.01019,1.000000,0.000000,0.000000,0.000000,0.0102,0.0000,-0.0000,0.0000,0.0000,-0.0000,0.0410,0.0000,0.0000,0.0000,0.0000,0.0000
23.2620,0.00000,-1.43051,0.01019,1.000000,0.000000,0.000000,0.000000,0.0102,0.0000,-0.0000,-0.0000,0.0000,-0.0000,0.0410,0.0000,0.0000,0.0000,0.0000,0.0000
23.2820,0.00000,-1.43051,0.01019,1.000000,0.000000,0.000000,0.000000,0.0102,0.0000,-0.0000,-0.0000,0.0000,-0.0000,0.0410,0.0000,0.0000,0.0000,0.0000,0.0000
23.3020,0.00000,-1.43051,0.01019,1.000000,0.000000,0.000000,0.000000,0.0102,0.0000,-0.0000,0.0000,0.0000,-0.0000,0.0410,0.0000,0.0000,0.0000,0.0000,0.0000
23.3220,0.00000,-1.43051,0.01019,1.000000,0.000000,0.000000,0.000000,0.0102,0.0000,-0.0000,0.0000,0.0000,-0.0000,0.0411,0.0000,0.0000,0.0000,0.0000,0.0000
23.3420,0.00000,-1.43051,0.01019,1.000000,0.000000,0.000000,0.000000,0.0102,0.0000,-0.0000,0.0000,0.0000,-0.0000,0.0411,0.0000,0.0000,0.0000,0.0000,0.0000
23.3620,0.00000,-1.43051,0.01019,1.000000,0.000000,0.000000,0.000000,0.0102,0.0000,-0.0000,0.0000,0.0000,-0.0000,0.0411,0.0000,0.0000,0.0000,0.0000,0.0000
23.3820,0.00000,-1.43051,0.01019,1.000000,0.000000,0.000000,0.000000,0.0102,0.0000,-0.0000,-0.0000,0.0000,-0.0000,0.0411,0.0000,0.0000,0.0000,0.0000,0.0000
23.4020,0.00000,-1.43051,0.01019,1.000000,0.000000,0.000000,0.000000,0.0102,0.0000,-0.0000,-0.0000,0.0000,-0.0000,0.0411,0.0000,0.0000,0.0000,0.0000,0.0000
23.4220,0.00000,-1.43051,0.01019,1.000000,0.000000,0.000000,0.000000,0.0102,0.0000,-0.0000,0.0000,0.0000,-0.0000,0.0411,0.0000,0.0000,0.0000,0.0000,0.0000
23.4420,0.00000,-1.43051,0.01019,1.000000,0.000000,0.000000,0.000000,0.0102,0.0000,-0.0000,-0.0000,0.0000,-0.0000,0.0411,0.0000,0.0000,0.0000,0.0000,0.0000
23.4620,0.00000,-1.43051,0.01019,1.000000,0.000000,0.000000,0.000000,0.0102,0.0000,-0.0000,0.0000,0.0000,-0.0000,0.0411,0.0000,0.0000,0.0000,0.0000,0.0000
23.4820,0.00000,-1.43051,0.01019,1.000000,0.000000,-0.000000,0.000000,0.0102,0.0000,0.0000,-0.0000,0.0000,-0.0000,0.0411,0.0000,0.0000,0.0000,0.0000,0.0000
23.5020,0.00000,-1.43051,0.01019,1.000000,0.000000,0.000000,0.000000,0.0102,0.0000,-0.0000,0.0000,0.0000,-0.0000,0.0411,0.0000,0.0000,0.0000,0.0000,0.0000
23.5220,0.00000,-1.43051,0.01019,1.000000,0.000000,0.000000,0.000000,0.0102,0.0000,-0.0000,-0.0000,0.0000,-0.0000,0.0411,0.0000,0.0000,0.0000,0.0000,0.0000
23.5420,0.00000,-1.43051,0.01019,1.000000,0.000000,0.000000,0.000000,0.0102,0.0000,-0.0000,0.0000,0.0000,-0.0000,0.0411,0.0000,0.0000,0.0000,0.0000,0.0000
23.5620,0.00000,-1.43051,0.01019,1.000000,0.000000,0.000000,0.000000,0.0102,0.0000,-0.0000,0.0000,0.0000,-0.0000,0.0411,0.0000,0.0000,0.0000,0.0000,0.0000
23.5820,0.00000,-1.43051,0.01019,1.000000,0.000000,0.000000,0.000000,0.0102,0.0000,-0.0000,-0.0000,0.0000,-0.0000,0.0411,0.0000,0.0000,0.0000,0.0000,0.0000
23.6020,0.00000,-1.43051,0.01019,1.000000,0.000000,0.000000,0.000000,0.0102,0.0000,-0.0000,-0.0000,0.0000,-0.0000,0.0411,0.0000,0.0000,0.0000,0.0000,0.0000
23.6220,0.00000,-1.43051,0.01019,1.000000,0.000000,0.000000,0.000000,0.0102,0.0000,-0.0000,-0.0000,0.0000,-0.0000,0.0411,0.0000,0.0000,0.0000,0.0000,0.0000
23.6420,0.00000,-1.43051,0.01019,1.000000,0.000000,0.000000,0.000000,0.0102,0.0000,-0.0000,0.0000,0.0000,-0.0000,0.0411,0.0000,0.0000,0.0000,0.0000,0.0000
23.6620,0.00000,-1.43051,0.01019,1.000000,0.000000,0.000000,0.000000,0.0102,0.0000,-0.0000,-0.0000,0.0000,-0.0000,0.0411,0.0000,0.0000,0.0000,0.0000,0.0000
23.6820,0.00000,-1.43051,0.01019,1.000000,0.000000,0.000000,0.000000,0.0102,0.0000,-0.0000,0.0000,0.0000,-0.0000,0.0411,0.0000,0.0000,0.0000,0.0000,0.0000
23.7020,0.00000,-1.43051,0.01019,1.000000,0.000000,0.000000,0.000000,0.0102,0.0000,-0.0000,-0.0000,0.0000,-0.0000,0.0411,0.0000,0.0000,0.0000,0.0000,0.0000
23.7220,0.00000,-1.43051,0.01019,1.000000,0.000000,0.000000,0.000000,0.0102,0.0000,-0.0000,0.0000,0.0000,-0.0000,0.0411,0.0000,0.0000,0.0000,0.0000,0.0000
23.7420,0.00000,-1.43051,0.01019,1.000000,0.000000,0.000000,0.000000,0.0102,0.0000,-0.0000,0.0000,0.0000,-0.0000,0.0411,0.0000,0.0000,0.0000,0.0000,0.0000
23.7620,0.00000,-1.43051,0.01019,1.000000,0.000000,-0.000000,0.000000,0.0102,0.0000,0.0000,0.0000,0.0000,-0.0000,0.0411,0.0000,0.0000,0.0000,0.0000,0.0000
23.7820,0.00000,-1.43051,0.01019,1.000000,0.000000,0.000000,0.000000,0.0102,0.0000,-0.0000,0.0000,0.0000,-0.0000,0.0411,0.0000,0.0000,0.0000,0.0000,0.0000
23.8020,0.00000,-1.43051,0.01019,1.000000,0.000000,0.000000,0.000000,0.0102,0.0000,-0.0000,0.0000,0.0000,-0.0000,0.0411,0.0000,0.0000,0.0000,0.0000,0.0000
23.8220,0.00000,-1.43051,0.01019,1.000000,0.000000,0.000000,0.000000,0.0102,0.0000,-0.0000,-0.0000,0.0000,-0.0000,0.0411,0.0000,0.0000,0.0000,0.0000,0.0000
23.8420,0.00000,-1.43051,0.01019,1.000000,0.000000,0.000000,0.000000,0.0102,0.0000,-0.0000,-0.0000,0.0000,-0.0000,0.0411,0.0000,0.0000,0.0000,0.0000,0.0000
23.8620,0.00000,-1.43051,0.01019,1.000000,0.000000,0.000000,0.000000,0.0102,0.0000,-0.0000,-0.0000,0.0000,-0.0000,0.0412,0.0000,0.0000,0.0000,0.0000,0.0000
23.8820,0.00000,-1.43051,0.01019,1.000000,0.000000,0.000000,0.000000,0.0102,0.0000,-0.0000,0.0000,0.0000,-0.0000,0.0412,0.0000,0.0000,0.0000,0.0000,0.0000
23.9020,0.00000,-1.43051,0.01019,1.000000,0.000000,0.000000,0.000000,0.0102,0.0000,-0.0000,0.0000,0.0000,-0.0000,0.0412,0.0000,0.0000,0.0000,0.0000,0.0000
23.9220,0.00000,-1.43051,0.01019,1.000000,0.000000,0.000000,0.000000,0.0102,0.0000,-0.0000,0.0000,0.0000,-0.0000,0.0412,0.0000,0.0000,0.0000,0.0000,0.0000
23.9420,0.00000,-1.43051,0.01019,1.000000,0.000000,0.000000,0.000000,0.0102,0.0000,-0.0000,-0.0000,0.0000,-0.0000,0.0412,0.0000,0.0000,0.0000,0.0000,0.0000
23.9620,0.00000,-1.43051,0.01019,1.000000,0.000000,0.000000,0.000000,0.0102,0.0000,-0.0000,0.0000,0.0000,-0.0000,0.0412,0.0000,0.0000,0.0000,0.0000,0.0000
23.9820,0.00000,-1.43051,0.01019,1.000000,0.000000,0.000000,0.000000,0.0102,0.0000,-0.0000,-0.0000,0.0000,-0.0000,0.0412,0.0000,0.0000,0.0000,0.0000,0.0000
24.0020,0.00000,-1.43051,0.01019,1.000000,0.000000,0.000000,0.000000,0.0102,0.0000,-0.0000,-0.0000,0.0000,-0.0000,0.0412,0.0000,0.0000,0.0000,0.0000,0.0000
24.0220,0.00000,-1.43051,0.01019,1.000000,0.000000,0.000000,0.000000,0.0102,0.0000,-0.0000,0.0000,0.0000,-0.0000,0.0412,0.0000,0.0000,0.0000,0.0000,0.0000
24.0420,0.00000,-1.43051,0.01019,1.000000,0.000000,0.000000,0.000000,0.0102,0.0000,-0.0000,-0.0000,0.0000,-0.0000,0.0412,0.0000,0.0000,0.0000,0.0000,0.0000
24.0620,0.00000,-1.43051,0.01019,1.000000,0.000000,-0.000000,0.000000,0.0102,0.0000,0.0000,0.0000,0.0000,-0.0000,0.0412,0.0000,0.0000,0.0000,0.0000,0.0000
24.0820,0.00000,-1.43051,0.01019,1.000000,0.000000,-0.000000,0.000000,0.0102,0.0000,0.0000,0.0000,0.0000,-0.0000,0.0412,0.0000,0.0000,0.0000,0.0000,0.0000
24.1020,0.00000,-1.43051,0.01019,1.000000,0.000000,-0.000000,0.000000,0.0102,0.0000,0.0000,0.0000,0.0000,-0.0000,0.0412,0.0000,0.0000,0.0000,0.0000,0.0000
24.1220,0.00000,-1.43051,0.01019,1.000000,0.000000,0.000000,0.000000,0.0102,0.0000,-0.0000,0.0000,0.0000,-0.0000,0.0412,0.0000,0.0000,0.0000,0.0000,0.0000
24.1420,0.00000,-1.43051,0.01019,1.000000,0.000000,0.000000,0.000000,0.0102,0.0000,-0.0000,0.0000,0.0000,-0.0000,0.0412,0.0000,0.0000,0.0000,0.0000,0.0000
24.1620,0.00000,-1.43051,0.01019,1.000000,0.000000,0.000000,0.000000,0.0102,0.0000,-0.0000,-0.0000,0.0000,-0.0000,0.0412,0.0000,0.0000,0.0000,0.0000,0.0000
24.1820,0.00000,-1.43051,0.01019,1.000000,0.000000,0.000000,0.000000,0.0102,0.0000,-0.0000,0.0000,0.0000,-0.0000,0.0412,0.0000,0.0000,0.0000,0.0000,0.0000
24.2020,0.00000,-1.43051,0.01019,1.000000,0.000000,0.000000,0.000000,0.0102,0.0000,-0.0000,-0.0000,0.0000,-0.0000,0.0412,0.0000,0.0000,0.0000,0.0000,0.0000
24.2220,0.00000,-1.43051,0.01019,1.000000,0.000000,0.000000,0.000000,0.0102,0.0000,-0.0000,-0.0000,0.0000,-0.0000,0.0412,0.0000,0.0000,0.0000,0.0000,0.0000
24.2420,0.00000,-1.43051,0.01019,1.000000,0.000000,0.000000,0.000000,0.0102,0.0000,-0.0000,-0.0000,0.0000,-0.0000,0.0412,0.0000,0.0000,0.0000,0.0000,0.0000
24.2620,0.00000,-1.43051,0.01019,1.000000,0.000000,0.000000,0.000000,0.0102,0.0000,-0.0000,0.0000,0.0000,-0.0000,0.0412,0.0000,0.0000,0.0000,0.0000,0.0000
24.2820,0.00000,-1.43051,0.01019,1.000000,0.000000,0.000000,0.000000,0.0102,0.0000,-0.0000,-0.0000,0.0000,-0.0000,0.0412,0.0000,0.0000,0.0000,0.0000,0.0000
24.3020,0.00000,-1.43051,0.01019,1.000000,0.000000,0.000000,0.000000,0.0102,0.0000,-0.0000,0.0000,0.0000,-0.0000,0.0412,0.0000,0.0000,0.0000,0.0000,0.0000
24.3220,0.00000,-1.43051,0.01019,1.000000,0.000000,0.000000,0.000000,0.0102,0.0000,-0.0000,0.0000,0.0000,-0.0000,0.0412,0.0000,0.0000,0.0000,0.0000,0.0000
24.3420,0.00000,-1.43051,0.01019,1.000000,0.000000,-0.000000,0.000000,0.0102,0.0000,0.0000,-0.0000,0.0000,-0.0000,0.0412,0.0000,0.0000,0.0000,0.0000,0.0000
24.3620,0.00000,-1.43051,0.01019,1.000000,0.000000,-0.000000,0.000000,0.0102,0.0000,0.0000,-0.0000,0.0000,-0.0000,0.0412,0.0000,0.0000,0.0000,0.0000,0.0000
24.3820,0.00000,-1.43051,0.01019,1.000000,0.000000,0.000000,0.000000,0.0102,0.0000,-0.0000,0.0000,0.0000,-0.0000,0.0412,0.0000,0.0000,0.0000,0.0000,0.0000
24.4020,0.00000,-1.43051,0.01019,1.000000,0.000000,0.000000,0.000000,0.0102,0.0000,-0.0000,0.0000,0.0000,-0.0000,0.0412,0.0000,0.0000,0.0000,0.0000,0.0000
24.4220,0.00000,-1.43051,0.01019,1.000000,0.000000,0.000000,0.000000,0.0102,0.0000,-0.0000,-0.0000,0.0000,-0.0000,0.0412,0.0000,0.0000,0.0000,0.0000,0.0000
24.4420,0.00000,-1.43051,0.01019,1.000000,0.000000,0.000000,0.000000,0.0102,0.0000,-0.0000,-0.0000,0.0000,-0.0000,0.0413,0.0000,0.0000,0.0000,0.0000,0.0000
24.4620,0.00000,-1.43051,0.01019,1.000000,0.000000,0.000000,0.000000,0.0102,0.0000,-0.0000,-0.0000,0.0000,-0.0000,0.0413,0.0000,0.0000,0.0000,0.0000,0.0000
24.4820,0.00000,-1.43051,0.01019,1.000000,0.000000,0.000000,0.000000,0.0102,0.0000,-0.0000,0.0000,0.0000,-0.0000,0.0413,0.0000,0.0000,0.0000,0.0000,0.0000
24.5020,0.00000,-1.43051,0.01019,1.000000,0.000000,0.000000,0.000000,0.0102,0.0000,-0.0000,0.0000,0.0000,-0.0000,0.0413,0.0000,0.0000,0.0000,0.0000,0.0000
24.5220,0.00000,-1.43051,0.01019,1.000000,0.000000,0.000000,0.000000,0.0102,0.0000,-0.0000,-0.0000,0.0000,-0.0000,0.0413,0.0000,0.0000,0.0000,0.0000,0.0000
24.5420,0.00000,-1.43051,0.01019,1.000000,0.000000,0.000000,0.000000,0.0102,0.0000,-0.0000,0.0000,0.0000,-0.0000,0.0413,0.0000,0.0000,0.0000,0.0000,0.0000
24.5620,0.00000,-1.43051,0.01019,1.000000,0.000000,-0.000000,0.000000,0.0102,0.0000,0.0000,0.0000,0.0000,-0.0000,0.0413,0.0000,0.0000,0.0000,0.0000,0.0000
24.5820,0.00000,-1.43051,0.01019,1.000000,0.000000,-0.000000,0.000000,0.0102,0.0000,0.0000,-0.0000,0.0000,-0.0000,0.0413,0.0000,0.0000,0.0000,0.0000,0.0000
24.6020,0.00000,-1.43051,0.01019,1.000000,0.000000,-0.000000,0.000000,0.0102,0.0000,0.0000,0.0000,0.0000,-0.0000,0.0413,0.0000,0.0000,0.0000,0.0000,0.0000
24.6220,0.00000,-1.43051,0.01019,1.000000,0.000000,0.000000,0.000000,0.0102,0.0000,-0.0000,0.0000,0.0000,-0.0000,0.0413,0.0000,0.0000,0.0000,0.0000,0.0000
24.6420,0.00000,-1.43051,0.01019,1.000000,0.000000,-0.000000,0.000000,0.0102,0.0000,0.0000,0.0000,0.0000,-0.0000,0.0413,0.0000,0.0000,0.0000,0.0000,0.0000
24.6620,0.00000,-1.43051,0.01019,1.000000,0.000000,0.000000,0.000000,0.0102,0.0000,-0.0000,0.0000,0.0000,-0.0000,0.0413,0.0000,0.0000,0.0000,0.0000,0.0000
24.6820,0.00000,-1.43051,0.01019,1.000000,0.000000,0.000000,0.000000,0.0102,0.0000,-0.0000,0.0000,0.0000,-0.0000,0.0413,0.0000,0.0000,0.0000,0.0000,0.0000
24.7020,0.00000,-1.43051,0.01019,1.000000,0.000000,0.000000,0.000000,0.0102,0.0000,-0.0000,0.0000,0.0000,-0.0000,0.0413,0.0000,0.0000,0.0000,0.0000,0.0000
24.7220,0.00000,-1.43051,0.01019,1.000000,0.000000,0.000000,0.000000,0.0102,0.0000,-0.0000,-0.0000,0.0000,-0.0000,0.0413,0.0000,0.0000,0.0000,0.0000,0.0000
24.7420,0.00000,-1.43051,0.01019,1.000000,0.000000,0.000000,0.000000,0.0102,0.0000,-0.0000,-0.0000,0.0000,-0.0000,0.0413,0.0000,0.0000,0.0000,0.0000,0.0000
24.7620,0.00000,-1.43051,0.01019,1.000000,0.000000,0.000000,0.000000,0.0102,0.0000,-0.0000,-0.0000,0.0000,-0.0000,0.0413,0.0000,0.0000,0.0000,0.0000,0.0000
24.7820,0.00000,-1.43051,0.01019,1.000000,0.000000,0.000000,0.000000,0.0102,0.0000,-0.0000,0.0000,0.0000,-0.0000,0.0413,0.0000,0.0000,0.0000,0.0000,0.0000
24.8020,0.00000,-1.43051,0.01019,1.000000,0.000000,0.000000,0.000000,0.0102,0.0000,-0.0000,0.0000,0.0000,-0.0000,0.0413,0.0000,0.0000,0.0000,0.0000,0.0000
24.8220,0.00000,-1.43051,0.01019,1.000000,0.000000,0.000000,0.000000,0.0102,0.0000,-0.0000,-0.0000,0.0000,-0.0000,0.0413,0.0000,0.0000,0.0000,0.0000,0.0000
24.8420,0.00000,-1.43051,0.01019,1.000000,0.000000,0.000000,0.000000,0.0102,0.0000,-0.0000,-0.0000,0.0000,-0.0000,0.0413,0.0000,0.0000,0.0000,0.0000,0.0000
24.8620,0.00000,-1.43051,0.01019,1.000000,0.000000,0.000000,0.000000,0.0102,0.0000,-0.0000,-0.0000,0.0000,-0.0000,0.0413,0.0000,0.0000,0.0000,0.0000,0.0000
24.8820,0.00000,-1.43051,0.01019,1.000000,0.000000,0.000000,0.000000,0.0102,0.0000,-0.0000,0.0000,0.0000,-0.0000,0.0413,0.0000,0.0000,0.0000,0.0000,0.0000
24.9020,0.00000,-1.43051,0.01019,1.000000,0.000000,0.000000,0.000000,0.0102,0.0000,-0.0000,-0.0000,0.0000,-0.0000,0.0413,0.0000,0.0000,0.0000,0.0000,0.0000
24.9220,0.00000,-1.43051,0.01019,1.000000,0.000000,0.000000,0.000000,0.0102,0.0000,-0.0000,-0.0000,0.0000,-0.0000,0.0413,0.0000,0.0000,0.0000,0.0000,0.0000
24.9420,0.00000,-1.43051,0.01019,1.000000,0.000000,0.000000,0.000000,0.0102,0.0000,-0.0000,-0.0000,0.0000,-0.0000,0.0413,0.0000,0.0000,0.0000,0.0000,0.0000
24.9620,0.00000,-1.43051,0.01019,1.000000,0.000000,0.000000,0.000000,0.0102,0.0000,-0.0000,0.0000,0.0000,-0.0000,0.0413,0.0000,0.0000,0.0000,0.0000,0.0000
24.9820,0.00000,-1.43051,0.01019,1.000000,0.000000,0.000000,0.000000,0.0102,0.0000,-0.0000,0.0000,0.0000,-0.0000,0.0413,0.0000,0.0000,0.0000,0.0000,0.0000
