t,px,py,pz,qw,qx,qy,qz,alt,roll,pitch,yawrate,yawcmd,alt_est,roll_est,pitch_est,m0,m1,m2,m3
0.0010,0.00000,0.00000,0.01300,1.000000,0.000000,0.000000,0.000000,0.0130,-0.0000,0.0000,-0.0000,0.0000,-0.0000,-0.0000,0.0000,0.0000,0.0000,0.0000,0.0000
0.0210,0.00000,0.00000,0.01084,1.000000,0.000000,0.000000,0.000000,0.0109,-0.0000,0.0000,-0.0000,0.0000,-0.0000,0.0000,0.0000,0.0000,0.0000,0.0000,0.0000
0.0420,0.00000,0.00000,0.00864,1.000000,0.000000,0.000000,0.000000,0.0086,0.0000,-0.0000,0.0000,0.0000,-0.0000,0.0000,0.0000,0.0000,0.0000,0.0000,0.0000
0.0620,0.00000,0.00000,0.00904,1.000000,0.000000,0.000000,0.000000,0.0090,0.0000,-0.0000,0.0000,0.0000,-0.0000,0.0000,0.0000,0.0000,0.0000,0.0000,0.0000
0.0820,0.00000,0.00000,0.00958,1.000000,0.000000,0.000000,0.000000,0.0096,0.0000,-0.0000,0.0000,0.0000,-0.0000,0.0000,0.0000,0.0000,0.0000,0.0000,0.0000
0.1020,0.00000,0.00000,0.00991,1.000000,0.000000,0.000000,0.000000,0.0099,0.0000,0.0000,0.0000,0.0000,-0.0000,0.0000,0.0000,0.0000,0.0000,0.0000,0.0000
0.1220,0.00000,0.00000,0.01007,1.000000,0.000000,0.000000,0.000000,0.0101,0.0000,0.0000,0.0000,0.0000,-0.0000,0.0000,0.0000,0.0000,0.0000,0.0000,0.0000
0.1420,0.00000,0.00000,0.01014,1.000000,0.000000,0.000000,0.000000,0.0101,0.0000,0.0000,0.0000,0.0000,-0.0000,0.0000,0.0000,0.0000,0.0000,0.0000,0.0000
0.1620,0.00000,0.00000,0.01017,1.000000,0.000000,0.000000,0.000000,0.0102,0.0000,-0.0000,0.0000,0.0000,-0.0000,0.0000,0.0000,0.0000,0.0000,0.0000,0.0000
0.1820,0.00000,0.00000,0.01018,1.000000,0.000000,0.000000,0.000000,0.0102,0.0000,-0.0000,0.0000,0.0000,-0.0000,0.0000,0.0000,0.0000,0.0000,0.0000,0.0000
0.2020,0.00000,0.00000,0.01019,1.000000,0.000000,0.000000,0.000000,0.0102,0.0000,0.0000,0.0000,0.0000,-0.0000,0.0000,0.0000,0.0000,0.0000,0.0000,0.0000
0.2220,0.00000,0.00000,0.01019,1.000000,0.000000,0.000000,0.000000,0.0102,0.0000,0.0000,0.0000,0.0000,-0.0000,0.0000,0.0000,0.0000,0.0000,0.0000,0.0000
0.2420,0.00000,0.00000,0.01019,1.000000,0.000000,0.000000,0.000000,0.0102,0.0000,0.0000,-0.0000,0.0000,-0.0000,0.0000,0.0000,0.0000,0.0000,0.0000,0.0000
0.2620,0.00000,0.00000,0.01019,1.000000,0.000000,0.000000,0.000000,0.0102,0.0000,-0.0000,0.0000,0.0000,-0.0000,0.0000,0.0000,0.0000,0.0000,0.0000,0.0000
0.2820,0.00000,0.00000,0.01019,1.000000,0.000000,0.000000,0.000000,0.0102,0.0000,-0.0000,0.0000,0.0000,-0.0000,0.0000,0.0000,0.0000,0.0000,0.0000,0.0000
0.3020,0.00000,0.00000,0.01019,1.000000,0.000000,0.000000,0.000000,0.0102,0.0000,0.0000,-0.0000,0.0000,-0.0000,0.0000,0.0000,0.0000,0.0000,0.0000,0.0000
0.3220,0.00000,0.00000,0.01019,1.000000,0.000000,0.000000,0.000000,0.0102,0.0000,-0.0000,0.0000,0.0000,-0.0000,0.0000,0.0000,0.0000,0.0000,0.0000,0.0000
0.3420,0.00000,0.00000,0.01019,1.000000,0.000000,0.000000,0.000000,0.0102,0.0000,0.0000,-0.0000,0.0000,-0.0000,0.0000,0.0000,0.0000,0.0000,0.0000,0.0000
0.3620,0.00000,0.00000,0.01019,1.000000,0.000000,0.000000,0.000000,0.0102,0.0000,0.0000,-0.0000,0.0000,-0.0000,0.0000,0.0000,0.0000,0.0000,0.0000,0.0000
0.3820,0.00000,0.00000,0.01019,1.000000,0.000000,0.000000,0.000000,0.0102,0.0000,0.0000,-0.0000,0.0000,-0.0000,0.0000,0.0000,0.0000,0.0000,0.0000,0.0000
0.4020,0.00000,0.00000,0.01019,1.000000,0.000000,0.000000,0.000000,0.0102,0.0000,-0.0000,0.0000,0.0000,-0.0000,0.0000,0.0000,0.0000,0.0000,0.0000,0.0000
0.4220,0.00000,0.00000,0.01019,1.000000,0.000000,0.000000,0.000000,0.0102,0.0000,0.0000,0.0000,0.0000,-0.0000,0.0000,0.0000,0.0000,0.0000,0.0000,0.0000
0.4420,0.00000,0.00000,0.01019,1.000000,0.000000,0.000000,0.000000,0.0102,0.0000,-0.0000,0.0000,0.0000,-0.0000,0.0000,0.0000,0.0000,0.0000,0.0000,0.0000
0.4620,0.00000,0.00000,0.01019,1.000000,0.000000,0.000000,0.000000,0.0102,0.0000,-0.0000,-0.0000,0.0000,-0.0000,0.0000,0.0000,0.0000,0.0000,0.0000,0.0000
0.4820,0.00000,0.00000,0.01019,1.000000,0.000000,0.000000,0.000000,0.0102,0.0000,0.0000,-0.0000,0.0000,-0.0000,0.0000,0.0000,0.0000,0.0000,0.0000,0.0000
0.5020,0.00000,0.00000,0.01019,1.000000,0.000000,0.000000,0.000000,0.0102,0.0000,0.0000,0.0000,0.0000,-0.0000,0.0000,0.0000,0.0000,0.0000,0.0000,0.0000
0.5220,0.00000,0.00000,0.01019,1.000000,0.000000,0.000000,0.000000,0.0102,0.0000,0.0000,0.0000,0.0000,-0.0000,0.0000,0.0000,0.0000,0.0000,0.0000,0.0000
0.5420,0.00000,0.00000,0.01019,1.000000,0.000000,0.000000,0.000000,0.0102,0.0000,0.0000,-0.0000,0.0000,-0.0000,0.0000,0.0000,0.0000,0.0000,0.0000,0.0000
0.5620,0.00000,0.00000,0.01019,1.000000,0.000000,0.000000,0.000000,0.0102,0.0000,0.0000,0.0000,0.0000,-0.0000,0.0000,0.0000,0.0000,0.0000,0.0000,0.0000
0.5820,0.00000,0.00000,0.01019,1.000000,0.000000,0.000000,0.000000,0.0102,0.0000,0.0000,0.0000,0.0000,-0.0000,0.0000,0.0000,0.0000,0.0000,0.0000,0.0000
0.6020,0.00000,0.00000,0.01019,1.000000,0.000000,0.000000,0.000000,0.0102,0.0000,0.0000,0.0000,0.0000,-0.0000,0.0000,0.0000,0.0000,0.0000,0.0000,0.0000
0.6220,0.00000,0.00000,0.01019,1.000000,0.000000,0.000000,0.000000,0.0102,0.0000,-0.0000,0.0000,0.0000,-0.0000,0.0000,0.0000,0.0000,0.0000,0.0000,0.0000
0.6420,0.00000,0.00000,0.01019,1.000000,0.000000,0.000000,0.000000,0.0102,0.0000,0.0000,0.0000,0.0000,-0.0000,0.0000,0.0000,0.0000,0.0000,0.0000,0.0000
0.6620,0.00000,0.00000,0.01019,1.000000,0.000000,0.000000,0.000000,0.0102,0.0000,0.0000,-0.0000,0.0000,-0.0000,0.0000,0.0000,0.0000,0.0000,0.0000,0.0000
0.6820,0.00000,0.00000,0.01019,1.000000,0.000000,0.000000,0.000000,0.0102,0.0000,0.0000,-0.0000,0.0000,-0.0000,0.0000,0.0000,0.0000,0.0000,0.0000,0.0000
0.7020,0.00000,0.00000,0.01019,1.000000,0.000000,0.000000,0.000000,0.0102,0.0000,0.0000,-0.0000,0.0000,-0.0000,0.0000,0.0000,0.0000,0.0000,0.0000,0.0000
0.7220,0.00000,0.00000,0.01019,1.000000,0.000000,0.000000,0.000000,0.0102,0.0000,0.0000,0.0000,0.0000,-0.0000,0.0000,0.0000,0.0000,0.0000,0.0000,0.0000
0.7420,0.00000,0.00000,0.01019,1.000000,0.000000,0.000000,0.000000,0.0102,0.0000,-0.0000,0.0000,0.0000,-0.0000,0.0000,0.0000,0.0000,0.0000,0.0000,0.0000
0.7620,0.00000,0.00000,0.01019,1.000000,0.000000,0.000000,0.000000,0.0102,0.0000,0.0000,0.0000,0.0000,-0.0000,0.0000,0.0000,0.0000,0.0000,0.0000,0.0000
0.7820,0.00000,0.00000,0.01019,1.000000,0.000000,0.000000,0.000000,0.0102,0.0000,0.0000,0.0000,0.0000,-0.0000,0.0000,0.0000,0.0000,0.0000,0.0000,0.0000
0.8020,0.00000,0.00000,0.01019,1.000000,0.000000,0.000000,0.000000,0.0102,0.0000,-0.0000,0.0000,0.0000,-0.0000,0.0000,0.0000,0.0000,0.0000,0.0000,0.0000
0.8220,0.00000,0.00000,0.01019,1.000000,0.000000,0.000000,0.000000,0.0102,0.0000,-0.0000,-0.0000,0.0000,-0.0000,0.0000,0.0000,0.0000,0.0000,0.0000,0.0000
0.8420,0.00000,0.00000,0.01019,1.000000,0.000000,0.000000,0.000000,0.0102,0.0000,0.0000,0.0000,0.0000,-0.0000,0.0000,0.0000,0.0000,0.0000,0.0000,0.0000
0.8620,0.00000,0.00000,0.01019,1.000000,0.000000,0.000000,0.000000,0.0102,0.0000,0.0000,0.0000,0.0000,-0.0000,0.0000,0.0000,0.0000,0.0000,0.0000,0.0000
0.8820,0.00000,0.00000,0.01019,1.000000,0.000000,0.000000,0.000000,0.0102,0.0000,-0.0000,-0.0000,0.0000,-0.0000,0.0000,0.0000,0.0000,0.0000,0.0000,0.0000
0.9020,0.00000,0.00000,0.01019,1.000000,0.000000,0.000000,0.000000,0.0102,0.0000,-0.0000,0.0000,0.0000,-0.0000,0.0000,0.0000,0.0000,0.0000,0.0000,0.0000
0.9220,0.00000,0.00000,0.01019,1.000000,0.000000,0.000000,0.000000,0.0102,0.0000,-0.0000,0.0000,0.0000,-0.0000,0.0000,0.0000,0.0000,0.0000,0.0000,0.0000
0.9420,0.00000,0.00000,0.01019,1.000000,0.000000,0.000000,0.000000,0.0102,0.0000,-0.0000,0.0000,0.0000,-0.0000,0.0000,0.0000,0.0000,0.0000,0.0000,0.0000
0.9620,0.00000,0.00000,0.01019,1.000000,0.000000,0.000000,0.000000,0.0102,0.0000,0.0000,-0.0000,0.0000,-0.0000,0.0000,0.0000,0.0000,0.0000,0.0000,0.0000
0.9820,0.00000,0.00000,0.01019,1.000000,0.000000,0.000000,0.000000,0.0102,0.0000,0.0000,-0.0000,0.0000,-0.0000,0.0000,0.0000,0.0000,0.0000,0.0000,0.0000
1.0020,0.00000,0.00000,0.01019,1.000000,0.000000,0.000000,0.000000,0.0102,0.0000,0.0000,0.0000,0.0000,-0.0000,0.0000,0.0000,0.0000,0.0000,0.0000,0.0000
1.0220,0.00000,0.00000,0.01019,1.000000,0.000000,0.000000,0.000000,0.0102,0.0000,0.0000,0.0000,0.0000,-0.0000,0.0000,0.0000,0.0000,0.0000,0.0000,0.0000
1.0420,0.00000,0.00000,0.01019,1.000000,0.000000,0.000000,0.000000,0.0102,0.0000,-0.0000,-0.0000,0.0000,-0.0000,0.0000,0.0000,0.0000,0.0000,0.0000,0.0000
1.0620,0.00000,0.00000,0.01019,1.000000,0.000000,0.000000,0.000000,0.0102,0.0000,-0.0000,0.0000,0.0000,-0.0000,0.0000,0.0000,0.0000,0.0000,0.0000,0.0000
1.0820,0.00000,0.00000,0.01019,1.000000,0.000000,0.000000,0.000000,0.0102,0.0000,0.0000,-0.0000,0.0000,-0.0000,0.0000,0.0000,0.0000,0.0000,0.0000,0.0000
1.1020,0.00000,0.00000,0.01019,1.000000,0.000000,0.000000,0.000000,0.0102,0.0000,-0.0000,-0.0000,0.0000,-0.0000,0.0000,0.0000,0.0000,0.0000,0.0000,0.0000
1.1220,0.00000,0.00000,0.01019,1.000000,0.000000,0.000000,0.000000,0.0102,0.0000,-0.0000,0.0000,0.0000,-0.0000,0.0000,0.0000,0.0000,0.0000,0.0000,0.0000
1.1420,0.00000,0.00000,0.01019,1.000000,0.000000,0.000000,0.000000,0.0102,0.0000,0.0000,0.0000,0.0000,-0.0000,0.0000,0.0000,0.0000,0.0000,0.0000,0.0000
1.1620,0.00000,-0.00000,0.01019,1.000000,0.000000,0.000000,0.000000,0.0102,0.0000,-0.0000,0.0000,0.0000,-0.0000,0.0000,0.0000,0.0000,0.0000,0.0000,0.0000
1.1820,0.00000,-0.00000,0.01019,1.000000,0.000000,0.000000,0.000000,0.0102,0.0000,-0.0000,0.0000,0.0000,-0.0000,0.0000,0.0000,0.0000,0.0000,0.0000,0.0000
1.2020,0.00000,-0.00000,0.01019,1.000000,0.000000,0.000000,0.000000,0.0102,0.0000,-0.0000,-0.0000,0.0000,-0.0000,0.0000,0.0000,0.0000,0.0000,0.0000,0.0000
1.2220,0.00000,-0.00000,0.01019,1.000000,0.000000,0.000000,0.000000,0.0102,0.0000,0.0000,0.0000,0.0000,-0.0000,0.0000,0.0000,0.0000,0.0000,0.0000,0.0000
1.2420,0.00000,-0.00000,0.01019,1.000000,0.000000,0.000000,0.000000,0.0102,0.0000,-0.0000,0.0000,0.0000,-0.0000,0.0000,0.0000,0.0000,0.0000,0.0000,0.0000
1.2620,0.00000,-0.00000,0.01019,1.000000,0.000000,0.000000,0.000000,0.0102,0.0000,-0.0000,0.0000,0.0000,-0.0000,0.0000,0.0000,0.0000,0.0000,0.0000,0.0000
1.2820,0.00000,-0.00000,0.01019,1.000000,0.000000,0.000000,0.000000,0.0102,0.0000,0.0000,-0.0000,0.0000,-0.0000,0.0000,0.0000,0.0000,0.0000,0.0000,0.0000
1.3020,0.00000,-0.00000,0.01019,1.000000,0.000000,0.000000,0.000000,0.0102,0.0000,0.0000,0.0000,0.0000,-0.0000,0.0000,0.0000,0.0000,0.0000,0.0000,0.0000
1.3220,0.00000,-0.00000,0.01019,1.000000,0.000000,0.000000,0.000000,0.0102,0.0000,0.0000,0.0000,0.0000,-0.0000,0.0000,0.0000,0.0000,0.0000,0.0000,0.0000
1.3420,0.00000,-0.00000,0.01019,1.000000,0.000000,0.000000,0.000000,0.0102,0.0000,-0.0000,-0.0000,0.0000,-0.0000,0.0000,0.0000,0.0000,0.0000,0.0000,0.0000
1.3620,0.00000,-0.00000,0.01019,1.000000,0.000000,0.000000,0.000000,0.0102,0.0000,-0.0000,0.0000,0.0000,-0.0000,0.0000,0.0000,0.0000,0.0000,0.0000,0.0000
1.3820,0.00000,0.00000,0.01019,1.000000,0.000000,0.000000,0.000000,0.0102,0.0000,-0.0000,-0.0000,0.0000,-0.0000,0.0000,0.0000,0.0000,0.0000,0.0000,0.0000
1.4020,0.00000,-0.00000,0.01019,1.000000,0.000000,0.000000,0.000000,0.0102,0.0000,-0.0000,-0.0000,0.0000,-0.0000,0.0000,0.0000,0.0000,0.0000,0.0000,0.0000
1.4220,0.00000,-0.00000,0.01019,1.000000,0.000000,0.000000,0.000000,0.0102,0.0000,-0.0000,0.0000,0.0000,-0.0000,0.0000,0.0000,0.0000,0.0000,0.0000,0.0000
1.4420,0.00000,-0.00000,0.01019,1.000000,0.000000,0.000000,0.000000,0.0102,0.0000,-0.0000,0.0000,0.0000,-0.0000,0.0000,0.0000,0.0000,0.0000,0.0000,0.0000
1.4620,0.00000,0.00000,0.01019,1.000000,0.000000,0.000000,0.000000,0.0102,0.0000,-0.0000,-0.0000,0.0000,-0.0000,0.0000,0.0000,0.0000,0.0000,0.0000,0.0000
1.4820,0.00000,0.00000,0.01019,1.000000,0.000000,0.000000,0.000000,0.0102,0.0000,0.0000,0.0000,0.0000,-0.0000,0.0000,0.0000,0.0000,0.0000,0.0000,0.0000
1.5020,0.00000,0.00000,0.01019,1.000000,0.000000,0.000000,0.000000,0.0102,0.0000,0.0000,0.0000,0.0000,-0.0000,0.0000,0.0000,0.0000,0.0000,0.0000,0.0000
1.5220,0.00000,0.00000,0.01019,1.000000,0.000000,0.000000,0.000000,0.0102,0.0000,0.0000,-0.0000,0.0000,-0.0000,0.0000,0.0000,0.0000,0.0000,0.0000,0.0000
1.5420,0.00000,-0.00000,0.01019,1.000000,0.000000,0.000000,0.000000,0.0102,0.0000,-0.0000,-0.0000,0.0000,-0.0000,0.0000,0.0000,0.0000,0.0000,0.0000,0.0000
1.5620,0.00000,-0.00000,0.01019,1.000000,0.000000,0.000000,0.000000,0.0102,0.0000,-0.0000,0.0000,0.0000,-0.0000,0.0000,0.0000,0.0000,0.0000,0.0000,0.0000
1.5820,0.00000,-0.00000,0.01019,1.000000,0.000000,0.000000,0.000000,0.0102,0.0000,0.0000,0.0000,0.0000,-0.0000,0.0000,0.0000,0.0000,0.0000,0.0000,0.0000
1.6020,0.00000,0.00000,0.01019,1.000000,0.000000,0.000000,0.000000,0.0102,0.0000,0.0000,-0.0000,0.0000,-0.0000,0.0000,0.0000,0.0000,0.0000,0.0000,0.0000
1.6220,0.00000,0.00000,0.01019,1.000000,0.000000,0.000000,0.000000,0.0102,0.0000,-0.0000,-0.0000,0.0000,-0.0000,0.0000,0.0000,0.0000,0.0000,0.0000,0.0000
1.6420,0.00000,-0.00000,0.01019,1.000000,0.000000,0.000000,0.000000,0.0102,0.0000,0.0000,-0.0000,0.0000,-0.0000,0.0000,0.0000,0.0000,0.0000,0.0000,0.0000
1.6620,0.00000,-0.00000,0.01019,1.000000,0.000000,0.000000,0.000000,0.0102,0.0000,0.0000,-0.0000,0.0000,-0.0000,0.0000,0.0000,0.0000,0.0000,0.0000,0.0000
1.6820,0.00000,-0.00000,0.01019,1.000000,0.000000,0.000000,0.000000,0.0102,0.0000,0.0000,0.0000,0.0000,-0.0000,0.0000,0.0000,0.0000,0.0000,0.0000,0.0000
1.7020,0.00000,-0.00000,0.01019,1.000000,0.000000,0.000000,0.000000,0.0102,0.0000,-0.0000,0.0000,0.0000,-0.0000,0.0000,0.0000,0.0000,0.0000,0.0000,0.0000
1.7220,0.00000,-0.00000,0.01019,1.000000,0.000000,0.000000,0.000000,0.0102,0.0000,0.0000,0.0000,0.0000,-0.0000,0.0000,0.0000,0.0000,0.0000,0.0000,0.0000
1.7420,0.00000,-0.00000,0.01019,1.000000,0.000000,0.000000,0.000000,0.0102,0.0000,0.0000,-0.0000,0.0000,-0.0000,0.0000,0.0000,0.0000,0.0000,0.0000,0.0000
1.7620,0.00000,-0.00000,0.01019,1.000000,0.000000,0.000000,0.000000,0.0102,0.0000,0.0000,0.0000,0.0000,-0.0000,0.0000,0.0000,0.0000,0.0000,0.0000,0.0000
1.7820,0.00000,-0.00000,0.01019,1.000000,0.000000,0.000000,0.000000,0.0102,0.0000,-0.0000,0.0000,0.0000,-0.0000,0.0000,0.0000,0.0000,0.0000,0.0000,0.0000
1.8020,0.00000,-0.00000,0.01019,1.000000,0.000000,0.000000,0.000000,0.0102,0.0000,0.0000,-0.0000,0.0000,-0.0000,0.0000,0.0000,0.0000,0.0000,0.0000,0.0000
1.8220,0.00000,-0.00000,0.01019,1.000000,0.000000,0.000000,0.000000,0.0102,0.0000,-0.0000,-0.0000,0.0000,-0.0000,0.0000,0.0000,0.0000,0.0000,0.0000,0.0000
1.8420,0.00000,-0.00000,0.01019,1.000000,0.000000,0.000000,0.000000,0.0102,0.0000,0.0000,0.0000,0.0000,-0.0000,0.0000,0.0000,0.0000,0.0000,0.0000,0.0000
1.8620,0.00000,-0.00000,0.01019,1.000000,0.000000,0.000000,0.000000,0.0102,0.0000,-0.0000,-0.0000,0.0000,-0.0000,0.0000,0.0000,0.0000,0.0000,0.0000,0.0000
1.8820,0.00000,-0.00000,0.01019,1.000000,0.000000,0.000000,0.000000,0.0102,0.0000,0.0000,0.0000,0.0000,-0.0000,0.0000,0.0000,0.0000,0.0000,0.0000,0.0000
1.9020,0.00000,-0.00000,0.01019,1.000000,0.000000,0.000000,0.000000,0.0102,0.0000,0.0000,-0.0000,0.0000,-0.0000,0.0000,0.0000,0.0000,0.0000,0.0000,0.0000
1.9220,0.00000,-0.00000,0.01019,1.000000,0.000000,0.000000,0.000000,0.0102,0.0000,0.0000,-0.0000,0.0000,-0.0000,0.0000,0.0000,0.0000,0.0000,0.0000,0.0000
1.9420,0.00000,-0.00000,0.01019,1.000000,0.000000,0.000000,0.000000,0.0102,0.0000,-0.0000,0.0000,0.0000,-0.0000,0.0000,0.0000,0.0000,0.0000,0.0000,0.0000
1.9620,0.00000,-0.00000,0.01019,1.000000,0.000000,0.000000,0.000000,0.0102,0.0000,0.0000,0.0000,0.0000,-0.0000,0.0000,0.0000,0.0000,0.0000,0.0000,0.0000
1.9820,0.00000,-0.00000,0.01019,1.000000,0.000000,0.000000,0.000000,0.0102,0.0000,-0.0000,0.0000,0.0000,-0.0000,0.0000,0.0000,0.0000,0.0000,0.0000,0.0000
2.0020,0.00000,-0.00000,0.01019,1.000000,0.000000,0.000000,0.000000,0.0102,0.0000,0.0000,-0.0000,0.0000,-0.0000,0.0000,0.0000,0.0000,0.0000,0.0000,0.0000
2.0220,0.00000,-0.00000,0.01019,1.000000,0.000000,0.000000,0.000000,0.0102,0.0000,0.0000,0.0000,0.0000,-0.0000,0.0000,0.0000,0.0000,0.0000,0.0000,0.0000
2.0420,0.00000,-0.00000,0.01019,1.000000,0.000000,0.000000,0.000000,0.0102,0.0000,-0.0000,0.0000,0.0000,-0.0000,0.0000,0.0000,0.0000,0.0000,0.0000,0.0000
2.0620,0.00000,-0.00000,0.01019,1.000000,0.000000,0.000000,0.000000,0.0102,0.0000,0.0000,-0.0000,0.0000,-0.0000,0.0000,0.0000,0.0000,0.0000,0.0000,0.0000
2.0820,0.00000,-0.00000,0.01019,1.000000,0.000000,0.000000,0.000000,0.0102,0.0000,0.0000,-0.0000,0.0000,-0.0000,0.0000,0.0000,0.0000,0.0000,0.0000,0.0000
2.1020,0.00000,-0.00000,0.01019,1.000000,0.000000,0.000000,0.000000,0.0102,0.0000,-0.0000,-0.0000,0.0000,-0.0000,0.0000,0.0000,0.0000,0.0000,0.0000,0.0000
2.1220,0.00000,-0.00000,0.01019,1.000000,0.000000,0.000000,0.000000,0.0102,0.0000,0.0000,0.0000,0.0000,-0.0000,0.0000,0.0000,0.0000,0.0000,0.0000,0.0000
2.1420,0.00000,-0.00000,0.01019,1.000000,0.000000,0.000000,0.000000,0.0102,0.0000,0.0000,-0.0000,0.0000,-0.0000,0.0000,0.0000,0.0000,0.0000,0.0000,0.0000
2.1620,0.00000,-0.00000,0.01019,1.000000,0.000000,0.000000,0.000000,0.0102,0.0000,0.0000,-0.0000,0.0000,-0.0000,0.0000,0.0000,0.0000,0.0000,0.0000,0.0000
2.1820,0.00000,-0.00000,0.01019,1.000000,0.000000,0.000000,0.000000,0.0102,0.0000,0.0000,-0.0000,0.0000,-0.0000,0.0000,0.0000,0.0000,0.0000,0.0000,0.0000
2.2020,0.00000,-0.00000,0.01019,1.000000,0.000000,0.000000,0.000000,0.0102,0.0000,0.0000,0.0000,0.0000,-0.0000,0.0000,0.0000,0.0000,0.0000,0.0000,0.0000
2.2220,0.00000,-0.00000,0.01019,1.000000,0.000000,0.000000,0.000000,0.0102,0.0000,0.0000,-0.0000,0.0000,-0.0000,0.0000,0.0000,0.0000,0.0000,0.0000,0.0000
2.2420,0.00000,-0.00000,0.01019,1.000000,0.000000,0.000000,0.000000,0.0102,0.0000,0.0000,-0.0000,0.0000,-0.0000,0.0000,0.0000,0.0000,0.0000,0.0000,0.0000
2.2620,0.00000,-0.00000,0.01019,1.000000,0.000000,0.000000,0.000000,0.0102,0.0000,-0.0000,-0.0000,0.0000,-0.0000,0.0000,0.0000,0.0000,0.0000,0.0000,0.0000
2.2820,0.00000,-0.00000,0.01019,1.000000,0.000000,0.000000,0.000000,0.0102,0.0000,0.0000,-0.0000,0.0000,-0.0000,0.0000,0.0000,0.0000,0.0000,0.0000,0.0000
2.3020,0.00000,-0.00000,0.01019,1.000000,0.000000,0.000000,0.000000,0.0102,0.0000,0.0000,0.0000,0.0000,-0.0000,0.0000,0.0000,0.0000,0.0000,0.0000,0.0000
2.3220,0.00000,-0.00000,0.01019,1.000000,0.000000,0.000000,0.000000,0.0102,0.0000,-0.0000,0.0000,0.0000,-0.0000,0.0000,0.0000,0.0000,0.0000,0.0000,0.0000
2.3420,0.00000,-0.00000,0.01019,1.000000,0.000000,0.000000,0.000000,0.0102,0.0000,-0.0000,-0.0000,0.0000,-0.0000,0.0000,0.0000,0.0000,0.0000,0.0000,0.0000
2.3620,0.00000,-0.00000,0.01019,1.000000,0.000000,0.000000,0.000000,0.0102,0.0000,-0.0000,-0.0000,0.0000,-0.0000,0.0000,0.0000,0.0000,0.0000,0.0000,0.0000
2.3820,0.00000,-0.00000,0.01019,1.000000,0.000000,0.000000,0.000000,0.0102,0.0000,-0.0000,-0.0000,0.0000,-0.0000,0.0000,0.0000,0.0000,0.0000,0.0000,0.0000
2.4020,0.00000,-0.00000,0.01019,1.000000,0.000000,0.000000,0.000000,0.0102,0.0000,-0.0000,-0.0000,0.0000,-0.0000,0.0000,0.0000,0.0000,0.0000,0.0000,0.0000
2.4220,0.00000,-0.00000,0.01019,1.000000,0.000000,0.000000,0.000000,0.0102,0.0000,0.0000,-0.0000,0.0000,-0.0000,0.0000,0.0000,0.0000,0.0000,0.0000,0.0000
2.4420,0.00000,-0.00000,0.01019,1.000000,0.000000,0.000000,0.000000,0.0102,0.0000,0.0000,0.0000,0.0000,-0.0000,0.0000,0.0000,0.0000,0.0000,0.0000,0.0000
2.4620,0.00000,-0.00000,0.01019,1.000000,0.000000,0.000000,0.000000,0.0102,0.0000,0.0000,0.0000,0.0000,-0.0000,0.0000,0.0000,0.0000,0.0000,0.0000,0.0000
2.4820,0.00000,-0.00000,0.01019,1.000000,0.000000,0.000000,0.000000,0.0102,0.0000,-0.0000,-0.0000,0.0000,-0.0000,0.0000,0.0000,0.0000,0.0000,0.0000,0.0000
2.5020,0.00000,-0.00000,0.01019,1.000000,0.000000,0.000000,0.000000,0.0102,0.0000,0.0000,-0.0000,0.0000,-0.0000,0.0000,0.0000,0.0000,0.0000,0.0000,0.0000
2.5220,0.00000,-0.00000,0.01019,1.000000,0.000000,0.000000,0.000000,0.0102,0.0000,0.0000,-0.0000,0.0000,-0.0000,0.0000,0.0000,0.0000,0.0000,0.0000,0.0000
2.5420,0.00000,-0.00000,0.01019,1.000000,0.000000,0.000000,0.000000,0.0102,0.0000,0.0000,-0.0000,0.0000,-0.0000,0.0000,0.0000,0.0000,0.0000,0.0000,0.0000
2.5620,0.00000,-0.00000,0.01019,1.000000,0.000000,0.000000,0.000000,0.0102,0.0000,-0.0000,-0.0000,0.0000,-0.0000,0.0000,0.0000,0.0000,0.0000,0.0000,0.0000
2.5820,0.00000,-0.00000,0.01019,1.000000,0.000000,0.000000,0.000000,0.0102,0.0000,0.0000,-0.0000,0.0000,-0.0000,0.0000,0.0000,0.0000,0.0000,0.0000,0.0000
2.6020,0.00000,-0.00000,0.01019,1.000000,0.000000,0.000000,0.000000,0.0102,0.0000,0.0000,-0.0000,0.0000,-0.0000,0.0000,0.0000,0.0000,0.0000,0.0000,0.0000
2.6220,0.00000,-0.00000,0.01019,1.000000,0.000000,0.000000,0.000000,0.0102,0.0000,0.0000,-0.0000,0.0000,-0.0000,0.0000,0.0000,0.0000,0.0000,0.0000,0.0000
2.6420,0.00000,-0.00000,0.01019,1.000000,0.000000,0.000000,0.000000,0.0102,0.0000,-0.0000,0.0000,0.0000,-0.0000,0.0000,0.0000,0.0000,0.0000,0.0000,0.0000
2.6620,0.00000,-0.00000,0.01019,1.000000,0.000000,0.000000,0.000000,0.0102,0.0000,-0.0000,0.0000,0.0000,-0.0000,0.0000,0.0000,0.0000,0.0000,0.0000,0.0000
2.6820,0.00000,-0.00000,0.01019,1.000000,0.000000,0.000000,0.000000,0.0102,0.0000,-0.0000,0.0000,0.0000,-0.0000,0.0000,0.0000,0.0000,0.0000,0.0000,0.0000
2.7020,0.00000,-0.00000,0.01019,1.000000,0.000000,0.000000,0.000000,0.0102,0.0000,0.0000,0.0000,0.0000,-0.0000,0.0000,0.0000,0.0000,0.0000,0.0000,0.0000
2.7220,0.00000,-0.00000,0.01019,1.000000,0.000000,0.000000,0.000000,0.0102,0.0000,0.0000,0.0000,0.0000,-0.0000,0.0000,0.0000,0.0000,0.0000,0.0000,0.0000
2.7420,0.00000,-0.00000,0.01019,1.000000,0.000000,0.000000,0.000000,0.0102,0.0000,-0.0000,-0.0000,0.0000,-0.0000,0.0000,0.0000,0.0000,0.0000,0.0000,0.0000
2.7620,0.00000,-0.00000,0.01019,1.000000,0.000000,0.000000,0.000000,0.0102,0.0000,-0.0000,0.0000,0.0000,-0.0000,0.0000,0.0000,0.0000,0.0000,0.0000,0.0000
2.7820,0.00000,-0.00000,0.01019,1.000000,0.000000,0.000000,0.000000,0.0102,0.0000,-0.0000,0.0000,0.0000,-0.0000,0.0000,0.0000,0.0000,0.0000,0.0000,0.0000
2.8020,0.00000,-0.00000,0.01019,1.000000,0.000000,0.000000,0.000000,0.0102,0.0000,0.0000,-0.0000,0.0000,-0.0000,0.0000,0.0000,0.0000,0.0000,0.0000,0.0000
2.8220,0.00000,-0.00000,0.01019,1.000000,0.000000,0.000000,0.000000,0.0102,0.0000,-0.0000,-0.0000,0.0000,-0.0000,0.0000,0.0000,0.0000,0.0000,0.0000,0.0000
2.8420,0.00000,-0.00000,0.01019,1.000000,0.000000,0.000000,0.000000,0.0102,0.0000,-0.0000,-0.0000,0.0000,-0.0000,0.0000,0.0000,0.0000,0.0000,0.0000,0.0000
2.8620,0.00000,-0.00000,0.01019,1.000000,0.000000,0.000000,0.000000,0.0102,0.0000,0.0000,0.0000,0.0000,-0.0000,0.0000,0.0000,0.0000,0.0000,0.0000,0.0000
2.8820,0.00000,-0.00000,0.01019,1.000000,0.000000,0.000000,0.000000,0.0102,0.0000,-0.0000,-0.0000,0.0000,-0.0000,0.0000,0.0000,0.0000,0.0000,0.0000,0.0000
2.9020,0.00000,-0.00000,0.01019,1.000000,0.000000,0.000000,0.000000,0.0102,0.0000,0.0000,0.0000,0.0000,-0.0000,0.0000,0.0000,0.0000,0.0000,0.0000,0.0000
2.9220,0.00000,-0.00000,0.01019,1.000000,0.000000,0.000000,0.000000,0.0102,0.0000,-0.0000,-0.0000,0.0000,-0.0000,0.0000,0.0000,0.0000,0.0000,0.0000,0.0000
2.9420,0.00000,-0.00000,0.01019,1.000000,0.000000,0.000000,0.000000,0.0102,0.0000,-0.0000,0.0000,0.0000,-0.0000,0.0000,0.0000,0.0000,0.0000,0.0000,0.0000
2.9620,0.00000,-0.00000,0.01019,1.000000,0.000000,0.000000,0.000000,0.0102,0.0000,-0.0000,-0.0000,0.0000,-0.0000,0.0000,0.0000,0.0000,0.0000,0.0000,0.0000
2.9820,0.00000,-0.00000,0.01019,1.000000,0.000000,0.000000,0.000000,0.0102,0.0000,-0.0000,-0.0000,0.0000,-0.0000,0.0000,0.0000,0.0000,0.0000,0.0000,0.0000
3.0020,0.00000,-0.00000,0.01019,1.000000,0.000000,0.000000,0.000000,0.0102,0.0000,0.0000,-0.0000,0.0000,-0.0000,0.0000,0.0000,0.0000,0.0000,0.0000,0.0000
3.0220,0.00000,-0.00000,0.01019,1.000000,0.000000,0.000000,0.000000,0.0102,0.0000,-0.0000,0.0000,0.0000,-0.0000,0.0000,0.0000,0.0000,0.0000,0.0000,0.0000
3.0420,0.00000,-0.00000,0.01019,1.000000,0.000000,0.000000,0.000000,0.0102,0.0000,0.0000,-0.0000,0.0000,-0.0000,0.0000,0.0000,0.0000,0.0000,0.0000,0.0000
3.0620,0.00000,-0.00000,0.01019,1.000000,0.000000,0.000000,0.000000,0.0102,0.0000,-0.0000,-0.0000,0.0000,-0.0000,0.0000,0.0000,0.0000,0.0000,0.0000,0.0000
3.0820,0.00000,-0.00000,0.01019,1.000000,0.000000,0.000000,0.000000,0.0102,0.0000,0.0000,-0.0000,0.0000,-0.0000,0.0000,0.0000,0.0000,0.0000,0.0000,0.0000
3.1020,0.00000,-0.00000,0.01019,1.000000,0.000000,0.000000,0.000000,0.0102,0.0000,-0.0000,-0.0000,0.0000,-0.0000,0.0000,0.0000,0.0000,0.0000,0.0000,0.0000
3.1220,0.00000,-0.00000,0.01019,1.000000,0.000000,0.000000,0.000000,0.0102,0.0000,0.0000,0.0000,0.0000,-0.0000,0.0000,0.0000,0.0000,0.0000,0.0000,0.0000
3.1420,-0.00000,-0.00000,0.01019,1.000000,0.000000,0.000000,0.000000,0.0102,0.0000,0.0000,-0.0000,0.0000,-0.0000,0.0000,0.0000,0.0000,0.0000,0.0000,0.0000
3.1620,0.00000,-0.00000,0.01019,1.000000,0.000000,0.000000,0.000000,0.0102,0.0000,-0.0000,-0.0000,0.0000,-0.0000,0.0000,0.0000,0.0000,0.0000,0.0000,0.0000
3.1820,0.00000,-0.00000,0.01019,1.000000,0.000000,0.000000,0.000000,0.0102,0.0000,-0.0000,-0.0000,0.0000,-0.0000,0.0000,0.0000,0.0000,0.0000,0.0000,0.0000
3.2020,0.00000,-0.00000,0.01019,1.000000,0.000000,0.000000,0.000000,0.0102,0.0000,0.0000,0.0000,0.0000,-0.0000,0.0000,0.0000,0.0000,0.0000,0.0000,0.0000
3.2220,0.00000,-0.00000,0.01019,1.000000,0.000000,0.000000,0.000000,0.0102,0.0000,0.0000,-0.0000,0.0000,-0.0000,0.0000,0.0000,0.0000,0.0000,0.0000,0.0000
3.2420,-0.00000,-0.00000,0.01019,1.000000,0.000000,0.000000,0.000000,0.0102,0.0000,-0.0000,-0.0000,0.0000,-0.0000,0.0000,0.0000,0.0000,0.0000,0.0000,0.0000
3.2620,-0.00000,-0.00000,0.01019,1.000000,0.000000,0.000000,0.000000,0.0102,0.0000,0.0000,0.0000,0.0000,-0.0000,0.0000,0.0000,0.0000,0.0000,0.0000,0.0000
3.2820,0.00000,-0.00000,0.01019,1.000000,0.000000,0.000000,0.000000,0.0102,0.0000,-0.0000,0.0000,0.0000,-0.0000,0.0000,0.0000,0.0000,0.0000,0.0000,0.0000
3.3020,0.00000,-0.00000,0.01019,1.000000,0.000000,0.000000,0.000000,0.0102,0.0000,-0.0000,0.0000,0.0000,-0.0000,0.0000,0.0000,0.0000,0.0000,0.0000,0.0000
3.3220,0.00000,-0.00000,0.01019,1.000000,0.000000,0.000000,0.000000,0.0102,0.0000,0.0000,0.0000,0.0000,-0.0000,0.0000,0.0000,0.0000,0.0000,0.0000,0.0000
3.3420,0.00000,-0.00000,0.01019,1.000000,0.000000,0.000000,0.000000,0.0102,0.0000,0.0000,-0.0000,0.0000,-0.0000,0.0000,0.0000,0.0000,0.0000,0.0000,0.0000
3.3620,0.00000,-0.00000,0.01019,1.000000,0.000000,0.000000,0.000000,0.0102,0.0000,0.0000,-0.0000,0.0000,-0.0000,0.0000,0.0000,0.0000,0.0000,0.0000,0.0000
3.3820,0.00000,-0.00000,0.01019,1.000000,0.000000,0.000000,0.000000,0.0102,0.0000,-0.0000,-0.0000,0.0000,-0.0000,0.0000,0.0000,0.0000,0.0000,0.0000,0.0000
3.4020,0.00000,-0.00000,0.01019,1.000000,0.000000,0.000000,0.000000,0.0102,0.0000,0.0000,-0.0000,0.0000,-0.0000,0.0000,0.0000,0.0000,0.0000,0.0000,0.0000
3.4220,0.00000,-0.00000,0.01019,1.000000,0.000000,0.000000,0.000000,0.0102,0.0000,0.0000,-0.0000,0.0000,-0.0000,0.0000,0.0000,0.0000,0.0000,0.0000,0.0000
3.4420,0.00000,-0.00000,0.01019,1.000000,0.000000,0.000000,0.000000,0.0102,0.0000,-0.0000,-0.0000,0.0000,-0.0000,0.0000,0.0000,0.0000,0.0000,0.0000,0.0000
3.4620,-0.00000,-0.00000,0.01019,1.000000,0.000000,0.000000,0.000000,0.0102,0.0000,0.0000,-0.0000,0.0000,-0.0000,0.0000,0.0000,0.0000,0.0000,0.0000,0.0000
3.4820,-0.00000,-0.00000,0.01019,1.000000,0.000000,0.000000,0.000000,0.0102,0.0000,0.0000,-0.0000,0.0000,-0.0000,0.0000,0.0000,0.0000,0.0000,0.0000,0.0000
3.5020,-0.00000,-0.00000,0.01019,1.000000,0.000000,0.000000,0.000000,0.0102,0.0000,-0.0000,-0.0000,0.0000,-0.0000,0.0000,0.0000,0.0000,0.0000,0.0000,0.0000
3.5220,-0.00000,-0.00000,0.01019,1.000000,0.000000,0.000000,0.000000,0.0102,0.0000,0.0000,-0.0000,0.0000,-0.0000,0.0000,0.0000,0.0000,0.0000,0.0000,0.0000
3.5420,-0.00000,-0.00000,0.01019,1.000000,0.000000,0.000000,0.000000,0.0102,0.0000,0.0000,-0.0000,0.0000,-0.0000,0.0000,0.0000,0.0000,0.0000,0.0000,0.0000
3.5620,-0.00000,-0.00000,0.01019,1.000000,0.000000,0.000000,0.000000,0.0102,0.0000,-0.0000,-0.0000,0.0000,-0.0000,0.0000,0.0000,0.0000,0.0000,0.0000,0.0000
3.5820,-0.00000,-0.00000,0.01019,1.000000,0.000000,0.000000,0.000000,0.0102,0.0000,-0.0000,-0.0000,0.0000,-0.0000,0.0000,0.0000,0.0000,0.0000,0.0000,0.0000
3.6020,-0.00000,-0.00000,0.01019,1.000000,0.000000,0.000000,0.000000,0.0102,0.0000,-0.0000,-0.0000,0.0000,-0.0000,0.0000,0.0000,0.0000,0.0000,0.0000,0.0000
3.6220,-0.00000,-0.00000,0.01019,1.000000,0.000000,0.000000,0.000000,0.0102,0.0000,0.0000,-0.0000,0.0000,-0.0000,0.0000,0.0000,0.0000,0.0000,0.0000,0.0000
3.6420,-0.00000,-0.00000,0.01019,1.000000,0.000000,0.000000,0.000000,0.0102,0.0000,-0.0000,0.0000,0.0000,-0.0000,0.0000,0.0000,0.0000,0.0000,0.0000,0.0000
3.6620,-0.00000,-0.00000,0.01019,1.000000,0.000000,0.000000,0.000000,0.0102,0.0000,0.0000,-0.0000,0.0000,-0.0000,0.0000,0.0000,0.0000,0.0000,0.0000,0.0000
3.6820,-0.00000,-0.00000,0.01019,1.000000,0.000000,0.000000,0.000000,0.0102,0.0000,-0.0000,-0.0000,0.0000,-0.0000,0.0000,0.0000,0.0000,0.0000,0.0000,0.0000
3.7020,-0.00000,-0.00000,0.01019,1.000000,0.000000,0.000000,0.000000,0.0102,0.0000,0.0000,-0.0000,0.0000,-0.0000,0.0000,0.0000,0.0000,0.0000,0.0000,0.0000
3.7220,-0.00000,-0.00000,0.01019,1.000000,0.000000,0.000000,0.000000,0.0102,0.0000,0.0000,-0.0000,0.0000,-0.0000,0.0000,0.0000,0.0000,0.0000,0.0000,0.0000
3.7420,-0.00000,-0.00000,0.01019,1.000000,0.000000,0.000000,0.000000,0.0102,0.0000,-0.0000,0.0000,0.0000,-0.0000,0.0000,0.0000,0.0000,0.0000,0.0000,0.0000
3.7620,-0.00000,-0.00000,0.01019,1.000000,0.000000,0.000000,0.000000,0.0102,0.0000,0.0000,0.0000,0.0000,-0.0000,0.0000,0.0000,0.0000,0.0000,0.0000,0.0000
3.7820,-0.00000,-0.00000,0.01019,1.000000,0.000000,0.000000,0.000000,0.0102,0.0000,0.0000,0.0000,0.0000,-0.0000,0.0000,0.0000,0.0000,0.0000,0.0000,0.0000
3.8020,-0.00000,-0.00000,0.01019,1.000000,0.000000,0.000000,0.000000,0.0102,0.0000,0.0000,-0.0000,0.0000,-0.0000,0.0000,0.0000,0.0000,0.0000,0.0000,0.0000
3.8220,-0.00000,-0.00000,0.01019,1.000000,0.000000,0.000000,0.000000,0.0102,0.0000,0.0000,0.0000,0.0000,-0.0000,0.0000,0.0000,0.0000,0.0000,0.0000,0.0000
3.8420,-0.00000,-0.00000,0.01019,1.000000,0.000000,0.000000,0.000000,0.0102,0.0000,0.0000,0.0000,0.0000,-0.0000,0.0000,0.0000,0.0000,0.0000,0.0000,0.0000
3.8620,-0.00000,-0.00000,0.01019,1.000000,0.000000,0.000000,0.000000,0.0102,0.0000,0.0000,0.0000,0.0000,-0.0000,0.0000,0.0000,0.0000,0.0000,0.0000,0.0000
3.8820,-0.00000,-0.00000,0.01019,1.000000,0.000000,0.000000,0.000000,0.0102,0.0000,-0.0000,0.0000,0.0000,-0.0000,0.0000,0.0000,0.0000,0.0000,0.0000,0.0000
3.9020,-0.00000,-0.00000,0.01019,1.000000,0.000000,0.000000,0.000000,0.0102,0.0000,0.0000,0.0000,0.0000,-0.0000,0.0000,0.0000,0.0000,0.0000,0.0000,0.0000
3.9220,-0.00000,-0.00000,0.01019,1.000000,0.000000,0.000000,0.000000,0.0102,0.0000,0.0000,0.0000,0.0000,-0.0000,0.0000,0.0000,0.0000,0.0000,0.0000,0.0000
3.9420,-0.00000,-0.00000,0.01019,1.000000,0.000000,0.000000,0.000000,0.0102,0.0000,0.0000,-0.0000,0.0000,-0.0000,0.0000,0.0000,0.0000,0.0000,0.0000,0.0000
3.9620,-0.00000,-0.00000,0.01019,1.000000,0.000000,0.000000,0.000000,0.0102,0.0000,0.0000,0.0000,0.0000,-0.0000,0.0000,0.0000,0.0000,0.0000,0.0000,0.0000
3.9820,-0.00000,-0.00000,0.01019,1.000000,0.000000,0.000000,0.000000,0.0102,0.0000,0.0000,0.0000,0.0000,-0.0000,0.0000,0.0000,0.0000,0.0000,0.0000,0.0000
4.0020,-0.00000,-0.00000,0.01019,1.000000,0.000000,0.000000,0.000000,0.0102,0.0000,0.0000,0.0000,0.0000,-0.0000,0.0000,0.0000,0.0000,0.0000,0.0000,0.0000
4.0220,-0.00000,-0.00000,0.01019,1.000000,0.000000,0.000000,0.000000,0.0102,0.0000,0.0000,0.0000,0.0000,-0.0000,0.0000,0.0000,0.0000,0.0000,0.0000,0.0000
4.0420,-0.00000,-0.00000,0.01019,1.000000,0.000000,0.000000,0.000000,0.0102,0.0000,0.0000,0.0000,0.0000,-0.0000,0.0000,0.0000,0.0000,0.0000,0.0000,0.0000
4.0620,-0.00000,0.00000,0.01019,1.000000,0.000000,0.000000,0.000000,0.0102,0.0000,-0.0000,0.0000,0.0000,-0.0000,0.0000,0.0000,0.0000,0.0000,0.0000,0.0000
4.0820,-0.00000,0.00000,0.01019,1.000000,0.000000,0.000000,0.000000,0.0102,0.0000,0.0000,0.0000,0.0000,-0.0000,0.0000,0.0000,0.0000,0.0000,0.0000,0.0000
4.1020,-0.00000,-0.00000,0.01019,1.000000,0.000000,0.000000,0.000000,0.0102,0.0000,0.0000,-0.0000,0.0000,-0.0000,0.0000,0.0000,0.0000,0.0000,0.0000,0.0000
4.1220,-0.00000,0.00000,0.01019,1.000000,0.000000,0.000000,0.000000,0.0102,0.0000,0.0000,-0.0000,0.0000,-0.0000,0.0000,0.0000,0.0000,0.0000,0.0000,0.0000
4.1420,-0.00000,0.00000,0.01019,1.000000,0.000000,0.000000,0.000000,0.0102,0.0000,0.0000,0.0000,0.0000,-0.0000,0.0000,0.0000,0.0000,0.0000,0.0000,0.0000
4.1620,-0.00000,0.00000,0.01019,1.000000,0.000000,0.000000,0.000000,0.0102,0.0000,0.0000,-0.0000,0.0000,-0.0000,0.0000,0.0000,0.0000,0.0000,0.0000,0.0000
4.1820,-0.00000,0.00000,0.01019,1.000000,0.000000,0.000000,0.000000,0.0102,0.0000,0.0000,-0.0000,0.0000,-0.0000,0.0000,0.0000,0.0000,0.0000,0.0000,0.0000
4.2020,-0.00000,0.00000,0.01019,1.000000,0.000000,0.000000,0.000000,0.0102,0.0000,-0.0000,0.0000,0.0000,-0.0000,0.0000,0.0000,0.0000,0.0000,0.0000,0.0000
4.2220,-0.00000,0.00000,0.01019,1.000000,0.000000,0.000000,0.000000,0.0102,0.0000,0.0000,0.0000,0.0000,-0.0000,0.0000,0.0000,0.0000,0.0000,0.0000,0.0000
4.2420,-0.00000,0.00000,0.01019,1.000000,0.000000,0.000000,0.000000,0.0102,0.0000,0.0000,-0.0000,0.0000,-0.0000,0.0000,0.0000,0.0000,0.0000,0.0000,0.0000
4.2620,-0.00000,0.00000,0.01019,1.000000,0.000000,0.000000,0.000000,0.0102,0.0000,-0.0000,0.0000,0.0000,-0.0000,0.0000,0.0000,0.0000,0.0000,0.0000,0.0000
4.2820,-0.00000,-0.00000,0.01019,1.000000,0.000000,0.000000,0.000000,0.0102,0.0000,0.0000,0.0000,0.0000,-0.0000,0.0000,0.0000,0.0000,0.0000,0.0000,0.0000
4.3020,-0.00000,-0.00000,0.01019,1.000000,0.000000,0.000000,0.000000,0.0102,0.0000,0.0000,-0.0000,0.0000,-0.0000,0.0000,0.0000,0.0000,0.0000,0.0000,0.0000
4.3220,-0.00000,-0.00000,0.01019,1.000000,0.000000,0.000000,0.000000,0.0102,0.0000,-0.0000,0.0000,0.0000,-0.0000,0.0000,0.0000,0.0000,0.0000,0.0000,0.0000
4.3420,-0.00000,-0.00000,0.01019,1.000000,0.000000,0.000000,0.000000,0.0102,0.0000,-0.0000,-0.0000,0.0000,-0.0000,0.0000,0.0000,0.0000,0.0000,0.0000,0.0000
4.3620,-0.00000,-0.00000,0.01019,1.000000,0.000000,0.000000,0.000000,0.0102,0.0000,-0.0000,0.0000,0.0000,-0.0000,0.0000,0.0000,0.0000,0.0000,0.0000,0.0000
4.3820,-0.00000,-0.00000,0.01019,1.000000,0.000000,0.000000,0.000000,0.0102,0.0000,-0.0000,0.0000,0.0000,-0.0000,0.0000,0.0000,0.0000,0.0000,0.0000,0.0000
4.4020,-0.00000,-0.00000,0.01019,1.000000,0.000000,0.000000,0.000000,0.0102,0.0000,0.0000,0.0000,0.0000,-0.0000,0.0000,0.0000,0.0000,0.0000,0.0000,0.0000
4.4220,-0.00000,-0.00000,0.01019,1.000000,0.000000,0.000000,0.000000,0.0102,0.0000,0.0000,-0.0000,0.0000,-0.0000,0.0000,0.0000,0.0000,0.0000,0.0000,0.0000
4.4420,-0.00000,-0.00000,0.01019,1.000000,0.000000,0.000000,0.000000,0.0102,0.0000,0.0000,-0.0000,0.0000,-0.0000,0.0000,0.0000,0.0000,0.0000,0.0000,0.0000
4.4620,-0.00000,-0.00000,0.01019,1.000000,0.000000,0.000000,0.000000,0.0102,0.0000,-0.0000,-0.0000,0.0000,-0.0000,0.0000,0.0000,0.0000,0.0000,0.0000,0.0000
4.4820,-0.00000,0.00000,0.01019,1.000000,0.000000,0.000000,0.000000,0.0102,0.0000,-0.0000,-0.0000,0.0000,-0.0000,0.0000,0.0000,0.0000,0.0000,0.0000,0.0000
4.5020,-0.00000,0.00000,0.01019,1.000000,0.000000,0.000000,0.000000,0.0102,0.0000,-0.0000,0.0000,0.0000,-0.0000,0.0000,0.0000,0.0000,0.0000,0.0000,0.0000
4.5220,-0.00000,0.00000,0.01019,1.000000,0.000000,0.000000,0.000000,0.0102,0.0000,0.0000,0.0000,0.0000,-0.0000,0.0000,0.0000,0.7176,0.7176,0.7176,0.7176
4.5420,-0.00000,0.00000,0.01021,1.000000,0.000000,0.000000,0.000000,0.0102,0.0000,-0.0000,-0.0000,0.0000,-0.0000,0.0000,0.0000,0.7176,0.7176,0.7176,0.7176
4.5620,-0.00000,0.00000,0.01024,1.000000,0.000000,0.000000,0.000000,0.0102,0.0000,-0.0000,-0.0000,0.0000,-0.0000,0.0000,0.0000,0.7176,0.7176,0.7176,0.7176
4.5820,-0.00000,-0.00000,0.01027,1.000000,0.000000,0.000000,0.000000,0.0103,0.0000,0.0000,-0.0000,0.0000,-0.0000,0.0000,0.0000,0.7176,0.7176,0.7176,0.7176
4.6020,-0.00000,-0.00000,0.01042,1.000000,0.000000,0.000000,0.000000,0.0104,0.0000,-0.0000,-0.0000,0.0000,-0.0000,0.0000,0.0000,0.7176,0.7176,0.7176,0.7176
4.6220,-0.00000,-0.00000,0.01083,1.000000,0.000000,0.000000,0.000000,0.0108,0.0000,-0.0000,-0.0000,0.0000,-0.0000,0.0000,0.0000,0.7176,0.7176,0.7176,0.7176
4.6420,-0.00000,-0.00000,0.01154,1.000000,0.000000,0.000000,0.000000,0.0115,0.0000,0.0000,-0.0000,0.0000,-0.0000,0.0000,0.0000,0.7176,0.7176,0.7176,0.7176
4.6620,-0.00000,-0.00000,0.01259,1.000000,0.000000,0.000000,0.000000,0.0126,0.0000,-0.0000,-0.0000,0.0000,-0.0000,0.0000,0.0000,0.7176,0.7176,0.7176,0.7176
4.6820,-0.00000,-0.00000,0.01398,1.000000,0.000000,0.000000,0.000000,0.0140,0.0000,0.0000,-0.0000,0.0000,-0.0000,0.0000,0.0000,0.7176,0.7176,0.7176,0.7176
4.7020,-0.00000,-0.00000,0.01571,1.000000,0.000000,0.000000,0.000000,0.0157,0.0000,-0.0000,-0.0000,0.0000,-0.0000,0.0000,0.0000,0.7176,0.7176,0.7176,0.7176
4.7220,-0.00000,-0.00000,0.01778,1.000000,0.000000,0.000000,0.000000,0.0178,0.0000,0.0000,-0.0000,0.0000,-0.0000,0.0000,0.0000,0.7176,0.7176,0.7176,0.7176
4.7420,-0.00000,-0.00000,0.02020,1.000000,0.000000,0.000000,0.000000,0.0202,0.0000,-0.0000,-0.0000,0.0000,-0.0000,0.0000,0.0000,0.7176,0.7176,0.7176,0.7176
4.7620,-0.00000,-0.00000,0.02296,1.000000,0.000000,0.000000,0.000000,0.0229,0.0000,-0.0000,-0.0000,0.0000,-0.0000,0.0000,0.0000,0.7176,0.7176,0.7176,0.7176
4.7820,-0.00000,-0.00000,0.02606,1.000000,0.000000,0.000000,0.000000,0.0260,0.0000,0.0000,-0.0000,0.0000,-0.0000,0.0000,0.0000,0.7176,0.7176,0.7176,0.7176
4.8020,-0.00000,-0.00000,0.02951,1.000000,0.000000,0.000000,0.000000,0.0295,0.0000,0.0000,-0.0000,0.0000,-0.0000,0.0000,0.0000,0.7176,0.7176,0.7176,0.7176
4.8220,-0.00000,-0.00000,0.03330,1.000000,0.000000,0.000000,0.000000,0.0332,0.0000,-0.0000,-0.0000,0.0000,-0.0000,0.0000,0.0000,0.7176,0.7176,0.7176,0.7176
4.8420,-0.00000,-0.00000,0.03743,1.000000,0.000000,0.000000,0.000000,0.0374,0.0000,-0.0000,-0.0000,0.0000,-0.0000,0.0000,0.0000,0.7176,0.7176,0.7176,0.7176
4.8620,-0.00000,-0.00000,0.04191,1.000000,0.000000,0.000000,0.000000,0.0419,0.0000,-0.0000,-0.0000,0.0000,-0.0000,0.0000,0.0000,0.7176,0.7176,0.7176,0.7176
4.8820,0.00000,-0.00000,0.04674,1.000000,0.000000,0.000000,0.000000,0.0467,0.0000,-0.0000,-0.0000,0.0000,-0.0000,0.0000,0.0000,0.7176,0.7176,0.7176,0.7176
4.9020,0.00000,-0.00000,0.05190,1.000000,-0.000000,0.000000,0.000000,0.0518,-0.0000,-0.0000,-0.0000,0.0000,-0.0000,0.0000,0.0000,0.7176,0.7176,0.7176,0.7176
4.9220,0.00000,-0.00000,0.05737,1.000000,-0.000000,0.000000,0.000000,0.0573,-0.0000,-0.0000,-0.0000,0.0000,-0.0000,0.0000,0.0000,0.6745,0.6745,0.6745,0.6745
4.9420,0.00000,-0.00000,0.06296,1.000000,-0.000000,0.000000,0.000000,0.0629,-0.0000,-0.0000,-0.0000,0.0000,-0.0000,0.0000,0.0000,0.6745,0.6745,0.6745,0.6745
4.9620,0.00000,-0.00000,0.06859,1.000000,-0.000000,0.000000,0.000000,0.0685,-0.0000,-0.0000,-0.0000,0.0000,-0.0000,0.0000,0.0000,0.6745,0.6745,0.6745,0.6745
4.9820,0.00000,-0.00000,0.07422,1.000000,-0.000000,0.000000,0.000000,0.0742,-0.0000,-0.0000,-0.0000,0.0000,-0.0000,0.0000,0.0000,0.6745,0.6745,0.6745,0.6745
5.0020,0.00000,-0.00000,0.07985,1.000000,-0.000000,0.000000,0.000000,0.0798,-0.0000,-0.0000,-0.0000,0.0000,-0.0000,0.0000,0.0000,0.6745,0.6745,0.6745,0.6745
5.0220,0.00000,-0.00000,0.08547,1.000000,-0.000000,0.000000,0.000000,0.0854,-0.0000,-0.0000,-0.0000,0.0000,-0.0000,0.0000,0.0000,0.6745,0.6745,0.6745,0.6745
5.0420,0.00000,-0.00000,0.09107,1.000000,-0.000000,0.000000,0.000000,0.0910,-0.0000,-0.0000,-0.0000,0.0000,-0.0000,0.0000,0.0000,0.6745,0.6745,0.6745,0.6745
5.0620,0.00000,-0.00000,0.09666,1.000000,-0.000000,0.000000,0.000000,0.0966,-0.0000,-0.0000,-0.0000,0.0000,-0.0000,0.0000,0.0000,0.6745,0.6745,0.6745,0.6745
5.0820,0.00000,-0.00000,0.10223,1.000000,-0.000000,0.000000,0.000000,0.1022,-0.0000,-0.0000,-0.0000,0.0000,-0.0000,0.0000,0.0000,0.6745,0.6745,0.6745,0.6745
5.1020,0.00000,-0.00000,0.10779,1.000000,-0.000000,0.000000,0.000000,0.1077,-0.0000,-0.0000,-0.0000,0.0000,-0.0000,0.0000,0.0000,0.6745,0.6745,0.6745,0.6745
5.1220,0.00000,-0.00000,0.11333,1.000000,-0.000000,0.000000,0.000000,0.1133,-0.0000,-0.0000,-0.0000,0.0000,-0.0000,0.0000,0.0000,0.6745,0.6745,0.6745,0.6745
5.1420,0.00000,0.00000,0.11886,1.000000,-0.000000,0.000000,0.000000,0.1188,-0.0000,-0.0000,-0.0000,0.0000,-0.0000,0.0000,0.0000,0.6745,0.6745,0.6745,0.6745
5.1620,0.00000,0.00000,0.12437,1.000000,-0.000000,0.000000,0.000000,0.1243,-0.0000,-0.0000,-0.0000,0.0000,-0.0000,0.0000,0.0000,0.6745,0.6745,0.6745,0.6745
5.1820,0.00000,0.00000,0.12987,1.000000,-0.000000,0.000000,0.000000,0.1298,-0.0000,-0.0000,-0.0000,0.0000,-0.0000,0.0000,0.0000,0.6745,0.6745,0.6745,0.6745
5.2020,0.00000,0.00000,0.13536,1.000000,-0.000000,0.000000,0.000000,0.1353,-0.0000,-0.0000,-0.0000,0.0000,-0.0000,0.0000,0.0000,0.6745,0.6745,0.6745,0.6745
5.2220,0.00000,0.00000,0.14083,1.000000,-0.000000,0.000000,0.000000,0.1408,-0.0000,-0.0000,-0.0000,0.0000,-0.0000,0.0000,0.0000,0.6745,0.6745,0.6745,0.6745
5.2420,0.00000,0.00000,0.14628,1.000000,-0.000000,0.000000,0.000000,0.1462,-0.0000,-0.0000,-0.0000,0.0000,-0.0000,0.0000,0.0000,0.6745,0.6745,0.6745,0.6745
5.2620,0.00000,0.00000,0.15172,1.000000,-0.000000,0.000000,0.000000,0.1517,-0.0000,-0.0000,-0.0000,0.0000,-0.0000,0.0000,0.0000,0.6745,0.6745,0.6745,0.6745
5.2820,0.00000,0.00000,0.15714,1.000000,-0.000000,0.000000,0.000000,0.1571,-0.0000,-0.0000,-0.0000,0.0000,-0.0000,0.0000,0.0000,0.6745,0.6745,0.6745,0.6745
5.3020,0.00000,0.00000,0.16255,1.000000,-0.000000,0.000000,0.000000,0.1625,-0.0000,-0.0000,-0.0000,0.0000,-0.0000,0.0000,0.0000,0.6745,0.6745,0.6745,0.6745
5.3220,0.00000,0.00000,0.16795,1.000000,-0.000000,0.000000,0.000000,0.1679,-0.0000,-0.0000,-0.0000,0.0000,-0.0000,0.0000,0.0000,0.6745,0.6745,0.6745,0.6745
5.3420,0.00000,0.00000,0.17333,1.000000,-0.000000,0.000000,0.000000,0.1733,-0.0000,-0.0000,-0.0000,0.0000,-0.0000,0.0000,0.0000,0.6745,0.6745,0.6745,0.6745
5.3620,0.00000,0.00000,0.17869,1.000000,-0.000000,0.000000,0.000000,0.1786,-0.0000,-0.0000,-0.0000,0.0000,-0.0000,0.0000,0.0000,0.6745,0.6745,0.6745,0.6745
5.3820,0.00000,0.00000,0.18404,1.000000,-0.000000,0.000000,0.000000,0.1840,-0.0000,-0.0000,-0.0000,0.0000,-0.0000,0.0000,0.0000,0.6745,0.6745,0.6745,0.6745
5.4020,0.00000,0.00000,0.18938,1.000000,-0.000000,0.000000,0.000000,0.1893,-0.0000,-0.0000,-0.0000,0.0000,-0.0000,0.0000,0.0000,0.6745,0.6745,0.6745,0.6745
5.4220,0.00000,0.00000,0.19470,1.000000,-0.000000,0.000000,0.000000,0.1946,-0.0000,-0.0000,-0.0000,0.0000,-0.0000,0.0000,0.0000,0.6745,0.6745,0.6745,0.6745
5.4420,0.00000,0.00000,0.20000,1.000000,-0.000000,0.000000,0.000000,0.1999,-0.0000,-0.0000,-0.0000,0.0000,-0.0000,0.0000,0.0000,0.6745,0.6745,0.6745,0.6745
5.4620,0.00000,0.00000,0.20529,1.000000,-0.000000,0.000000,0.000000,0.2052,-0.0000,-0.0000,-0.0000,0.0000,-0.0000,0.0000,0.0000,0.6745,0.6745,0.6745,0.6745
5.4820,0.00000,0.00000,0.21057,1.000000,-0.000000,0.000000,0.000000,0.2105,-0.0000,-0.0000,-0.0000,0.0000,-0.0000,0.0000,0.0000,0.6745,0.6745,0.6745,0.6745
5.5020,0.00000,0.00000,0.21583,1.000000,-0.000000,0.000000,0.000000,0.2158,-0.0000,-0.0000,-0.0000,0.0000,-0.0000,0.0000,0.0000,0.6745,0.6745,0.6745,0.6745
5.5220,0.00000,0.00000,0.22107,1.000000,-0.000000,0.000000,0.000000,0.2210,-0.0000,-0.0000,-0.0000,0.0000,0.0000,0.0000,0.0000,0.6745,0.6745,0.6745,0.6745
5.5420,0.00000,0.00000,0.22630,1.000000,-0.000000,0.000000,0.000000,0.2262,-0.0000,-0.0000,-0.0000,0.0000,0.1684,0.0000,0.0000,0.6745,0.6745,0.6745,0.6745
5.5620,0.00000,0.00000,0.23152,1.000000,-0.000000,0.000000,0.000000,0.2315,-0.0000,-0.0000,-0.0000,0.0000,0.1685,0.0000,0.0000,0.6745,0.6745,0.6745,0.6745
5.5820,0.00000,0.00000,0.23672,1.000000,-0.000000,0.000000,0.000000,0.2367,-0.0000,-0.0000,-0.0000,0.0000,0.1774,0.0000,0.0000,0.6745,0.6745,0.6745,0.6745
5.6020,0.00000,0.00000,0.24191,1.000000,-0.000000,0.000000,0.000000,0.2418,-0.0000,-0.0000,-0.0000,0.0000,0.1782,0.0000,0.0000,0.6745,0.6745,0.6745,0.6745
5.6220,0.00000,0.00000,0.24708,1.000000,-0.000000,0.000000,0.000000,0.2470,-0.0000,-0.0000,-0.0000,0.0000,0.1916,0.0000,0.0000,0.6745,0.6745,0.6745,0.6745
5.6420,0.00000,0.00000,0.25223,1.000000,-0.000000,0.000000,0.000000,0.2522,-0.0000,-0.0000,-0.0000,0.0000,0.2060,0.0000,0.0000,0.6745,0.6745,0.6745,0.6745
5.6620,0.00000,0.00000,0.25737,1.000000,-0.000000,0.000000,0.000000,0.2573,-0.0000,-0.0000,-0.0000,0.0000,0.2110,0.0000,0.0000,0.6745,0.6745,0.6745,0.6745
5.6820,0.00000,0.00000,0.26250,1.000000,-0.000000,0.000000,0.000000,0.2624,-0.0000,-0.0000,-0.0000,0.0000,0.2248,0.0000,0.0000,0.6745,0.6745,0.6745,0.6745
5.7020,0.00000,0.00000,0.26761,1.000000,-0.000000,0.000000,0.000000,0.2675,-0.0000,-0.0000,-0.0000,0.0000,0.2356,0.0000,0.0000,0.6745,0.6745,0.6745,0.6745
5.7220,0.00000,0.00000,0.27271,1.000000,-0.000000,0.000000,0.000000,0.2726,-0.0000,-0.0000,-0.0000,0.0000,0.2429,0.0000,0.0000,0.6745,0.6745,0.6745,0.6745
5.7420,0.00000,0.00000,0.27779,1.000000,-0.000000,0.000000,0.000000,0.2777,-0.0000,-0.0000,-0.0000,0.0000,0.2510,0.0000,0.0000,0.6745,0.6745,0.6745,0.6745
5.7620,0.00000,0.00000,0.28286,1.000000,-0.000000,0.000000,0.000000,0.2828,-0.0000,-0.0000,-0.0000,0.0000,0.2585,0.0000,0.0000,0.6745,0.6745,0.6745,0.6745
5.7820,0.00000,0.00000,0.28791,1.000000,-0.000000,0.000000,0.000000,0.2878,-0.0000,-0.0000,-0.0000,0.0000,0.2642,0.0000,0.0000,0.6745,0.6745,0.6745,0.6745
5.8020,0.00000,0.00000,0.29295,1.000000,-0.000000,0.000000,0.000000,0.2929,-0.0000,-0.0000,-0.0000,0.0000,0.2684,0.0000,0.0000,0.6745,0.6745,0.6745,0.6745
5.8220,0.00000,0.00000,0.29797,1.000000,-0.000000,0.000000,0.000000,0.2979,-0.0000,-0.0000,-0.0000,0.0000,0.2751,0.0000,0.0000,0.6745,0.6745,0.6745,0.6745
5.8420,0.00000,0.00000,0.30298,1.000000,-0.000000,0.000000,0.000000,0.3029,-0.0000,-0.0000,-0.0000,0.0000,0.2776,0.0000,0.0000,0.6745,0.6745,0.6745,0.6745
5.8620,0.00000,0.00000,0.30797,1.000000,-0.000000,0.000000,0.000000,0.3079,-0.0000,-0.0000,-0.0000,0.0000,0.2837,0.0000,0.0000,0.6745,0.6745,0.6745,0.6745
5.8820,0.00000,0.00000,0.31295,1.000000,-0.000000,0.000000,0.000000,0.3129,-0.0000,-0.0000,-0.0000,0.0000,0.2848,0.0000,0.0000,0.6745,0.6745,0.6745,0.6745
5.9020,0.00000,0.00000,0.31791,1.000000,-0.000000,0.000000,0.000000,0.3178,-0.0000,-0.0000,-0.0000,0.0000,0.2865,0.0000,0.0000,0.6745,0.6745,0.6745,0.6745
5.9220,0.00000,-0.00000,0.32286,1.000000,0.000543,0.000000,-0.000000,0.3228,0.0602,-0.0000,0.0000,0.0000,0.2912,0.0527,0.0000,0.6706,0.6706,0.6784,0.6784
5.9420,0.00000,-0.00001,0.32779,0.999996,0.002910,0.000000,-0.000000,0.3277,0.3291,0.0000,0.0000,0.0000,0.2916,0.3060,0.0000,0.6745,0.6745,0.6745,0.6745
5.9620,0.00000,-0.00004,0.33270,0.999981,0.006160,0.000000,-0.000000,0.3326,0.7012,-0.0000,0.0000,0.0000,0.2956,0.6750,0.0000,0.6745,0.6745,0.6706,0.6706
5.9820,0.00000,-0.00011,0.33758,0.999958,0.009155,0.000000,-0.000000,0.3375,1.0452,0.0000,0.0000,0.0000,0.2964,1.0210,0.0000,0.6745,0.6745,0.6745,0.6745
6.0020,0.00000,-0.00026,0.34245,0.999930,0.011820,0.000000,-0.000000,0.3424,1.3508,0.0000,0.0000,0.0000,0.2980,1.3147,0.0000,0.6745,0.6745,0.6745,0.6745
6.0220,0.00000,-0.00050,0.34729,0.999897,0.014379,0.000000,-0.000000,0.3472,1.6442,-0.0000,0.0000,0.0000,0.3011,1.5776,0.0000,0.6745,0.6745,0.6745,0.6745
6.0420,0.00000,-0.00085,0.35211,0.999857,0.016907,0.000000,-0.000000,0.3521,1.9339,-0.0000,0.0000,0.0000,0.3031,1.8192,0.0000,0.6745,0.6745,0.6745,0.6745
6.0620,0.00000,-0.00134,0.35692,0.999811,0.019425,0.000000,-0.000000,0.3569,2.2225,0.0000,0.0000,0.0000,0.3061,2.0453,0.0000,0.6745,0.6745,0.6745,0.6745
6.0820,0.00000,-0.00197,0.36171,0.999759,0.021941,0.000000,-0.000000,0.3616,2.5108,0.0000,0.0000,0.0000,0.3084,2.2574,0.0000,0.6745,0.6745,0.6745,0.6745
6.1020,0.00000,-0.00278,0.36648,0.999701,0.024455,0.000000,-0.000000,0.3664,2.7991,0.0000,0.0000,0.0000,0.3114,2.4582,0.0000,0.6745,0.6745,0.6745,0.6745
6.1220,0.00000,-0.00378,0.37123,0.999636,0.026970,0.000000,-0.000000,0.3712,3.0873,-0.0000,0.0000,0.0000,0.3143,2.6496,0.0000,0.6745,0.6745,0.6745,0.6745
6.1420,0.00000,-0.00499,0.37596,0.999565,0.029484,0.000000,-0.000000,0.3759,3.3755,0.0000,0.0000,0.0000,0.3178,2.8327,0.0000,0.6745,0.6745,0.6745,0.6745
6.1620,0.00000,-0.00643,0.38067,0.999488,0.031998,0.000000,-0.000000,0.3806,3.6637,-0.0000,0.0000,0.0000,0.3209,3.0181,0.0000,0.6745,0.6745,0.6745,0.6745
6.1820,0.00000,-0.00812,0.38535,0.999404,0.034511,0.000000,-0.000000,0.3853,3.9519,0.0000,0.0000,0.0000,0.3253,3.2412,0.0000,0.6745,0.6745,0.6745,0.6745
6.2020,0.00000,-0.01008,0.39001,0.999314,0.037025,0.000000,-0.000000,0.3900,4.2401,0.0000,0.0000,0.0000,0.3305,3.4858,0.0000,0.6745,0.6745,0.6745,0.6745
6.2220,0.00000,-0.01233,0.39465,0.999218,0.039538,0.000000,-0.000000,0.3946,4.5283,-0.0000,0.0000,0.0000,0.3341,3.7360,0.0000,0.6745,0.6745,0.6745,0.6745
6.2420,0.00000,-0.01489,0.39926,0.999115,0.042051,0.000000,-0.000000,0.3992,4.8165,-0.0000,0.0000,0.0000,0.3403,3.9803,0.0000,0.6745,0.6745,0.6745,0.6745
6.2620,0.00000,-0.01778,0.40384,0.999007,0.044564,0.000000,-0.000000,0.4038,5.1047,-0.0000,0.0000,0.0000,0.3443,4.2122,0.0000,0.6745,0.6745,0.6745,0.6745
6.2820,0.00000,-0.02101,0.40839,0.998891,0.047076,0.000000,-0.000000,0.4083,5.3929,-0.0000,0.0000,0.0000,0.3514,4.4271,0.0000,0.6745,0.6745,0.6745,0.6745
6.3020,0.00000,-0.02462,0.41290,0.998770,0.049588,0.000000,-0.000000,0.4128,5.6811,-0.0000,0.0000,0.0000,0.3596,4.6588,0.0000,0.6745,0.6745,0.6745,0.6745
6.3220,0.00000,-0.02861,0.41739,0.998642,0.052100,0.000000,-0.000000,0.4173,5.9694,-0.0000,0.0000,0.0000,0.3646,4.9158,0.0000,0.6745,0.6745,0.6745,0.6745
6.3420,0.00000,-0.03300,0.42183,0.998508,0.054612,0.000000,-0.000000,0.4218,6.2576,0.0000,0.0000,0.0000,0.3741,5.1765,0.0000,0.6745,0.6745,0.6745,0.6745
6.3620,0.00000,-0.03782,0.42624,0.998367,0.057123,0.000000,-0.000000,0.4262,6.5458,-0.0000,0.0000,0.0000,0.3845,5.4277,0.0000,0.6745,0.6745,0.6745,0.6745
6.3820,0.00000,-0.04309,0.43061,0.998220,0.059634,0.000000,-0.000000,0.4306,6.8340,0.0000,0.0000,0.0000,0.3911,5.6629,0.0000,0.6745,0.6745,0.6745,0.6745
6.4020,0.00000,-0.04883,0.43493,0.998067,0.062144,0.000000,-0.000000,0.4349,7.1222,-0.0000,0.0000,0.0000,0.4018,5.8880,0.0000,0.6745,0.6745,0.6745,0.6745
6.4220,0.00000,-0.05505,0.43921,0.997942,0.064118,0.000000,-0.000000,0.4392,7.3508,0.0000,0.0000,0.0000,0.4091,6.0941,0.0000,0.6784,0.6784,0.6706,0.6706
6.4420,0.00000,-0.06176,0.44344,0.997927,0.064349,0.000000,-0.000000,0.4434,7.3796,0.0000,0.0000,0.0000,0.4182,6.1206,0.0000,0.6745,0.6745,0.6745,0.6745
6.4620,0.00000,-0.06898,0.44762,0.997963,0.063790,0.000000,-0.000000,0.4476,7.3155,0.0000,0.0000,0.0000,0.4257,6.0470,0.0000,0.6706,0.6706,0.6745,0.6745
6.4820,0.00000,-0.07670,0.45174,0.997981,0.063516,0.000000,-0.000000,0.4517,7.2834,0.0000,0.0000,0.0000,0.4331,6.0364,0.0000,0.6745,0.6745,0.6745,0.6745
6.5020,0.00000,-0.08491,0.45581,0.997977,0.063581,0.000000,-0.000000,0.4558,7.2905,-0.0000,0.0000,0.0000,0.4390,6.0930,0.0000,0.6745,0.6745,0.6745,0.6745
6.5220,0.00000,-0.09361,0.45983,0.997966,0.063754,0.000000,-0.000000,0.4598,7.3103,0.0000,0.0000,0.0000,0.4461,6.1690,0.0000,0.6745,0.6745,0.6745,0.6745
6.5420,0.00000,-0.10282,0.46380,0.997953,0.063958,0.000000,-0.000000,0.4637,7.3338,0.0000,0.0000,0.0000,0.4504,6.2390,0.0000,0.6745,0.6745,0.6745,0.6745
6.5620,0.00000,-0.11252,0.46772,0.997939,0.064173,0.000000,-0.000000,0.4677,7.3584,-0.0000,0.0000,0.0000,0.4533,6.2876,0.0000,0.6745,0.6745,0.6745,0.6745
6.5820,0.00000,-0.12272,0.47160,0.997925,0.064390,0.000000,-0.000000,0.4715,7.3833,-0.0000,0.0000,0.0000,0.4593,6.3191,0.0000,0.6745,0.6745,0.6745,0.6745
6.6020,0.00000,-0.13342,0.47542,0.997911,0.064608,0.000000,-0.000000,0.4754,7.4084,-0.0000,0.0000,0.0000,0.4607,6.3843,0.0000,0.6745,0.6745,0.6745,0.6745
6.6220,0.00000,-0.14463,0.47920,0.997897,0.064826,0.000000,-0.000000,0.4792,7.4334,0.0000,0.0000,0.0000,0.4660,6.4561,0.0000,0.6745,0.6745,0.6745,0.6745
6.6420,0.00000,-0.15635,0.48294,0.997882,0.065044,0.000000,-0.000000,0.4829,7.4585,0.0000,0.0000,0.0000,0.4672,6.5158,0.0000,0.6745,0.6745,0.6745,0.6745
6.6620,0.00000,-0.16857,0.48662,0.997868,0.065262,0.000000,-0.000000,0.4866,7.4835,-0.0000,0.0000,0.0000,0.4682,6.5504,0.0000,0.6745,0.6745,0.6745,0.6745
6.6820,0.00000,-0.18130,0.49026,0.997854,0.065480,0.000000,-0.000000,0.4902,7.5086,-0.0000,0.0000,0.0000,0.4722,6.5660,0.0000,0.6745,0.6745,0.6745,0.6745
6.7020,0.00000,-0.19454,0.49385,0.997840,0.065698,0.000000,-0.000000,0.4938,7.5336,0.0000,0.0000,0.0000,0.4732,6.6142,0.0000,0.6745,0.6745,0.6745,0.6745
6.7220,0.00000,-0.20830,0.49738,0.997825,0.065917,0.000000,-0.000000,0.4973,7.5587,-0.0000,0.0000,0.0000,0.4767,6.6698,0.0000,0.6745,0.6745,0.6745,0.6745
6.7420,0.00000,-0.22257,0.50087,0.997811,0.066135,0.000000,-0.000000,0.5008,7.5837,-0.0000,0.0000,0.0000,0.4775,6.7139,0.0000,0.6745,0.6745,0.6745,0.6745
6.7620,0.00000,-0.23735,0.50432,0.997796,0.066353,0.000000,-0.000000,0.5043,7.6088,0.0000,0.0000,0.0000,0.4781,6.7336,0.0000,0.6745,0.6745,0.6745,0.6745
6.7820,0.00000,-0.25265,0.50771,0.997782,0.066571,0.000000,-0.000000,0.5077,7.6338,0.0000,0.0000,0.0000,0.4807,6.7219,0.0000,0.6745,0.6745,0.6745,0.6745
6.8020,0.00000,-0.26848,0.51105,0.997767,0.066789,0.000000,-0.000000,0.5110,7.6588,0.0000,0.0000,0.0000,0.4818,6.7260,0.0000,0.6745,0.6745,0.6745,0.6745
6.8220,0.00000,-0.28482,0.51434,0.997752,0.067007,0.000000,-0.000000,0.5143,7.6839,0.0000,0.0000,0.0000,0.4841,6.7557,0.0000,0.6745,0.6745,0.6745,0.6745
6.8420,0.00000,-0.30168,0.51758,0.997738,0.067225,0.000000,-0.000000,0.5175,7.7089,-0.0000,0.0000,0.0000,0.4851,6.7860,0.0000,0.6745,0.6745,0.6745,0.6745
6.8620,0.00000,-0.31907,0.52077,0.997723,0.067443,0.000000,-0.000000,0.5207,7.7340,-0.0000,0.0000,0.0000,0.4868,6.8006,0.0000,0.6745,0.6745,0.6745,0.6745
6.8820,0.00000,-0.33699,0.52392,0.997708,0.067661,0.000000,-0.000000,0.5239,7.7590,0.0000,0.0000,0.0000,0.4888,6.7909,0.0000,0.6745,0.6745,0.6745,0.6745
6.9020,0.00000,-0.35543,0.52701,0.997694,0.067879,0.000000,-0.000000,0.5270,7.7841,0.0000,0.0000,0.0000,0.4904,6.7684,0.0000,0.6745,0.6745,0.6745,0.6745
6.9220,0.00000,-0.37441,0.53005,0.997679,0.068098,0.000000,-0.000000,0.5300,7.8091,0.0000,0.0000,0.0000,0.4923,6.7840,0.0000,0.6745,0.6745,0.6745,0.6745
6.9420,0.00000,-0.39391,0.53303,0.997664,0.068316,0.000000,-0.000000,0.5330,7.8342,-0.0000,0.0000,0.0000,0.4943,6.8154,0.0000,0.6745,0.6745,0.6745,0.6745
6.9620,0.00000,-0.41395,0.53597,0.997649,0.068534,0.000000,-0.000000,0.5359,7.8592,-0.0000,0.0000,0.0000,0.4967,6.8414,0.0000,0.6745,0.6745,0.6745,0.6745
6.9820,0.00000,-0.43452,0.53886,0.997634,0.068752,0.000000,-0.000000,0.5388,7.8843,-0.0000,0.0000,0.0000,0.4986,6.8497,0.0000,0.6745,0.6745,0.6745,0.6745
7.0020,0.00000,-0.45563,0.54169,0.997619,0.068970,0.000000,-0.000000,0.5417,7.9093,0.0000,0.0000,0.0000,0.5012,6.8338,0.0000,0.6745,0.6745,0.6745,0.6745
7.0220,0.00000,-0.47727,0.54447,0.997604,0.069188,0.000000,-0.000000,0.5444,7.9344,0.0000,0.0000,0.0000,0.5039,6.8401,0.0000,0.6745,0.6745,0.6745,0.6745
7.0420,0.00000,-0.49946,0.54720,0.997588,0.069406,0.000000,-0.000000,0.5472,7.9594,-0.0000,0.0000,0.0000,0.5060,6.8793,0.0000,0.6745,0.6745,0.6745,0.6745
7.0620,0.00000,-0.52218,0.54988,0.997573,0.069624,0.000000,-0.000000,0.5498,7.9845,0.0000,0.0000,0.0000,0.5087,6.9236,0.0000,0.6745,0.6745,0.6745,0.6745
7.0820,0.00000,-0.54545,0.55250,0.997558,0.069842,0.000000,-0.000000,0.5525,8.0095,-0.0000,0.0000,0.0000,0.5109,6.9562,0.0000,0.6745,0.6745,0.6745,0.6745
7.1020,0.00000,-0.56927,0.55507,0.997543,0.070060,0.000000,-0.000000,0.5550,8.0346,-0.0000,0.0000,0.0000,0.5139,6.9668,0.0000,0.6745,0.6745,0.6745,0.6745
7.1220,0.00000,-0.59363,0.55759,0.997527,0.070278,0.000000,-0.000000,0.5576,8.0596,-0.0000,0.0000,0.0000,0.5172,6.9662,0.0000,0.6745,0.6745,0.6745,0.6745
7.1420,0.00000,-0.61854,0.56005,0.997512,0.070496,0.000000,-0.000000,0.5600,8.0847,-0.0000,0.0000,0.0000,0.5197,7.0082,0.0000,0.6745,0.6745,0.6745,0.6745
7.1620,0.00000,-0.64400,0.56246,0.997497,0.070714,0.000000,-0.000000,0.5624,8.1097,0.0000,0.0000,0.0000,0.5231,7.0682,0.0000,0.6745,0.6745,0.6745,0.6745
7.1820,0.00000,-0.67001,0.56482,0.997481,0.070932,0.000000,-0.000000,0.5648,8.1348,0.0000,0.0000,0.0000,0.5257,7.1244,0.0000,0.6745,0.6745,0.6745,0.6745
7.2020,0.00000,-0.69657,0.56712,0.997466,0.071150,0.000000,-0.000000,0.5671,8.1598,0.0000,0.0000,0.0000,0.5297,7.1628,0.0000,0.6745,0.6745,0.6745,0.6745
7.2220,0.00000,-0.72369,0.56937,0.997450,0.071368,0.000000,-0.000000,0.5693,8.1849,-0.0000,0.0000,0.0000,0.5334,7.1769,0.0000,0.6745,0.6745,0.6745,0.6745
7.2420,0.00000,-0.75136,0.57156,0.997434,0.071586,0.000000,-0.000000,0.5715,8.2099,-0.0000,0.0000,0.0000,0.5363,7.2155,0.0000,0.6745,0.6745,0.6745,0.6745
7.2620,0.00000,-0.77960,0.57370,0.997419,0.071804,0.000000,-0.000000,0.5737,8.2350,0.0000,0.0000,0.0000,0.5401,7.2883,0.0000,0.6745,0.6745,0.6745,0.6745
7.2820,0.00000,-0.80839,0.57578,0.997403,0.072023,0.000000,-0.000000,0.5758,8.2600,-0.0000,0.0000,0.0000,0.5431,7.3669,0.0000,0.6745,0.6745,0.6745,0.6745
7.3020,0.00000,-0.83774,0.57780,0.997387,0.072241,0.000000,-0.000000,0.5778,8.2851,0.0000,0.0000,0.0000,0.5471,7.4323,0.0000,0.6745,0.6745,0.6745,0.6745
7.3220,0.00000,-0.86766,0.57978,0.997371,0.072459,0.000000,-0.000000,0.5798,8.3101,0.0000,0.0000,0.0000,0.5511,7.4744,0.0000,0.6745,0.6745,0.6745,0.6745
7.3420,0.00000,-0.89814,0.58169,0.997356,0.072677,0.000000,-0.000000,0.5817,8.3352,-0.0000,0.0000,0.0000,0.5543,7.4887,0.0000,0.6745,0.6745,0.6745,0.6745
7.3620,0.00000,-0.92919,0.58355,0.997340,0.072895,0.000000,-0.000000,0.5835,8.3602,-0.0000,0.0000,0.0000,0.5589,7.5265,0.0000,0.6745,0.6745,0.6745,0.6745
7.3820,0.00000,-0.96081,0.58535,0.997324,0.073113,0.000000,-0.000000,0.5853,8.3853,0.0000,0.0000,0.0000,0.5623,7.6020,0.0000,0.6745,0.6745,0.6745,0.6745
7.4020,0.00000,-0.99300,0.58710,0.997308,0.073331,0.000000,-0.000000,0.5871,8.4103,0.0000,0.0000,0.0000,0.5671,7.6853,0.0000,0.6745,0.6745,0.6745,0.6745
7.4220,0.00000,-1.02563,0.58795,0.997292,0.073549,0.000000,-0.000000,0.5880,8.4354,-0.0000,0.0000,0.0000,0.5712,7.7171,0.0000,0.0000,0.0000,0.0000,0.0000
7.4420,0.00000,-1.05839,0.58565,0.997276,0.073767,0.000000,-0.000000,0.5857,8.4604,0.0000,0.0000,0.0000,0.5714,7.7409,0.0000,0.0000,0.0000,0.0000,0.0000
7.4620,0.00000,-1.09116,0.57957,0.997259,0.073985,0.000000,-0.000000,0.5797,8.4854,-0.0000,0.0000,0.0000,0.5710,7.7647,0.0000,0.0000,0.0000,0.0000,0.0000
7.4820,0.00000,-1.12393,0.56958,0.997243,0.074203,0.000000,-0.000000,0.5697,8.5105,0.0000,0.0000,0.0000,0.5642,7.7869,0.0000,0.0000,0.0000,0.0000,0.0000
7.5020,0.00000,-1.15671,0.55567,0.997227,0.074421,0.000000,-0.000000,0.5559,8.5355,0.0000,0.0000,0.0000,0.5606,7.8049,0.0000,0.0000,0.0000,0.0000,0.0000
7.5220,0.00000,-1.18948,0.53784,0.997211,0.074639,0.000000,-0.000000,0.5381,8.5606,-0.0000,0.0000,0.0000,0.5386,7.8223,0.0000,0.0000,0.0000,0.0000,0.0000
7.5420,0.00000,-1.22226,0.51609,0.997194,0.074856,0.000000,-0.000000,0.5164,8.5856,-0.0000,0.0000,0.0000,0.5198,7.8370,0.0000,0.0000,0.0000,0.0000,0.0000
7.5620,0.00000,-1.25503,0.49041,0.997178,0.075074,0.000000,-0.000000,0.4908,8.6107,0.0000,0.0000,0.0000,0.4898,7.8490,0.0000,0.0000,0.0000,0.0000,0.0000
7.5820,0.00000,-1.28781,0.46081,0.997161,0.075292,0.000000,-0.000000,0.4612,8.6357,0.0000,0.0000,0.0000,0.4620,7.8627,0.0000,0.0000,0.0000,0.0000,0.0000
7.6020,0.00000,-1.32058,0.42728,0.997145,0.075510,0.000000,-0.000000,0.4277,8.6608,0.0000,0.0000,0.0000,0.4365,7.8749,0.0000,0.0000,0.0000,0.0000,0.0000
7.6220,0.00000,-1.35335,0.38983,0.997128,0.075728,0.000000,-0.000000,0.3903,8.6858,0.0000,0.0000,0.0000,0.4089,7.8845,0.0000,0.0000,0.0000,0.0000,0.0000
7.6420,0.00000,-1.38613,0.34846,0.997112,0.075946,0.000000,-0.000000,0.3490,8.7109,-0.0000,0.0000,0.0000,-0.0017,0.0256,0.0000,0.0000,0.0000,0.0000,0.0000
7.6620,0.00000,-1.41890,0.30316,0.997095,0.076164,0.000000,-0.000000,0.3038,8.7359,-0.0000,0.0000,0.0000,-0.0000,0.0512,0.0000,0.0000,0.0000,0.0000,0.0000
7.6820,0.00000,-1.45168,0.25394,0.997079,0.076382,0.000000,-0.000000,0.2546,8.7610,-0.0000,0.0000,0.0000,-0.0000,0.0764,0.0000,0.0000,0.0000,0.0000,0.0000
7.7020,0.00000,-1.48445,0.20079,0.997062,0.076600,0.000000,-0.000000,0.2015,8.7860,0.0000,0.0000,0.0000,-0.0000,0.1023,0.0000,0.0000,0.0000,0.0000,0.0000
7.7220,0.00000,-1.51723,0.14372,0.997045,0.076818,0.000000,-0.000000,0.1445,8.8111,-0.0000,0.0000,0.0000,-0.0000,0.1278,0.0000,0.0000,0.0000,0.0000,0.0000
7.7420,0.00000,-1.55000,0.08273,0.997028,0.077036,0.000000,-0.000000,0.0835,8.8361,0.0000,0.0000,0.0000,-0.0000,0.1571,0.0000,0.0000,0.0000,0.0000,0.0000
7.7620,0.00000,-1.58278,0.01781,0.997011,0.077254,0.000000,-0.000000,0.0186,8.8612,0.0000,0.0000,0.0000,-0.0000,0.1864,0.0000,0.0000,0.0000,0.0000,0.0000
7.7820,0.00000,-1.59870,-0.01470,0.997250,-0.074114,0.000000,0.000000,-0.0147,-8.4420,0.0000,0.0000,0.0000,-0.0000,-16.6509,0.0000,0.0000,0.0000,0.0000,0.0000
7.8020,0.00000,-1.60079,-0.00886,0.997642,-0.068630,0.000000,0.000000,-0.0090,-7.9092,0.0000,0.0000,0.0000,-0.0000,0.0305,0.0000,0.0000,0.0000,0.0000,0.0000
7.8220,0.00000,-1.60123,-0.00031,0.999150,-0.041234,0.000000,0.000000,-0.0004,-4.7615,-0.0000,0.0000,0.0000,-0.0000,4.6905,0.0000,0.0000,0.0000,0.0000,0.0000
7.8420,0.00000,-1.60149,0.00507,0.999766,-0.021613,0.000000,0.000000,0.0050,-2.4983,-0.0000,0.0000,0.0000,-0.0000,7.0228,0.0000,0.0000,0.0000,0.0000,0.0000
7.8620,0.00000,-1.60166,0.00784,0.999945,-0.010496,0.000000,0.000000,0.0078,-1.2141,0.0000,0.0000,0.0000,-0.0000,8.3262,0.0000,0.0000,0.0000,0.0000,0.0000
7.8820,0.00000,-1.60176,0.00916,0.999988,-0.004893,0.000000,0.000000,0.0091,-0.5661,0.0000,0.0000,0.0000,-0.0000,8.7847,0.0000,0.0000,0.0000,0.0000,0.0000
7.9020,0.00000,-1.60181,0.00976,0.999998,-0.002179,0.000000,0.000000,0.0098,-0.2524,-0.0000,0.0000,0.0000,-0.0000,8.1282,0.0000,0.0000,0.0000,0.0000,0.0000
7.9220,0.00000,-1.60184,0.01002,1.000000,-0.000898,0.000000,0.000000,0.0100,-0.1041,-0.0000,0.0000,0.0000,-0.0000,5.7477,0.0000,0.0000,0.0000,0.0000,0.0000
7.9420,0.00000,-1.60185,0.01012,1.000000,-0.000365,0.000000,0.000000,0.0101,-0.0423,0.0000,0.0000,0.0000,-0.0000,3.0537,0.0000,0.0000,0.0000,0.0000,0.0000
7.9620,0.00000,-1.60185,0.01016,1.000000,-0.000152,0.000000,0.000000,0.0102,-0.0177,0.0000,0.0000,0.0000,-0.0000,1.7563,0.0000,0.0000,0.0000,0.0000,0.0000
7.9820,0.00000,-1.60185,0.01018,1.000000,-0.000066,0.000000,0.000000,0.0102,-0.0076,-0.0000,0.0000,0.0000,-0.0000,1.2170,0.0000,0.0000,0.0000,0.0000,0.0000
8.0020,0.00000,-1.60185,0.01019,1.000000,-0.000029,0.000000,0.000000,0.0102,-0.0033,0.0000,-0.0000,0.0000,-0.0000,0.9397,0.0000,0.0000,0.0000,0.0000,0.0000
8.0220,0.00000,-1.60185,0.01019,1.000000,-0.000013,0.000000,0.000000,0.0102,-0.0015,-0.0000,-0.0000,0.0000,-0.0000,0.7715,0.0000,0.0000,0.0000,0.0000,0.0000
8.0420,0.00000,-1.60185,0.01019,1.000000,-0.000006,0.000000,0.000000,0.0102,-0.0007,-0.0000,0.0000,0.0000,-0.0000,0.6588,0.0000,0.0000,0.0000,0.0000,0.0000
8.0620,0.00000,-1.60185,0.01019,1.000000,-0.000003,0.000000,0.000000,0.0102,-0.0003,0.0000,0.0000,0.0000,-0.0000,0.5773,0.0000,0.0000,0.0000,0.0000,0.0000
8.0820,0.00000,-1.60185,0.01019,1.000000,-0.000001,0.000000,0.000000,0.0102,-0.0001,-0.0000,0.0000,0.0000,-0.0000,0.5158,0.0000,0.0000,0.0000,0.0000,0.0000
8.1020,0.00000,-1.60185,0.01019,1.000000,-0.000001,0.000000,0.000000,0.0102,-0.0001,0.0000,0.0000,0.0000,-0.0000,0.4678,0.0000,0.0000,0.0000,0.0000,0.0000
8.1220,0.00000,-1.60185,0.01019,1.000000,-0.000000,0.000000,0.000000,0.0102,-0.0000,-0.0000,0.0000,0.0000,-0.0000,0.4291,0.0000,0.0000,0.0000,0.0000,0.0000
8.1420,0.00000,-1.60185,0.01019,1.000000,-0.000000,0.000000,0.000000,0.0102,-0.0000,-0.0000,0.0000,0.0000,-0.0000,0.3972,0.0000,0.0000,0.0000,0.0000,0.0000
8.1620,0.00000,-1.60185,0.01019,1.000000,-0.000000,0.000000,0.000000,0.0102,-0.0000,0.0000,0.0000,0.0000,-0.0000,0.3704,0.0000,0.0000,0.0000,0.0000,0.0000
8.1820,0.00000,-1.60185,0.01019,1.000000,-0.000000,0.000000,0.000000,0.0102,-0.0000,-0.0000,0.0000,0.0000,-0.0000,0.3476,0.0000,0.0000,0.0000,0.0000,0.0000
8.2020,0.00000,-1.60185,0.01019,1.000000,-0.000000,0.000000,0.000000,0.0102,-0.0000,-0.0000,-0.0000,0.0000,-0.0000,0.3278,0.0000,0.0000,0.0000,0.0000,0.0000
8.2220,0.00000,-1.60185,0.01019,1.000000,-0.000000,0.000000,0.000000,0.0102,-0.0000,-0.0000,0.0000,0.0000,-0.0000,0.3105,0.0000,0.0000,0.0000,0.0000,0.0000
8.2420,0.00000,-1.60185,0.01019,1.000000,-0.000000,0.000000,0.000000,0.0102,-0.0000,-0.0000,0.0000,0.0000,-0.0000,0.2951,0.0000,0.0000,0.0000,0.0000,0.0000
8.2620,0.00000,-1.60185,0.01019,1.000000,-0.000000,0.000000,0.000000,0.0102,-0.0000,-0.0000,0.0000,0.0000,-0.0000,0.2815,0.0000,0.0000,0.0000,0.0000,0.0000
8.2820,0.00000,-1.60185,0.01019,1.000000,-0.000000,0.000000,0.000000,0.0102,-0.0000,-0.0000,0.0000,0.0000,-0.0000,0.2692,0.0000,0.0000,0.0000,0.0000,0.0000
8.3020,0.00000,-1.60185,0.01019,1.000000,-0.000000,0.000000,0.000000,0.0102,-0.0000,-0.0000,-0.0000,0.0000,-0.0000,0.2580,0.0000,0.0000,0.0000,0.0000,0.0000
8.3220,0.00000,-1.60185,0.01019,1.000000,-0.000000,0.000000,0.000000,0.0102,-0.0000,-0.0000,0.0000,0.0000,-0.0000,0.2478,0.0000,0.0000,0.0000,0.0000,0.0000
8.3420,0.00000,-1.60185,0.01019,1.000000,-0.000000,0.000000,0.000000,0.0102,-0.0000,0.0000,0.0000,0.0000,-0.0000,0.2385,0.0000,0.0000,0.0000,0.0000,0.0000
8.3620,0.00000,-1.60185,0.01019,1.000000,-0.000000,0.000000,0.000000,0.0102,-0.0000,0.0000,-0.0000,0.0000,-0.0000,0.2299,0.0000,0.0000,0.0000,0.0000,0.0000
8.3820,0.00000,-1.60185,0.01019,1.000000,-0.000000,0.000000,0.000000,0.0102,-0.0000,-0.0000,-0.0000,0.0000,-0.0000,0.2219,0.0000,0.0000,0.0000,0.0000,0.0000
8.4020,0.00000,-1.60185,0.01019,1.000000,-0.000000,0.000000,0.000000,0.0102,-0.0000,-0.0000,-0.0000,0.0000,-0.0000,0.2145,0.0000,0.0000,0.0000,0.0000,0.0000
8.4220,0.00000,-1.60185,0.01019,1.000000,-0.000000,0.000000,0.000000,0.0102,-0.0000,-0.0000,-0.0000,0.0000,-0.0000,0.2075,0.0000,0.0000,0.0000,0.0000,0.0000
8.4420,0.00000,-1.60185,0.01019,1.000000,-0.000000,0.000000,0.000000,0.0102,-0.0000,-0.0000,0.0000,0.0000,-0.0000,0.2010,0.0000,0.0000,0.0000,0.0000,0.0000
8.4620,0.00000,-1.60185,0.01019,1.000000,-0.000000,-0.000000,0.000000,0.0102,-0.0000,0.0000,-0.0000,0.0000,-0.0000,0.1949,0.0000,0.0000,0.0000,0.0000,0.0000
8.4820,0.00000,-1.60185,0.01019,1.000000,-0.000000,-0.000000,0.000000,0.0102,-0.0000,-0.0000,-0.0000,0.0000,-0.0000,0.1891,0.0000,0.0000,0.0000,0.0000,0.0000
8.5020,0.00000,-1.60185,0.01019,1.000000,-0.000000,-0.000000,0.000000,0.0102,-0.0000,0.0000,0.0000,0.0000,-0.0000,0.1837,0.0000,0.0000,0.0000,0.0000,0.0000
8.5220,0.00000,-1.60185,0.01019,1.000000,-0.000000,-0.000000,0.000000,0.0102,-0.0000,0.0000,0.0000,0.0000,-0.0000,0.1785,0.0000,0.0000,0.0000,0.0000,0.0000
8.5420,0.00000,-1.60185,0.01019,1.000000,-0.000000,-0.000000,0.000000,0.0102,-0.0000,0.0000,0.0000,0.0000,-0.0000,0.1736,0.0000,0.0000,0.0000,0.0000,0.0000
8.5620,0.00000,-1.60185,0.01019,1.000000,-0.000000,-0.000000,0.000000,0.0102,-0.0000,0.0000,-0.0000,0.0000,-0.0000,0.1689,0.0000,0.0000,0.0000,0.0000,0.0000
8.5820,0.00000,-1.60185,0.01019,1.000000,-0.000000,0.000000,0.000000,0.0102,-0.0000,-0.0000,0.0000,0.0000,-0.0000,0.1645,0.0000,0.0000,0.0000,0.0000,0.0000
8.6020,0.00000,-1.60185,0.01019,1.000000,-0.000000,0.000000,0.000000,0.0102,-0.0000,-0.0000,0.0000,0.0000,-0.0000,0.1602,0.0000,0.0000,0.0000,0.0000,0.0000
8.6220,0.00000,-1.60185,0.01019,1.000000,-0.000000,0.000000,0.000000,0.0102,-0.0000,-0.0000,-0.0000,0.0000,-0.0000,0.1562,0.0000,0.0000,0.0000,0.0000,0.0000
8.6420,0.00000,-1.60185,0.01019,1.000000,-0.000000,0.000000,0.000000,0.0102,-0.0000,-0.0000,-0.0000,0.0000,-0.0000,0.1523,0.0000,0.0000,0.0000,0.0000,0.0000
8.6620,0.00000,-1.60185,0.01019,1.000000,-0.000000,0.000000,0.000000,0.0102,-0.0000,-0.0000,0.0000,0.0000,-0.0000,0.1486,0.0000,0.0000,0.0000,0.0000,0.0000
8.6820,0.00000,-1.60185,0.01019,1.000000,-0.000000,0.000000,0.000000,0.0102,-0.0000,-0.0000,-0.0000,0.0000,-0.0000,0.1450,0.0000,0.0000,0.0000,0.0000,0.0000
8.7020,0.00000,-1.60185,0.01019,1.000000,-0.000000,0.000000,0.000000,0.0102,-0.0000,-0.0000,0.0000,0.0000,-0.0000,0.1416,0.0000,0.0000,0.0000,0.0000,0.0000
8.7220,0.00000,-1.60185,0.01019,1.000000,-0.000000,0.000000,0.000000,0.0102,-0.0000,-0.0000,-0.0000,0.0000,-0.0000,0.1383,0.0000,0.0000,0.0000,0.0000,0.0000
8.7420,0.00000,-1.60185,0.01019,1.000000,-0.000000,0.000000,0.000000,0.0102,-0.0000,-0.0000,0.0000,0.0000,-0.0000,0.1352,0.0000,0.0000,0.0000,0.0000,0.0000
8.7620,0.00000,-1.60185,0.01019,1.000000,-0.000000,0.000000,0.000000,0.0102,-0.0000,-0.0000,-0.0000,0.0000,-0.0000,0.1322,0.0000,0.0000,0.0000,0.0000,0.0000
8.7820,0.00000,-1.60185,0.01019,1.000000,-0.000000,0.000000,0.000000,0.0102,-0.0000,-0.0000,0.0000,0.0000,-0.0000,0.1293,0.0000,0.0000,0.0000,0.0000,0.0000
8.8020,0.00000,-1.60185,0.01019,1.000000,0.000000,0.000000,0.000000,0.0102,0.0000,-0.0000,-0.0000,0.0000,-0.0000,0.1265,0.0000,0.0000,0.0000,0.0000,0.0000
8.8220,0.00000,-1.60185,0.01019,1.000000,0.000000,0.000000,0.000000,0.0102,0.0000,-0.0000,0.0000,0.0000,-0.0000,0.1238,0.0000,0.0000,0.0000,0.0000,0.0000
8.8420,0.00000,-1.60185,0.01019,1.000000,0.000000,0.000000,0.000000,0.0102,0.0000,-0.0000,0.0000,0.0000,-0.0000,0.1213,0.0000,0.0000,0.0000,0.0000,0.0000
8.8620,0.00000,-1.60185,0.01019,1.000000,0.000000,0.000000,0.000000,0.0102,0.0000,-0.0000,0.0000,0.0000,-0.0000,0.1188,0.0000,0.0000,0.0000,0.0000,0.0000
8.8820,0.00000,-1.60185,0.01019,1.000000,0.000000,0.000000,0.000000,0.0102,0.0000,-0.0000,-0.0000,0.0000,-0.0000,0.1164,0.0000,0.0000,0.0000,0.0000,0.0000
8.9020,0.00000,-1.60185,0.01019,1.000000,0.000000,0.000000,0.000000,0.0102,0.0000,-0.0000,-0.0000,0.0000,-0.0000,0.1141,0.0000,0.0000,0.0000,0.0000,0.0000
8.9220,0.00000,-1.60185,0.01019,1.000000,0.000000,0.000000,0.000000,0.0102,0.0000,-0.0000,-0.0000,0.0000,-0.0000,0.1119,0.0000,0.0000,0.0000,0.0000,0.0000
8.9420,0.00000,-1.60185,0.01019,1.000000,0.000000,0.000000,0.000000,0.0102,0.0000,-0.0000,-0.0000,0.0000,-0.0000,0.1098,0.0000,0.0000,0.0000,0.0000,0.0000
8.9620,0.00000,-1.60185,0.01019,1.000000,0.000000,0.000000,0.000000,0.0102,0.0000,-0.0000,-0.0000,0.0000,-0.0000,0.1078,0.0000,0.0000,0.0000,0.0000,0.0000
8.9820,0.00000,-1.60185,0.01019,1.000000,0.000000,0.000000,0.000000,0.0102,0.0000,-0.0000,-0.0000,0.0000,-0.0000,0.1059,0.0000,0.0000,0.0000,0.0000,0.0000
9.0020,0.00000,-1.60185,0.01019,1.000000,0.000000,0.000000,0.000000,0.0102,0.0000,-0.0000,0.0000,0.0000,-0.0000,0.1040,0.0000,0.0000,0.0000,0.0000,0.0000
9.0220,0.00000,-1.60185,0.01019,1.000000,0.000000,0.000000,0.000000,0.0102,0.0000,-0.0000,0.0000,0.0000,-0.0000,0.1022,0.0000,0.0000,0.0000,0.0000,0.0000
9.0420,0.00000,-1.60185,0.01019,1.000000,0.000000,0.000000,0.000000,0.0102,0.0000,-0.0000,0.0000,0.0000,-0.0000,0.1005,0.0000,0.0000,0.0000,0.0000,0.0000
9.0620,0.00000,-1.60185,0.01019,1.000000,0.000000,0.000000,0.000000,0.0102,0.0000,-0.0000,-0.0000,0.0000,-0.0000,0.0989,0.0000,0.0000,0.0000,0.0000,0.0000
9.0820,0.00000,-1.60185,0.01019,1.000000,0.000000,0.000000,0.000000,0.0102,0.0000,-0.0000,-0.0000,0.0000,-0.0000,0.0973,0.0000,0.0000,0.0000,0.0000,0.0000
9.1020,0.00000,-1.60185,0.01019,1.000000,0.000000,0.000000,0.000000,0.0102,0.0000,-0.0000,0.0000,0.0000,-0.0000,0.0958,0.0000,0.0000,0.0000,0.0000,0.0000
9.1220,0.00000,-1.60185,0.01019,1.000000,0.000000,0.000000,0.000000,0.0102,0.0000,-0.0000,-0.0000,0.0000,-0.0000,0.0943,0.0000,0.0000,0.0000,0.0000,0.0000
9.1420,0.00000,-1.60185,0.01019,1.000000,0.000000,0.000000,0.000000,0.0102,0.0000,-0.0000,0.0000,0.0000,-0.0000,0.0929,0.0000,0.0000,0.0000,0.0000,0.0000
9.1620,0.00000,-1.60185,0.01019,1.000000,0.000000,0.000000,0.000000,0.0102,0.0000,-0.0000,0.0000,0.0000,-0.0000,0.0916,0.0000,0.0000,0.0000,0.0000,0.0000
9.1820,0.00000,-1.60185,0.01019,1.000000,0.000000,0.000000,0.000000,0.0102,0.0000,-0.0000,0.0000,0.0000,-0.0000,0.0903,0.0000,0.0000,0.0000,0.0000,0.0000
9.2020,0.00000,-1.60185,0.01019,1.000000,0.000000,0.000000,0.000000,0.0102,0.0000,-0.0000,0.0000,0.0000,-0.0000,0.0891,0.0000,0.0000,0.0000,0.0000,0.0000
9.2220,0.00000,-1.60185,0.01019,1.000000,0.000000,0.000000,0.000000,0.0102,0.0000,-0.0000,-0.0000,0.0000,-0.0000,0.0880,0.0000,0.0000,0.0000,0.0000,0.0000
9.2420,0.00000,-1.60185,0.01019,1.000000,0.000000,0.000000,0.000000,0.0102,0.0000,-0.0000,-0.0000,0.0000,-0.0000,0.0869,0.0000,0.0000,0.0000,0.0000,0.0000
9.2620,0.00000,-1.60185,0.01019,1.000000,0.000000,0.000000,0.000000,0.0102,0.0000,-0.0000,0.0000,0.0000,-0.0000,0.0858,0.0000,0.0000,0.0000,0.0000,0.0000
9.2820,0.00000,-1.60185,0.01019,1.000000,0.000000,0.000000,0.000000,0.0102,0.0000,-0.0000,-0.0000,0.0000,-0.0000,0.0848,0.0000,0.0000,0.0000,0.0000,0.0000
9.3020,0.00000,-1.60185,0.01019,1.000000,0.000000,0.000000,0.000000,0.0102,0.0000,-0.0000,-0.0000,0.0000,-0.0000,0.0838,0.0000,0.0000,0.0000,0.0000,0.0000
9.3220,0.00000,-1.60185,0.01019,1.000000,0.000000,0.000000,0.000000,0.0102,0.0000,-0.0000,-0.0000,0.0000,-0.0000,0.0829,0.0000,0.0000,0.0000,0.0000,0.0000
9.3420,0.00000,-1.60185,0.01019,1.000000,0.000000,0.000000,0.000000,0.0102,0.0000,-0.0000,0.0000,0.0000,-0.0000,0.0821,0.0000,0.0000,0.0000,0.0000,0.0000
9.3620,0.00000,-1.60185,0.01019,1.000000,0.000000,0.000000,0.000000,0.0102,0.0000,-0.0000,-0.0000,0.0000,-0.0000,0.0812,0.0000,0.0000,0.0000,0.0000,0.0000
9.3820,0.00000,-1.60185,0.01019,1.000000,0.000000,0.000000,0.000000,0.0102,0.0000,-0.0000,-0.0000,0.0000,-0.0000,0.0804,0.0000,0.0000,0.0000,0.0000,0.0000
9.4020,0.00000,-1.60185,0.01019,1.000000,0.000000,0.000000,0.000000,0.0102,0.0000,-0.0000,-0.0000,0.0000,-0.0000,0.0797,0.0000,0.0000,0.0000,0.0000,0.0000
9.4220,0.00000,-1.60185,0.01019,1.000000,0.000000,0.000000,0.000000,0.0102,0.0000,-0.0000,-0.0000,0.0000,-0.0000,0.0790,0.0000,0.0000,0.0000,0.0000,0.0000
9.4420,0.00000,-1.60185,0.01019,1.000000,0.000000,0.000000,0.000000,0.0102,0.0000,-0.0000,0.0000,0.0000,-0.0000,0.0783,0.0000,0.0000,0.0000,0.0000,0.0000
9.4620,0.00000,-1.60185,0.01019,1.000000,0.000000,0.000000,0.000000,0.0102,0.0000,-0.0000,0.0000,0.0000,-0.0000,0.0777,0.0000,0.0000,0.0000,0.0000,0.0000
9.4820,0.00000,-1.60185,0.01019,1.000000,0.000000,0.000000,0.000000,0.0102,0.0000,-0.0000,-0.0000,0.0000,-0.0000,0.0771,0.0000,0.0000,0.0000,0.0000,0.0000
9.5020,0.00000,-1.60185,0.01019,1.000000,0.000000,0.000000,0.000000,0.0102,0.0000,-0.0000,0.0000,0.0000,-0.0000,0.0765,0.0000,0.0000,0.0000,0.0000,0.0000
9.5220,0.00000,-1.60185,0.01019,1.000000,0.000000,0.000000,0.000000,0.0102,0.0000,-0.0000,0.0000,0.0000,-0.0000,0.0760,0.0000,0.0000,0.0000,0.0000,0.0000
9.5420,0.00000,-1.60185,0.01019,1.000000,0.000000,0.000000,0.000000,0.0102,0.0000,-0.0000,0.0000,0.0000,-0.0000,0.0755,0.0000,0.0000,0.0000,0.0000,0.0000
9.5620,0.00000,-1.60185,0.01019,1.000000,0.000000,0.000000,0.000000,0.0102,0.0000,-0.0000,-0.0000,0.0000,-0.0000,0.0750,0.0000,0.0000,0.0000,0.0000,0.0000
9.5820,0.00000,-1.60185,0.01019,1.000000,0.000000,0.000000,0.000000,0.0102,0.0000,-0.0000,-0.0000,0.0000,-0.0000,0.0745,0.0000,0.0000,0.0000,0.0000,0.0000
9.6020,0.00000,-1.60185,0.01019,1.000000,0.000000,0.000000,0.000000,0.0102,0.0000,-0.0000,0.0000,0.0000,-0.0000,0.0741,0.0000,0.0000,0.0000,0.0000,0.0000
9.6220,0.00000,-1.60185,0.01019,1.000000,0.000000,0.000000,0.000000,0.0102,0.0000,-0.0000,-0.0000,0.0000,-0.0000,0.0737,0.0000,0.0000,0.0000,0.0000,0.0000
9.6420,0.00000,-1.60185,0.01019,1.000000,0.000000,0.000000,0.000000,0.0102,0.0000,-0.0000,0.0000,0.0000,-0.0000,0.0733,0.0000,0.0000,0.0000,0.0000,0.0000
9.6620,0.00000,-1.60185,0.01019,1.000000,0.000000,0.000000,0.000000,0.0102,0.0000,-0.0000,-0.0000,0.0000,-0.0000,0.0730,0.0000,0.0000,0.0000,0.0000,0.0000
9.6820,0.00000,-1.60185,0.01019,1.000000,0.000000,0.000000,0.000000,0.0102,0.0000,-0.0000,0.0000,0.0000,-0.0000,0.0726,0.0000,0.0000,0.0000,0.0000,0.0000
9.7020,0.00000,-1.60185,0.01019,1.000000,0.000000,0.000000,0.000000,0.0102,0.0000,-0.0000,0.0000,0.0000,-0.0000,0.0723,0.0000,0.0000,0.0000,0.0000,0.0000
9.7220,0.00000,-1.60185,0.01019,1.000000,0.000000,-0.000000,0.000000,0.0102,0.0000,0.0000,-0.0000,0.0000,-0.0000,0.0721,0.0000,0.0000,0.0000,0.0000,0.0000
9.7420,0.00000,-1.60185,0.01019,1.000000,0.000000,-0.000000,0.000000,0.0102,0.0000,0.0000,0.0000,0.0000,-0.0000,0.0718,0.0000,0.0000,0.0000,0.0000,0.0000
9.7620,0.00000,-1.60185,0.01019,1.000000,0.000000,0.000000,0.000000,0.0102,0.0000,-0.0000,0.0000,0.0000,-0.0000,0.0715,0.0000,0.0000,0.0000,0.0000,0.0000
9.7820,0.00000,-1.60185,0.01019,1.000000,0.000000,0.000000,0.000000,0.0102,0.0000,-0.0000,-0.0000,0.0000,-0.0000,0.0713,0.0000,0.0000,0.0000,0.0000,0.0000
9.8020,0.00000,-1.60185,0.01019,1.000000,0.000000,0.000000,0.000000,0.0102,0.0000,-0.0000,-0.0000,0.0000,-0.0000,0.0711,0.0000,0.0000,0.0000,0.0000,0.0000
9.8220,0.00000,-1.60185,0.01019,1.000000,0.000000,-0.000000,0.000000,0.0102,0.0000,0.0000,-0.0000,0.0000,-0.0000,0.0709,0.0000,0.0000,0.0000,0.0000,0.0000
9.8420,0.00000,-1.60185,0.01019,1.000000,0.000000,-0.000000,0.000000,0.0102,0.0000,0.0000,-0.0000,0.0000,-0.0000,0.0707,0.0000,0.0000,0.0000,0.0000,0.0000
9.8620,0.00000,-1.60185,0.01019,1.000000,0.000000,-0.000000,0.000000,0.0102,0.0000,0.0000,-0.0000,0.0000,-0.0000,0.0706,0.0000,0.0000,0.0000,0.0000,0.0000
9.8820,0.00000,-1.60185,0.01019,1.000000,0.000000,-0.000000,0.000000,0.0102,0.0000,0.0000,0.0000,0.0000,-0.0000,0.0704,0.0000,0.0000,0.0000,0.0000,0.0000
9.9020,0.00000,-1.60185,0.01019,1.000000,0.000000,-0.000000,0.000000,0.0102,0.0000,0.0000,0.0000,0.0000,-0.0000,0.0703,0.0000,0.0000,0.0000,0.0000,0.0000
9.9220,0.00000,-1.60185,0.01019,1.000000,0.000000,-0.000000,0.000000,0.0102,0.0000,0.0000,0.0000,0.0000,-0.0000,0.0702,0.0000,0.0000,0.0000,0.0000,0.0000
9.9420,0.00000,-1.60185,0.01019,1.000000,0.000000,0.000000,0.000000,0.0102,0.0000,0.0000,-0.0000,0.0000,-0.0000,0.0701,0.0000,0.0000,0.0000,0.0000,0.0000
9.9620,0.00000,-1.60185,0.01019,1.000000,0.000000,0.000000,0.000000,0.0102,0.0000,-0.0000,0.0000,0.0000,-0.0000,0.0700,0.0000,0.0000,0.0000,0.0000,0.0000
9.9820,0.00000,-1.60185,0.01019,1.000000,0.000000,0.000000,0.000000,0.0102,0.0000,-0.0000,-0.0000,0.0000,-0.0000,0.0699,0.0000,0.0000,0.0000,0.0000,0.0000
10.0020,0.00000,-1.60185,0.01019,1.000000,0.000000,-0.000000,0.000000,0.0102,0.0000,0.0000,-0.0000,0.0000,-0.0000,0.0698,0.0000,0.0000,0.0000,0.0000,0.0000
10.0220,0.00000,-1.60185,0.01019,1.000000,0.000000,0.000000,0.000000,0.0102,0.0000,-0.0000,-0.0000,0.0000,-0.0000,0.0698,0.0000,0.0000,0.0000,0.0000,0.0000
10.0420,0.00000,-1.60185,0.01019,1.000000,0.000000,0.000000,0.000000,0.0102,0.0000,-0.0000,0.0000,0.0000,-0.0000,0.0697,0.0000,0.0000,0.0000,0.0000,0.0000
10.0620,0.00000,-1.60185,0.01019,1.000000,0.000000,-0.000000,0.000000,0.0102,0.0000,0.0000,0.0000,0.0000,-0.0000,0.0697,0.0000,0.0000,0.0000,0.0000,0.0000
10.0820,0.00000,-1.60185,0.01019,1.000000,0.000000,0.000000,0.000000,0.0102,0.0000,-0.0000,-0.0000,0.0000,-0.0000,0.0697,0.0000,0.0000,0.0000,0.0000,0.0000
10.1020,0.00000,-1.60185,0.01019,1.000000,0.000000,0.000000,0.000000,0.0102,0.0000,-0.0000,0.0000,0.0000,-0.0000,0.0696,0.0000,0.0000,0.0000,0.0000,0.0000
10.1220,0.00000,-1.60185,0.01019,1.000000,0.000000,0.000000,0.000000,0.0102,0.0000,-0.0000,-0.0000,0.0000,-0.0000,0.0696,0.0000,0.0000,0.0000,0.0000,0.0000
10.1420,0.00000,-1.60185,0.01019,1.000000,0.000000,-0.000000,0.000000,0.0102,0.0000,0.0000,0.0000,0.0000,-0.0000,0.0696,0.0000,0.0000,0.0000,0.0000,0.0000
10.1620,0.00000,-1.60185,0.01019,1.000000,0.000000,-0.000000,0.000000,0.0102,0.0000,0.0000,-0.0000,0.0000,-0.0000,0.0696,0.0000,0.0000,0.0000,0.0000,0.0000
10.1820,0.00000,-1.60185,0.01019,1.000000,0.000000,0.000000,0.000000,0.0102,0.0000,-0.0000,0.0000,0.0000,-0.0000,0.0697,0.0000,0.0000,0.0000,0.0000,0.0000
10.2020,0.00000,-1.60185,0.01019,1.000000,0.000000,0.000000,0.000000,0.0102,0.0000,-0.0000,0.0000,0.0000,-0.0000,0.0697,0.0000,0.0000,0.0000,0.0000,0.0000
10.2220,0.00000,-1.60185,0.01019,1.000000,0.000000,0.000000,0.000000,0.0102,0.0000,-0.0000,0.0000,0.0000,-0.0000,0.0697,0.0000,0.0000,0.0000,0.0000,0.0000
10.2420,0.00000,-1.60185,0.01019,1.000000,0.000000,0.000000,0.000000,0.0102,0.0000,-0.0000,0.0000,0.0000,-0.0000,0.0697,0.0000,0.0000,0.0000,0.0000,0.0000
10.2620,0.00000,-1.60185,0.01019,1.000000,0.000000,0.000000,0.000000,0.0102,0.0000,-0.0000,-0.0000,0.0000,-0.0000,0.0698,0.0000,0.0000,0.0000,0.0000,0.0000
10.2820,0.00000,-1.60185,0.01019,1.000000,0.000000,-0.000000,0.000000,0.0102,0.0000,0.0000,0.0000,0.0000,-0.0000,0.0698,0.0000,0.0000,0.0000,0.0000,0.0000
10.3020,0.00000,-1.60185,0.01019,1.000000,0.000000,-0.000000,0.000000,0.0102,0.0000,0.0000,0.0000,0.0000,-0.0000,0.0699,0.0000,0.0000,0.0000,0.0000,0.0000
10.3220,0.00000,-1.60185,0.01019,1.000000,0.000000,0.000000,0.000000,0.0102,0.0000,-0.0000,-0.0000,0.0000,-0.0000,0.0699,0.0000,0.0000,0.0000,0.0000,0.0000
10.3420,0.00000,-1.60185,0.01019,1.000000,0.000000,0.000000,0.000000,0.0102,0.0000,-0.0000,0.0000,0.0000,-0.0000,0.0700,0.0000,0.0000,0.0000,0.0000,0.0000
10.3620,0.00000,-1.60185,0.01019,1.000000,0.000000,0.000000,0.000000,0.0102,0.0000,-0.0000,0.0000,0.0000,-0.0000,0.0700,0.0000,0.0000,0.0000,0.0000,0.0000
10.3820,0.00000,-1.60185,0.01019,1.000000,0.000000,0.000000,0.000000,0.0102,0.0000,0.0000,0.0000,0.0000,-0.0000,0.0701,0.0000,0.0000,0.0000,0.0000,0.0000
10.4020,0.00000,-1.60185,0.01019,1.000000,0.000000,0.000000,0.000000,0.0102,0.0000,-0.0000,-0.0000,0.0000,-0.0000,0.0702,0.0000,0.0000,0.0000,0.0000,0.0000
10.4220,0.00000,-1.60185,0.01019,1.000000,0.000000,0.000000,0.000000,0.0102,0.0000,-0.0000,-0.0000,0.0000,-0.0000,0.0702,0.0000,0.0000,0.0000,0.0000,0.0000
10.4420,0.00000,-1.60185,0.01019,1.000000,0.000000,-0.000000,0.000000,0.0102,0.0000,0.0000,-0.0000,0.0000,-0.0000,0.0703,0.0000,0.0000,0.0000,0.0000,0.0000
10.4620,0.00000,-1.60185,0.01019,1.000000,0.000000,-0.000000,0.000000,0.0102,0.0000,0.0000,-0.0000,0.0000,-0.0000,0.0704,0.0000,0.0000,0.0000,0.0000,0.0000
10.4820,0.00000,-1.60185,0.01019,1.000000,0.000000,0.000000,0.000000,0.0102,0.0000,-0.0000,-0.0000,0.0000,-0.0000,0.0705,0.0000,0.0000,0.0000,0.0000,0.0000
10.5020,0.00000,-1.60185,0.01019,1.000000,0.000000,0.000000,0.000000,0.0102,0.0000,-0.0000,-0.0000,0.0000,-0.0000,0.0706,0.0000,0.0000,0.0000,0.0000,0.0000
10.5220,0.00000,-1.60185,0.01019,1.000000,0.000000,-0.000000,0.000000,0.0102,0.0000,0.0000,-0.0000,0.0000,-0.0000,0.0707,0.0000,0.0000,0.0000,0.0000,0.0000
10.5420,0.00000,-1.60185,0.01019,1.000000,0.000000,0.000000,0.000000,0.0102,0.0000,-0.0000,-0.0000,0.0000,-0.0000,0.0708,0.0000,0.0000,0.0000,0.0000,0.0000
10.5620,0.00000,-1.60185,0.01019,1.000000,0.000000,0.000000,0.000000,0.0102,0.0000,-0.0000,0.0000,0.0000,-0.0000,0.0709,0.0000,0.0000,0.0000,0.0000,0.0000
10.5820,0.00000,-1.60185,0.01019,1.000000,0.000000,0.000000,0.000000,0.0102,0.0000,-0.0000,-0.0000,0.0000,-0.0000,0.0710,0.0000,0.0000,0.0000,0.0000,0.0000
10.6020,0.00000,-1.60185,0.01019,1.000000,0.000000,0.000000,0.000000,0.0102,0.0000,-0.0000,-0.0000,0.0000,-0.0000,0.0711,0.0000,0.0000,0.0000,0.0000,0.0000
10.6220,0.00000,-1.60185,0.01019,1.000000,0.000000,0.000000,0.000000,0.0102,0.0000,-0.0000,0.0000,0.0000,-0.0000,0.0712,0.0000,0.0000,0.0000,0.0000,0.0000
10.6420,0.00000,-1.60185,0.01019,1.000000,0.000000,0.000000,0.000000,0.0102,0.0000,-0.0000,0.0000,0.0000,-0.0000,0.0713,0.0000,0.0000,0.0000,0.0000,0.0000
10.6620,0.00000,-1.60185,0.01019,1.000000,0.000000,0.000000,0.000000,0.0102,0.0000,-0.0000,-0.0000,0.0000,-0.0000,0.0714,0.0000,0.0000,0.0000,0.0000,0.0000
10.6820,0.00000,-1.60185,0.01019,1.000000,0.000000,0.000000,0.000000,0.0102,0.0000,-0.0000,-0.0000,0.0000,-0.0000,0.0715,0.0000,0.0000,0.0000,0.0000,0.0000
10.7020,0.00000,-1.60185,0.01019,1.000000,0.000000,0.000000,0.000000,0.0102,0.0000,-0.0000,-0.0000,0.0000,-0.0000,0.0716,0.0000,0.0000,0.0000,0.0000,0.0000
10.7220,0.00000,-1.60185,0.01019,1.000000,0.000000,-0.000000,0.000000,0.0102,0.0000,0.0000,0.0000,0.0000,-0.0000,0.0717,0.0000,0.0000,0.0000,0.0000,0.0000
10.7420,0.00000,-1.60185,0.01019,1.000000,0.000000,-0.000000,0.000000,0.0102,0.0000,0.0000,0.0000,0.0000,-0.0000,0.0718,0.0000,0.0000,0.0000,0.0000,0.0000
10.7620,0.00000,-1.60185,0.01019,1.000000,0.000000,-0.000000,0.000000,0.0102,0.0000,0.0000,-0.0000,0.0000,-0.0000,0.0719,0.0000,0.0000,0.0000,0.0000,0.0000
10.7820,0.00000,-1.60185,0.01019,1.000000,0.000000,-0.000000,0.000000,0.0102,0.0000,0.0000,-0.0000,0.0000,-0.0000,0.0721,0.0000,0.0000,0.0000,0.0000,0.0000
10.8020,0.00000,-1.60185,0.01019,1.000000,0.000000,-0.000000,0.000000,0.0102,0.0000,0.0000,-0.0000,0.0000,-0.0000,0.0722,0.0000,0.0000,0.0000,0.0000,0.0000
10.8220,0.00000,-1.60185,0.01019,1.000000,0.000000,-0.000000,0.000000,0.0102,0.0000,0.0000,0.0000,0.0000,-0.0000,0.0723,0.0000,0.0000,0.0000,0.0000,0.0000
10.8420,0.00000,-1.60185,0.01019,1.000000,0.000000,-0.000000,0.000000,0.0102,0.0000,0.0000,-0.0000,0.0000,-0.0000,0.0724,0.0000,0.0000,0.0000,0.0000,0.0000
10.8620,0.00000,-1.60185,0.01019,1.000000,0.000000,-0.000000,0.000000,0.0102,0.0000,0.0000,0.0000,0.0000,-0.0000,0.0725,0.0000,0.0000,0.0000,0.0000,0.0000
10.8820,0.00000,-1.60185,0.01019,1.000000,0.000000,-0.000000,0.000000,0.0102,0.0000,0.0000,0.0000,0.0000,-0.0000,0.0726,0.0000,0.0000,0.0000,0.0000,0.0000
10.9020,0.00000,-1.60185,0.01019,1.000000,0.000000,-0.000000,0.000000,0.0102,0.0000,0.0000,-0.0000,0.0000,-0.0000,0.0728,0.0000,0.0000,0.0000,0.0000,0.0000
10.9220,0.00000,-1.60185,0.01019,1.000000,0.000000,-0.000000,0.000000,0.0102,0.0000,0.0000,-0.0000,0.0000,-0.0000,0.0729,0.0000,0.0000,0.0000,0.0000,0.0000
10.9420,0.00000,-1.60185,0.01019,1.000000,0.000000,-0.000000,0.000000,0.0102,0.0000,0.0000,-0.0000,0.0000,-0.0000,0.0730,0.0000,0.0000,0.0000,0.0000,0.0000
10.9620,0.00000,-1.60185,0.01019,1.000000,0.000000,-0.000000,0.000000,0.0102,0.0000,0.0000,0.0000,0.0000,-0.0000,0.0731,0.0000,0.0000,0.0000,0.0000,0.0000
10.9820,0.00000,-1.60185,0.01019,1.000000,0.000000,-0.000000,0.000000,0.0102,0.0000,0.0000,0.0000,0.0000,-0.0000,0.0732,0.0000,0.0000,0.0000,0.0000,0.0000
11.0020,0.00000,-1.60185,0.01019,1.000000,0.000000,-0.000000,0.000000,0.0102,0.0000,0.0000,-0.0000,0.0000,-0.0000,0.0734,0.0000,0.0000,0.0000,0.0000,0.0000
11.0220,0.00000,-1.60185,0.01019,1.000000,0.000000,-0.000000,0.000000,0.0102,0.0000,0.0000,-0.0000,0.0000,-0.0000,0.0735,0.0000,0.0000,0.0000,0.0000,0.0000
11.0420,0.00000,-1.60185,0.01019,1.000000,0.000000,-0.000000,0.000000,0.0102,0.0000,0.0000,-0.0000,0.0000,-0.0000,0.0736,0.0000,0.0000,0.0000,0.0000,0.0000
11.0620,0.00000,-1.60185,0.01019,1.000000,0.000000,-0.000000,0.000000,0.0102,0.0000,0.0000,0.0000,0.0000,-0.0000,0.0737,0.0000,0.0000,0.0000,0.0000,0.0000
11.0820,0.00000,-1.60185,0.01019,1.000000,0.000000,-0.000000,0.000000,0.0102,0.0000,0.0000,0.0000,0.0000,-0.0000,0.0739,0.0000,0.0000,0.0000,0.0000,0.0000
11.1020,0.00000,-1.60185,0.01019,1.000000,0.000000,0.000000,0.000000,0.0102,0.0000,-0.0000,0.0000,0.0000,-0.0000,0.0740,0.0000,0.0000,0.0000,0.0000,0.0000
11.1220,0.00000,-1.60185,0.01019,1.000000,0.000000,0.000000,0.000000,0.0102,0.0000,-0.0000,-0.0000,0.0000,-0.0000,0.0741,0.0000,0.0000,0.0000,0.0000,0.0000
11.1420,0.00000,-1.60185,0.01019,1.000000,0.000000,0.000000,0.000000,0.0102,0.0000,-0.0000,-0.0000,0.0000,-0.0000,0.0742,0.0000,0.0000,0.0000,0.0000,0.0000
11.1620,0.00000,-1.60185,0.01019,1.000000,0.000000,0.000000,0.000000,0.0102,0.0000,-0.0000,-0.0000,0.0000,-0.0000,0.0744,0.0000,0.0000,0.0000,0.0000,0.0000
11.1820,0.00000,-1.60185,0.01019,1.000000,0.000000,0.000000,0.000000,0.0102,0.0000,-0.0000,-0.0000,0.0000,-0.0000,0.0745,0.0000,0.0000,0.0000,0.0000,0.0000
11.2020,0.00000,-1.60185,0.01019,1.000000,0.000000,-0.000000,0.000000,0.0102,0.0000,0.0000,0.0000,0.0000,-0.0000,0.0746,0.0000,0.0000,0.0000,0.0000,0.0000
11.2220,0.00000,-1.60185,0.01019,1.000000,0.000000,-0.000000,0.000000,0.0102,0.0000,0.0000,0.0000,0.0000,-0.0000,0.0747,0.0000,0.0000,0.0000,0.0000,0.0000
11.2420,0.00000,-1.60185,0.01019,1.000000,0.000000,0.000000,0.000000,0.0102,0.0000,-0.0000,0.0000,0.0000,-0.0000,0.0748,0.0000,0.0000,0.0000,0.0000,0.0000
11.2620,0.00000,-1.60185,0.01019,1.000000,0.000000,0.000000,0.000000,0.0102,0.0000,-0.0000,-0.0000,0.0000,-0.0000,0.0750,0.0000,0.0000,0.0000,0.0000,0.0000
11.2820,0.00000,-1.60185,0.01019,1.000000,0.000000,0.000000,0.000000,0.0102,0.0000,-0.0000,-0.0000,0.0000,-0.0000,0.0751,0.0000,0.0000,0.0000,0.0000,0.0000
11.3020,0.00000,-1.60185,0.01019,1.000000,0.000000,0.000000,0.000000,0.0102,0.0000,-0.0000,0.0000,0.0000,-0.0000,0.0752,0.0000,0.0000,0.0000,0.0000,0.0000
11.3220,0.00000,-1.60185,0.01019,1.000000,0.000000,0.000000,0.000000,0.0102,0.0000,-0.0000,-0.0000,0.0000,-0.0000,0.0753,0.0000,0.0000,0.0000,0.0000,0.0000
11.3420,0.00000,-1.60185,0.01019,1.000000,0.000000,-0.000000,0.000000,0.0102,0.0000,0.0000,-0.0000,0.0000,-0.0000,0.0754,0.0000,0.0000,0.0000,0.0000,0.0000
11.3620,0.00000,-1.60185,0.01019,1.000000,0.000000,-0.000000,0.000000,0.0102,0.0000,0.0000,0.0000,0.0000,-0.0000,0.0756,0.0000,0.0000,0.0000,0.0000,0.0000
11.3820,0.00000,-1.60185,0.01019,1.000000,0.000000,-0.000000,0.000000,0.0102,0.0000,0.0000,-0.0000,0.0000,-0.0000,0.0757,0.0000,0.0000,0.0000,0.0000,0.0000
11.4020,0.00000,-1.60185,0.01019,1.000000,0.000000,-0.000000,0.000000,0.0102,0.0000,0.0000,-0.0000,0.0000,-0.0000,0.0758,0.0000,0.0000,0.0000,0.0000,0.0000
11.4220,0.00000,-1.60185,0.01019,1.000000,0.000000,-0.000000,0.000000,0.0102,0.0000,0.0000,-0.0000,0.0000,-0.0000,0.0759,0.0000,0.0000,0.0000,0.0000,0.0000
11.4420,0.00000,-1.60185,0.01019,1.000000,0.000000,-0.000000,0.000000,0.0102,0.0000,0.0000,-0.0000,0.0000,-0.0000,0.0760,0.0000,0.0000,0.0000,0.0000,0.0000
11.4620,0.00000,-1.60185,0.01019,1.000000,0.000000,-0.000000,0.000000,0.0102,0.0000,0.0000,-0.0000,0.0000,-0.0000,0.0761,0.0000,0.0000,0.0000,0.0000,0.0000
11.4820,0.00000,-1.60185,0.01019,1.000000,0.000000,-0.000000,0.000000,0.0102,0.0000,0.0000,-0.0000,0.0000,-0.0000,0.0763,0.0000,0.0000,0.0000,0.0000,0.0000
11.5020,0.00000,-1.60185,0.01019,1.000000,0.000000,0.000000,0.000000,0.0102,0.0000,-0.0000,0.0000,0.0000,-0.0000,0.0764,0.0000,0.0000,0.0000,0.0000,0.0000
11.5220,0.00000,-1.60185,0.01019,1.000000,0.000000,0.000000,0.000000,0.0102,0.0000,-0.0000,0.0000,0.0000,-0.0000,0.0765,0.0000,0.0000,0.0000,0.0000,0.0000
11.5420,0.00000,-1.60185,0.01019,1.000000,0.000000,0.000000,0.000000,0.0102,0.0000,-0.0000,-0.0000,0.0000,-0.0000,0.0766,0.0000,0.0000,0.0000,0.0000,0.0000
11.5620,0.00000,-1.60185,0.01019,1.000000,0.000000,0.000000,0.000000,0.0102,0.0000,-0.0000,-0.0000,0.0000,-0.0000,0.0767,0.0000,0.0000,0.0000,0.0000,0.0000
11.5820,0.00000,-1.60185,0.01019,1.000000,0.000000,0.000000,0.000000,0.0102,0.0000,-0.0000,-0.0000,0.0000,-0.0000,0.0768,0.0000,0.0000,0.0000,0.0000,0.0000
11.6020,0.00000,-1.60185,0.01019,1.000000,0.000000,0.000000,0.000000,0.0102,0.0000,-0.0000,-0.0000,0.0000,-0.0000,0.0770,0.0000,0.0000,0.0000,0.0000,0.0000
11.6220,0.00000,-1.60185,0.01019,1.000000,0.000000,0.000000,0.000000,0.0102,0.0000,-0.0000,-0.0000,0.0000,-0.0000,0.0771,0.0000,0.0000,0.0000,0.0000,0.0000
11.6420,0.00000,-1.60185,0.01019,1.000000,0.000000,0.000000,0.000000,0.0102,0.0000,-0.0000,0.0000,0.0000,-0.0000,0.0772,0.0000,0.0000,0.0000,0.0000,0.0000
11.6620,0.00000,-1.60185,0.01019,1.000000,0.000000,0.000000,0.000000,0.0102,0.0000,-0.0000,-0.0000,0.0000,-0.0000,0.0773,0.0000,0.0000,0.0000,0.0000,0.0000
11.6820,0.00000,-1.60185,0.01019,1.000000,0.000000,0.000000,0.000000,0.0102,0.0000,-0.0000,0.0000,0.0000,-0.0000,0.0774,0.0000,0.0000,0.0000,0.0000,0.0000
11.7020,0.00000,-1.60185,0.01019,1.000000,0.000000,0.000000,0.000000,0.0102,0.0000,-0.0000,0.0000,0.0000,-0.0000,0.0775,0.0000,0.0000,0.0000,0.0000,0.0000
11.7220,0.00000,-1.60185,0.01019,1.000000,0.000000,0.000000,0.000000,0.0102,0.0000,-0.0000,-0.0000,0.0000,-0.0000,0.0776,0.0000,0.0000,0.0000,0.0000,0.0000
11.7420,0.00000,-1.60185,0.01019,1.000000,0.000000,0.000000,0.000000,0.0102,0.0000,-0.0000,0.0000,0.0000,-0.0000,0.0777,0.0000,0.0000,0.0000,0.0000,0.0000
11.7620,0.00000,-1.60185,0.01019,1.000000,0.000000,0.000000,0.000000,0.0102,0.0000,-0.0000,-0.0000,0.0000,-0.0000,0.0778,0.0000,0.0000,0.0000,0.0000,0.0000
11.7820,0.00000,-1.60185,0.01019,1.000000,0.000000,0.000000,0.000000,0.0102,0.0000,-0.0000,0.0000,0.0000,-0.0000,0.0779,0.0000,0.0000,0.0000,0.0000,0.0000
11.8020,0.00000,-1.60185,0.01019,1.000000,0.000000,0.000000,0.000000,0.0102,0.0000,-0.0000,-0.0000,0.0000,-0.0000,0.0780,0.0000,0.0000,0.0000,0.0000,0.0000
11.8220,0.00000,-1.60185,0.01019,1.000000,0.000000,0.000000,0.000000,0.0102,0.0000,-0.0000,-0.0000,0.0000,-0.0000,0.0782,0.0000,0.0000,0.0000,0.0000,0.0000
11.8420,0.00000,-1.60185,0.01019,1.000000,0.000000,0.000000,0.000000,0.0102,0.0000,-0.0000,0.0000,0.0000,-0.0000,0.0783,0.0000,0.0000,0.0000,0.0000,0.0000
11.8620,0.00000,-1.60185,0.01019,1.000000,0.000000,0.000000,0.000000,0.0102,0.0000,-0.0000,0.0000,0.0000,-0.0000,0.0784,0.0000,0.0000,0.0000,0.0000,0.0000
11.8820,0.00000,-1.60185,0.01019,1.000000,0.000000,0.000000,0.000000,0.0102,0.0000,-0.0000,0.0000,0.0000,-0.0000,0.0785,0.0000,0.0000,0.0000,0.0000,0.0000
11.9020,0.00000,-1.60185,0.01019,1.000000,0.000000,0.000000,0.000000,0.0102,0.0000,-0.0000,-0.0000,0.0000,-0.0000,0.0786,0.0000,0.0000,0.0000,0.0000,0.0000
11.9220,0.00000,-1.60185,0.01019,1.000000,0.000000,0.000000,0.000000,0.0102,0.0000,-0.0000,0.0000,0.0000,-0.0000,0.0787,0.0000,0.0000,0.0000,0.0000,0.0000
11.9420,0.00000,-1.60185,0.01019,1.000000,0.000000,0.000000,0.000000,0.0102,0.0000,-0.0000,-0.0000,0.0000,-0.0000,0.0788,0.0000,0.0000,0.0000,0.0000,0.0000
11.9620,0.00000,-1.60185,0.01019,1.000000,0.000000,0.000000,0.000000,0.0102,0.0000,-0.0000,0.0000,0.0000,-0.0000,0.0789,0.0000,0.0000,0.0000,0.0000,0.0000
11.9820,0.00000,-1.60185,0.01019,1.000000,0.000000,0.000000,0.000000,0.0102,0.0000,-0.0000,-0.0000,0.0000,-0.0000,0.0790,0.0000,0.0000,0.0000,0.0000,0.0000
12.0020,0.00000,-1.60185,0.01019,1.000000,0.000000,-0.000000,0.000000,0.0102,0.0000,0.0000,-0.0000,0.0000,-0.0000,0.0791,0.0000,0.0000,0.0000,0.0000,0.0000
12.0220,0.00000,-1.60185,0.01019,1.000000,0.000000,-0.000000,0.000000,0.0102,0.0000,0.0000,-0.0000,0.0000,-0.0000,0.0792,0.0000,0.0000,0.0000,0.0000,0.0000
12.0420,0.00000,-1.60185,0.01019,1.000000,0.000000,0.000000,0.000000,0.0102,0.0000,-0.0000,0.0000,0.0000,-0.0000,0.0793,0.0000,0.0000,0.0000,0.0000,0.0000
12.0620,0.00000,-1.60185,0.01019,1.000000,0.000000,-0.000000,0.000000,0.0102,0.0000,0.0000,-0.0000,0.0000,-0.0000,0.0794,0.0000,0.0000,0.0000,0.0000,0.0000
12.0820,0.00000,-1.60185,0.01019,1.000000,0.000000,0.000000,0.000000,0.0102,0.0000,-0.0000,-0.0000,0.0000,-0.0000,0.0795,0.0000,0.0000,0.0000,0.0000,0.0000
12.1020,0.00000,-1.60185,0.01019,1.000000,0.000000,-0.000000,0.000000,0.0102,0.0000,0.0000,-0.0000,0.0000,-0.0000,0.0796,0.0000,0.0000,0.0000,0.0000,0.0000
12.1220,0.00000,-1.60185,0.01019,1.000000,0.000000,-0.000000,0.000000,0.0102,0.0000,0.0000,0.0000,0.0000,-0.0000,0.0797,0.0000,0.0000,0.0000,0.0000,0.0000
12.1420,0.00000,-1.60185,0.01019,1.000000,0.000000,-0.000000,0.000000,0.0102,0.0000,0.0000,-0.0000,0.0000,-0.0000,0.0798,0.0000,0.0000,0.0000,0.0000,0.0000
12.1620,0.00000,-1.60185,0.01019,1.000000,0.000000,-0.000000,0.000000,0.0102,0.0000,0.0000,0.0000,0.0000,-0.0000,0.0799,0.0000,0.0000,0.0000,0.0000,0.0000
12.1820,0.00000,-1.60185,0.01019,1.000000,0.000000,-0.000000,0.000000,0.0102,0.0000,0.0000,-0.0000,0.0000,-0.0000,0.0799,0.0000,0.0000,0.0000,0.0000,0.0000
12.2020,0.00000,-1.60185,0.01019,1.000000,0.000000,0.000000,0.000000,0.0102,0.0000,-0.0000,0.0000,0.0000,-0.0000,0.0800,0.0000,0.0000,0.0000,0.0000,0.0000
12.2220,0.00000,-1.60185,0.01019,1.000000,0.000000,0.000000,0.000000,0.0102,0.0000,-0.0000,-0.0000,0.0000,-0.0000,0.0801,0.0000,0.0000,0.0000,0.0000,0.0000
12.2420,0.00000,-1.60185,0.01019,1.000000,0.000000,0.000000,0.000000,0.0102,0.0000,-0.0000,-0.0000,0.0000,-0.0000,0.0802,0.0000,0.0000,0.0000,0.0000,0.0000
12.2620,0.00000,-1.60185,0.01019,1.000000,0.000000,0.000000,0.000000,0.0102,0.0000,-0.0000,0.0000,0.0000,-0.0000,0.0803,0.0000,0.0000,0.0000,0.0000,0.0000
12.2820,0.00000,-1.60185,0.01019,1.000000,0.000000,0.000000,0.000000,0.0102,0.0000,-0.0000,-0.0000,0.0000,-0.0000,0.0804,0.0000,0.0000,0.0000,0.0000,0.0000
12.3020,0.00000,-1.60185,0.01019,1.000000,0.000000,0.000000,0.000000,0.0102,0.0000,-0.0000,-0.0000,0.0000,-0.0000,0.0805,0.0000,0.0000,0.0000,0.0000,0.0000
12.3220,0.00000,-1.60185,0.01019,1.000000,0.000000,0.000000,0.000000,0.0102,0.0000,-0.0000,-0.0000,0.0000,-0.0000,0.0806,0.0000,0.0000,0.0000,0.0000,0.0000
12.3420,0.00000,-1.60185,0.01019,1.000000,0.000000,0.000000,0.000000,0.0102,0.0000,-0.0000,-0.0000,0.0000,-0.0000,0.0807,0.0000,0.0000,0.0000,0.0000,0.0000
12.3620,0.00000,-1.60185,0.01019,1.000000,0.000000,0.000000,0.000000,0.0102,0.0000,-0.0000,-0.0000,0.0000,-0.0000,0.0808,0.0000,0.0000,0.0000,0.0000,0.0000
12.3820,0.00000,-1.60185,0.01019,1.000000,0.000000,0.000000,0.000000,0.0102,0.0000,-0.0000,-0.0000,0.0000,-0.0000,0.0809,0.0000,0.0000,0.0000,0.0000,0.0000
12.4020,0.00000,-1.60185,0.01019,1.000000,0.000000,0.000000,0.000000,0.0102,0.0000,-0.0000,-0.0000,0.0000,-0.0000,0.0809,0.0000,0.0000,0.0000,0.0000,0.0000
12.4220,0.00000,-1.60185,0.01019,1.000000,0.000000,0.000000,0.000000,0.0102,0.0000,-0.0000,-0.0000,0.0000,-0.0000,0.0810,0.0000,0.0000,0.0000,0.0000,0.0000
12.4420,0.00000,-1.60185,0.01019,1.000000,0.000000,0.000000,0.000000,0.0102,0.0000,-0.0000,-0.0000,0.0000,-0.0000,0.0811,0.0000,0.0000,0.0000,0.0000,0.0000
12.4620,0.00000,-1.60185,0.01019,1.000000,0.000000,0.000000,0.000000,0.0102,0.0000,-0.0000,-0.0000,0.0000,-0.0000,0.0812,0.0000,0.0000,0.0000,0.0000,0.0000
12.4820,0.00000,-1.60185,0.01019,1.000000,0.000000,0.000000,0.000000,0.0102,0.0000,-0.0000,-0.0000,0.0000,-0.0000,0.0813,0.0000,0.0000,0.0000,0.0000,0.0000
12.5020,0.00000,-1.60185,0.01019,1.000000,0.000000,0.000000,0.000000,0.0102,0.0000,-0.0000,0.0000,0.0000,-0.0000,0.0814,0.0000,0.0000,0.0000,0.0000,0.0000
12.5220,0.00000,-1.60185,0.01019,1.000000,0.000000,0.000000,0.000000,0.0102,0.0000,-0.0000,-0.0000,0.0000,-0.0000,0.0814,0.0000,0.0000,0.0000,0.0000,0.0000
12.5420,0.00000,-1.60185,0.01019,1.000000,0.000000,0.000000,0.000000,0.0102,0.0000,-0.0000,0.0000,0.0000,-0.0000,0.0815,0.0000,0.0000,0.0000,0.0000,0.0000
12.5620,0.00000,-1.60185,0.01019,1.000000,0.000000,0.000000,0.000000,0.0102,0.0000,-0.0000,0.0000,0.0000,-0.0000,0.0816,0.0000,0.0000,0.0000,0.0000,0.0000
12.5820,0.00000,-1.60185,0.01019,1.000000,0.000000,0.000000,0.000000,0.0102,0.0000,-0.0000,-0.0000,0.0000,-0.0000,0.0817,0.0000,0.0000,0.0000,0.0000,0.0000
12.6020,0.00000,-1.60185,0.01019,1.000000,0.000000,0.000000,0.000000,0.0102,0.0000,-0.0000,0.0000,0.0000,-0.0000,0.0818,0.0000,0.0000,0.0000,0.0000,0.0000
12.6220,0.00000,-1.60185,0.01019,1.000000,0.000000,0.000000,0.000000,0.0102,0.0000,-0.0000,-0.0000,0.0000,-0.0000,0.0819,0.0000,0.0000,0.0000,0.0000,0.0000
12.6420,0.00000,-1.60185,0.01019,1.000000,0.000000,0.000000,0.000000,0.0102,0.0000,-0.0000,0.0000,0.0000,-0.0000,0.0819,0.0000,0.0000,0.0000,0.0000,0.0000
12.6620,0.00000,-1.60185,0.01019,1.000000,0.000000,0.000000,0.000000,0.0102,0.0000,-0.0000,0.0000,0.0000,-0.0000,0.0820,0.0000,0.0000,0.0000,0.0000,0.0000
12.6820,0.00000,-1.60185,0.01019,1.000000,0.000000,0.000000,0.000000,0.0102,0.0000,-0.0000,-0.0000,0.0000,-0.0000,0.0821,0.0000,0.0000,0.0000,0.0000,0.0000
12.7020,0.00000,-1.60185,0.01019,1.000000,0.000000,0.000000,0.000000,0.0102,0.0000,-0.0000,-0.0000,0.0000,-0.0000,0.0822,0.0000,0.0000,0.0000,0.0000,0.0000
12.7220,0.00000,-1.60185,0.01019,1.000000,0.000000,0.000000,0.000000,0.0102,0.0000,-0.0000,-0.0000,0.0000,-0.0000,0.0822,0.0000,0.0000,0.0000,0.0000,0.0000
12.7420,0.00000,-1.60185,0.01019,1.000000,0.000000,0.000000,0.000000,0.0102,0.0000,-0.0000,0.0000,0.0000,-0.0000,0.0823,0.0000,0.0000,0.0000,0.0000,0.0000
12.7620,0.00000,-1.60185,0.01019,1.000000,0.000000,0.000000,0.000000,0.0102,0.0000,-0.0000,-0.0000,0.0000,-0.0000,0.0824,0.0000,0.0000,0.0000,0.0000,0.0000
12.7820,0.00000,-1.60185,0.01019,1.000000,0.000000,0.000000,0.000000,0.0102,0.0000,-0.0000,-0.0000,0.0000,-0.0000,0.0825,0.0000,0.0000,0.0000,0.0000,0.0000
12.8020,0.00000,-1.60185,0.01019,1.000000,0.000000,0.000000,0.000000,0.0102,0.0000,-0.0000,0.0000,0.0000,-0.0000,0.0825,0.0000,0.0000,0.0000,0.0000,0.0000
12.8220,0.00000,-1.60185,0.01019,1.000000,0.000000,0.000000,0.000000,0.0102,0.0000,-0.0000,-0.0000,0.0000,-0.0000,0.0826,0.0000,0.0000,0.0000,0.0000,0.0000
12.8420,0.00000,-1.60185,0.01019,1.000000,0.000000,0.000000,0.000000,0.0102,0.0000,-0.0000,0.0000,0.0000,-0.0000,0.0827,0.0000,0.0000,0.0000,0.0000,0.0000
12.8620,0.00000,-1.60185,0.01019,1.000000,0.000000,0.000000,0.000000,0.0102,0.0000,-0.0000,0.0000,0.0000,-0.0000,0.0828,0.0000,0.0000,0.0000,0.0000,0.0000
12.8820,0.00000,-1.60185,0.01019,1.000000,0.000000,0.000000,0.000000,0.0102,0.0000,-0.0000,-0.0000,0.0000,-0.0000,0.0828,0.0000,0.0000,0.0000,0.0000,0.0000
12.9020,0.00000,-1.60185,0.01019,1.000000,0.000000,0.000000,0.000000,0.0102,0.0000,-0.0000,0.0000,0.0000,-0.0000,0.0829,0.0000,0.0000,0.0000,0.0000,0.0000
12.9220,0.00000,-1.60185,0.01019,1.000000,0.000000,-0.000000,0.000000,0.0102,0.0000,0.0000,-0.0000,0.0000,-0.0000,0.0830,0.0000,0.0000,0.0000,0.0000,0.0000
12.9420,0.00000,-1.60185,0.01019,1.000000,0.000000,-0.000000,0.000000,0.0102,0.0000,0.0000,0.0000,0.0000,-0.0000,0.0831,0.0000,0.0000,0.0000,0.0000,0.0000
12.9620,0.00000,-1.60185,0.01019,1.000000,0.000000,-0.000000,0.000000,0.0102,0.0000,0.0000,0.0000,0.0000,-0.0000,0.0831,0.0000,0.0000,0.0000,0.0000,0.0000
12.9820,0.00000,-1.60185,0.01019,1.000000,0.000000,-0.000000,0.000000,0.0102,0.0000,0.0000,-0.0000,0.0000,-0.0000,0.0832,0.0000,0.0000,0.0000,0.0000,0.0000
13.0020,0.00000,-1.60185,0.01019,1.000000,0.000000,-0.000000,0.000000,0.0102,0.0000,0.0000,-0.0000,0.0000,-0.0000,0.0833,0.0000,0.0000,0.0000,0.0000,0.0000
13.0220,0.00000,-1.60185,0.01019,1.000000,0.000000,-0.000000,0.000000,0.0102,0.0000,0.0000,0.0000,0.0000,-0.0000,0.0833,0.0000,0.0000,0.0000,0.0000,0.0000
13.0420,0.00000,-1.60185,0.01019,1.000000,0.000000,-0.000000,0.000000,0.0102,0.0000,0.0000,-0.0000,0.0000,-0.0000,0.0834,0.0000,0.0000,0.0000,0.0000,0.0000
13.0620,0.00000,-1.60185,0.01019,1.000000,0.000000,-0.000000,0.000000,0.0102,0.0000,0.0000,-0.0000,0.0000,-0.0000,0.0835,0.0000,0.0000,0.0000,0.0000,0.0000
13.0820,0.00000,-1.60185,0.01019,1.000000,0.000000,-0.000000,0.000000,0.0102,0.0000,0.0000,0.0000,0.0000,-0.0000,0.0835,0.0000,0.0000,0.0000,0.0000,0.0000
13.1020,0.00000,-1.60185,0.01019,1.000000,0.000000,-0.000000,0.000000,0.0102,0.0000,0.0000,-0.0000,0.0000,-0.0000,0.0836,0.0000,0.0000,0.0000,0.0000,0.0000
13.1220,0.00000,-1.60185,0.01019,1.000000,0.000000,0.000000,0.000000,0.0102,0.0000,-0.0000,0.0000,0.0000,-0.0000,0.0837,0.0000,0.0000,0.0000,0.0000,0.0000
13.1420,0.00000,-1.60185,0.01019,1.000000,0.000000,0.000000,0.000000,0.0102,0.0000,-0.0000,0.0000,0.0000,-0.0000,0.0837,0.0000,0.0000,0.0000,0.0000,0.0000
13.1620,0.00000,-1.60185,0.01019,1.000000,0.000000,0.000000,0.000000,0.0102,0.0000,-0.0000,0.0000,0.0000,-0.0000,0.0838,0.0000,0.0000,0.0000,0.0000,0.0000
13.1820,0.00000,-1.60185,0.01019,1.000000,0.000000,0.000000,0.000000,0.0102,0.0000,-0.0000,-0.0000,0.0000,-0.0000,0.0839,0.0000,0.0000,0.0000,0.0000,0.0000
13.2020,0.00000,-1.60185,0.01019,1.000000,0.000000,0.000000,0.000000,0.0102,0.0000,-0.0000,0.0000,0.0000,-0.0000,0.0839,0.0000,0.0000,0.0000,0.0000,0.0000
13.2220,0.00000,-1.60185,0.01019,1.000000,0.000000,0.000000,0.000000,0.0102,0.0000,-0.0000,-0.0000,0.0000,-0.0000,0.0840,0.0000,0.0000,0.0000,0.0000,0.0000
13.2420,0.00000,-1.60185,0.01019,1.000000,0.000000,-0.000000,0.000000,0.0102,0.0000,0.0000,0.0000,0.0000,-0.0000,0.0841,0.0000,0.0000,0.0000,0.0000,0.0000
13.2620,0.00000,-1.60185,0.01019,1.000000,0.000000,0.000000,0.000000,0.0102,0.0000,-0.0000,0.0000,0.0000,-0.0000,0.0841,0.0000,0.0000,0.0000,0.0000,0.0000
13.2820,0.00000,-1.60185,0.01019,1.000000,0.000000,0.000000,0.000000,0.0102,0.0000,-0.0000,-0.0000,0.0000,-0.0000,0.0842,0.0000,0.0000,0.0000,0.0000,0.0000
13.3020,0.00000,-1.60185,0.01019,1.000000,0.000000,0.000000,0.000000,0.0102,0.0000,-0.0000,0.0000,0.0000,-0.0000,0.0842,0.0000,0.0000,0.0000,0.0000,0.0000
13.3220,0.00000,-1.60185,0.01019,1.000000,0.000000,0.000000,0.000000,0.0102,0.0000,-0.0000,0.0000,0.0000,-0.0000,0.0843,0.0000,0.0000,0.0000,0.0000,0.0000
13.3420,0.00000,-1.60185,0.01019,1.000000,0.000000,0.000000,0.000000,0.0102,0.0000,-0.0000,0.0000,0.0000,-0.0000,0.0844,0.0000,0.0000,0.0000,0.0000,0.0000
13.3620,0.00000,-1.60185,0.01019,1.000000,0.000000,0.000000,0.000000,0.0102,0.0000,-0.0000,-0.0000,0.0000,-0.0000,0.0844,0.0000,0.0000,0.0000,0.0000,0.0000
13.3820,0.00000,-1.60185,0.01019,1.000000,0.000000,0.000000,0.000000,0.0102,0.0000,-0.0000,-0.0000,0.0000,-0.0000,0.0845,0.0000,0.0000,0.0000,0.0000,0.0000
13.4020,0.00000,-1.60185,0.01019,1.000000,0.000000,0.000000,0.000000,0.0102,0.0000,-0.0000,-0.0000,0.0000,-0.0000,0.0846,0.0000,0.0000,0.0000,0.0000,0.0000
13.4220,0.00000,-1.60185,0.01019,1.000000,0.000000,0.000000,0.000000,0.0102,0.0000,-0.0000,-0.0000,0.0000,-0.0000,0.0846,0.0000,0.0000,0.0000,0.0000,0.0000
13.4420,0.00000,-1.60185,0.01019,1.000000,0.000000,0.000000,0.000000,0.0102,0.0000,-0.0000,0.0000,0.0000,-0.0000,0.0847,0.0000,0.0000,0.0000,0.0000,0.0000
13.4620,0.00000,-1.60185,0.01019,1.000000,0.000000,0.000000,0.000000,0.0102,0.0000,-0.0000,-0.0000,0.0000,-0.0000,0.0847,0.0000,0.0000,0.0000,0.0000,0.0000
13.4820,0.00000,-1.60185,0.01019,1.000000,0.000000,0.000000,0.000000,0.0102,0.0000,-0.0000,0.0000,0.0000,-0.0000,0.0848,0.0000,0.0000,0.0000,0.0000,0.0000
13.5020,0.00000,-1.60185,0.01019,1.000000,0.000000,0.000000,0.000000,0.0102,0.0000,-0.0000,0.0000,0.0000,-0.0000,0.0848,0.0000,0.0000,0.0000,0.0000,0.0000
13.5220,0.00000,-1.60185,0.01019,1.000000,0.000000,0.000000,0.000000,0.0102,0.0000,-0.0000,-0.0000,0.0000,-0.0000,0.0849,0.0000,0.0000,0.0000,0.0000,0.0000
13.5420,0.00000,-1.60185,0.01019,1.000000,0.000000,0.000000,0.000000,0.0102,0.0000,-0.0000,0.0000,0.0000,-0.0000,0.0850,0.0000,0.0000,0.0000,0.0000,0.0000
13.5620,0.00000,-1.60185,0.01019,1.000000,0.000000,0.000000,0.000000,0.0102,0.0000,-0.0000,0.0000,0.0000,-0.0000,0.0850,0.0000,0.0000,0.0000,0.0000,0.0000
13.5820,0.00000,-1.60185,0.01019,1.000000,0.000000,0.000000,0.000000,0.0102,0.0000,-0.0000,0.0000,0.0000,-0.0000,0.0851,0.0000,0.0000,0.0000,0.0000,0.0000
13.6020,0.00000,-1.60185,0.01019,1.000000,0.000000,-0.000000,0.000000,0.0102,0.0000,0.0000,-0.0000,0.0000,-0.0000,0.0851,0.0000,0.0000,0.0000,0.0000,0.0000
13.6220,0.00000,-1.60185,0.01019,1.000000,0.000000,-0.000000,0.000000,0.0102,0.0000,0.0000,0.0000,0.0000,-0.0000,0.0852,0.0000,0.0000,0.0000,0.0000,0.0000
13.6420,0.00000,-1.60185,0.01019,1.000000,0.000000,-0.000000,0.000000,0.0102,0.0000,0.0000,-0.0000,0.0000,-0.0000,0.0852,0.0000,0.0000,0.0000,0.0000,0.0000
13.6620,0.00000,-1.60185,0.01019,1.000000,0.000000,-0.000000,0.000000,0.0102,0.0000,0.0000,-0.0000,0.0000,-0.0000,0.0853,0.0000,0.0000,0.0000,0.0000,0.0000
13.6820,0.00000,-1.60185,0.01019,1.000000,0.000000,-0.000000,0.000000,0.0102,0.0000,0.0000,-0.0000,0.0000,-0.0000,0.0854,0.0000,0.0000,0.0000,0.0000,0.0000
13.7020,0.00000,-1.60185,0.01019,1.000000,0.000000,-0.000000,0.000000,0.0102,0.0000,0.0000,0.0000,0.0000,-0.0000,0.0854,0.0000,0.0000,0.0000,0.0000,0.0000
13.7220,0.00000,-1.60185,0.01019,1.000000,0.000000,0.000000,0.000000,0.0102,0.0000,-0.0000,0.0000,0.0000,-0.0000,0.0855,0.0000,0.0000,0.0000,0.0000,0.0000
13.7420,0.00000,-1.60185,0.01019,1.000000,0.000000,0.000000,0.000000,0.0102,0.0000,-0.0000,-0.0000,0.0000,-0.0000,0.0855,0.0000,0.0000,0.0000,0.0000,0.0000
13.7620,0.00000,-1.60185,0.01019,1.000000,0.000000,0.000000,0.000000,0.0102,0.0000,-0.0000,-0.0000,0.0000,-0.0000,0.0856,0.0000,0.0000,0.0000,0.0000,0.0000
13.7820,0.00000,-1.60185,0.01019,1.000000,0.000000,0.000000,0.000000,0.0102,0.0000,-0.0000,0.0000,0.0000,-0.0000,0.0856,0.0000,0.0000,0.0000,0.0000,0.0000
13.8020,0.00000,-1.60185,0.01019,1.000000,0.000000,0.000000,0.000000,0.0102,0.0000,-0.0000,-0.0000,0.0000,-0.0000,0.0857,0.0000,0.0000,0.0000,0.0000,0.0000
13.8220,0.00000,-1.60185,0.01019,1.000000,0.000000,0.000000,0.000000,0.0102,0.0000,-0.0000,-0.0000,0.0000,-0.0000,0.0857,0.0000,0.0000,0.0000,0.0000,0.0000
13.8420,0.00000,-1.60185,0.01019,1.000000,0.000000,0.000000,0.000000,0.0102,0.0000,-0.0000,-0.0000,0.0000,-0.0000,0.0858,0.0000,0.0000,0.0000,0.0000,0.0000
13.8620,0.00000,-1.60185,0.01019,1.000000,0.000000,0.000000,0.000000,0.0102,0.0000,-0.0000,-0.0000,0.0000,-0.0000,0.0858,0.0000,0.0000,0.0000,0.0000,0.0000
13.8820,0.00000,-1.60185,0.01019,1.000000,0.000000,0.000000,0.000000,0.0102,0.0000,-0.0000,-0.0000,0.0000,-0.0000,0.0859,0.0000,0.0000,0.0000,0.0000,0.0000
13.9020,0.00000,-1.60185,0.01019,1.000000,0.000000,0.000000,0.000000,0.0102,0.0000,-0.0000,-0.0000,0.0000,-0.0000,0.0859,0.0000,0.0000,0.0000,0.0000,0.0000
13.9220,0.00000,-1.60185,0.01019,1.000000,0.000000,-0.000000,0.000000,0.0102,0.0000,-0.0000,-0.0000,0.0000,-0.0000,0.0860,0.0000,0.0000,0.0000,0.0000,0.0000
13.9420,0.00000,-1.60185,0.01019,1.000000,0.000000,-0.000000,0.000000,0.0102,0.0000,0.0000,0.0000,0.0000,-0.0000,0.0860,0.0000,0.0000,0.0000,0.0000,0.0000
13.9620,0.00000,-1.60185,0.01019,1.000000,0.000000,-0.000000,0.000000,0.0102,0.0000,0.0000,0.0000,0.0000,-0.0000,0.0861,0.0000,0.0000,0.0000,0.0000,0.0000
13.9820,0.00000,-1.60185,0.01019,1.000000,0.000000,-0.000000,0.000000,0.0102,0.0000,0.0000,-0.0000,0.0000,-0.0000,0.0861,0.0000,0.0000,0.0000,0.0000,0.0000
14.0020,0.00000,-1.60185,0.01019,1.000000,0.000000,-0.000000,0.000000,0.0102,0.0000,0.0000,-0.0000,0.0000,-0.0000,0.0862,0.0000,0.0000,0.0000,0.0000,0.0000
14.0220,0.00000,-1.60185,0.01019,1.000000,0.000000,-0.000000,0.000000,0.0102,0.0000,0.0000,0.0000,0.0000,-0.0000,0.0862,0.0000,0.0000,0.0000,0.0000,0.0000
14.0420,0.00000,-1.60185,0.01019,1.000000,0.000000,-0.000000,0.000000,0.0102,0.0000,0.0000,-0.0000,0.0000,-0.0000,0.0863,0.0000,0.0000,0.0000,0.0000,0.0000
14.0620,0.00000,-1.60185,0.01019,1.000000,0.000000,-0.000000,0.000000,0.0102,0.0000,0.0000,-0.0000,0.0000,-0.0000,0.0863,0.0000,0.0000,0.0000,0.0000,0.0000
14.0820,0.00000,-1.60185,0.01019,1.000000,0.000000,-0.000000,0.000000,0.0102,0.0000,0.0000,-0.0000,0.0000,-0.0000,0.0864,0.0000,0.0000,0.0000,0.0000,0.0000
14.1020,0.00000,-1.60185,0.01019,1.000000,0.000000,-0.000000,0.000000,0.0102,0.0000,0.0000,-0.0000,0.0000,-0.0000,0.0864,0.0000,0.0000,0.0000,0.0000,0.0000
14.1220,0.00000,-1.60185,0.01019,1.000000,0.000000,-0.000000,0.000000,0.0102,0.0000,0.0000,-0.0000,0.0000,-0.0000,0.0865,0.0000,0.0000,0.0000,0.0000,0.0000
14.1420,0.00000,-1.60185,0.01019,1.000000,0.000000,-0.000000,0.000000,0.0102,0.0000,0.0000,0.0000,0.0000,-0.0000,0.0865,0.0000,0.0000,0.0000,0.0000,0.0000
14.1620,0.00000,-1.60185,0.01019,1.000000,0.000000,-0.000000,0.000000,0.0102,0.0000,0.0000,-0.0000,0.0000,-0.0000,0.0866,0.0000,0.0000,0.0000,0.0000,0.0000
14.1820,0.00000,-1.60185,0.01019,1.000000,0.000000,-0.000000,0.000000,0.0102,0.0000,0.0000,0.0000,0.0000,-0.0000,0.0866,0.0000,0.0000,0.0000,0.0000,0.0000
14.2020,0.00000,-1.60185,0.01019,1.000000,0.000000,-0.000000,0.000000,0.0102,0.0000,0.0000,-0.0000,0.0000,-0.0000,0.0867,0.0000,0.0000,0.0000,0.0000,0.0000
14.2220,0.00000,-1.60185,0.01019,1.000000,0.000000,-0.000000,0.000000,0.0102,0.0000,0.0000,0.0000,0.0000,-0.0000,0.0867,0.0000,0.0000,0.0000,0.0000,0.0000
14.2420,0.00000,-1.60185,0.01019,1.000000,0.000000,-0.000000,0.000000,0.0102,0.0000,0.0000,-0.0000,0.0000,-0.0000,0.0867,0.0000,0.0000,0.0000,0.0000,0.0000
14.2620,0.00000,-1.60185,0.01019,1.000000,0.000000,-0.000000,0.000000,0.0102,0.0000,0.0000,0.0000,0.0000,-0.0000,0.0868,0.0000,0.0000,0.0000,0.0000,0.0000
14.2820,0.00000,-1.60185,0.01019,1.000000,0.000000,-0.000000,0.000000,0.0102,0.0000,0.0000,0.0000,0.0000,-0.0000,0.0868,0.0000,0.0000,0.0000,0.0000,0.0000
14.3020,0.00000,-1.60185,0.01019,1.000000,0.000000,-0.000000,0.000000,0.0102,0.0000,0.0000,0.0000,0.0000,-0.0000,0.0869,0.0000,0.0000,0.0000,0.0000,0.0000
14.3220,0.00000,-1.60185,0.01019,1.000000,0.000000,-0.000000,0.000000,0.0102,0.0000,0.0000,-0.0000,0.0000,-0.0000,0.0869,0.0000,0.0000,0.0000,0.0000,0.0000
14.3420,0.00000,-1.60185,0.01019,1.000000,0.000000,-0.000000,0.000000,0.0102,0.0000,0.0000,-0.0000,0.0000,-0.0000,0.0870,0.0000,0.0000,0.0000,0.0000,0.0000
14.3620,0.00000,-1.60185,0.01019,1.000000,0.000000,-0.000000,0.000000,0.0102,0.0000,0.0000,0.0000,0.0000,-0.0000,0.0870,0.0000,0.0000,0.0000,0.0000,0.0000
14.3820,0.00000,-1.60185,0.01019,1.000000,0.000000,0.000000,0.000000,0.0102,0.0000,-0.0000,-0.0000,0.0000,-0.0000,0.0871,0.0000,0.0000,0.0000,0.0000,0.0000
14.4020,0.00000,-1.60185,0.01019,1.000000,0.000000,-0.000000,0.000000,0.0102,0.0000,0.0000,-0.0000,0.0000,-0.0000,0.0871,0.0000,0.0000,0.0000,0.0000,0.0000
14.4220,0.00000,-1.60185,0.01019,1.000000,0.000000,-0.000000,0.000000,0.0102,0.0000,0.0000,-0.0000,0.0000,-0.0000,0.0871,0.0000,0.0000,0.0000,0.0000,0.0000
14.4420,0.00000,-1.60185,0.01019,1.000000,0.000000,-0.000000,0.000000,0.0102,0.0000,0.0000,-0.0000,0.0000,-0.0000,0.0872,0.0000,0.0000,0.0000,0.0000,0.0000
14.4620,0.00000,-1.60185,0.01019,1.000000,0.000000,-0.000000,0.000000,0.0102,0.0000,0.0000,-0.0000,0.0000,-0.0000,0.0872,0.0000,0.0000,0.0000,0.0000,0.0000
14.4820,0.00000,-1.60185,0.01019,1.000000,0.000000,-0.000000,0.000000,0.0102,0.0000,0.0000,-0.0000,0.0000,-0.0000,0.0873,0.0000,0.0000,0.0000,0.0000,0.0000
14.5020,0.00000,-1.60185,0.01019,1.000000,0.000000,-0.000000,0.000000,0.0102,0.0000,0.0000,0.0000,0.0000,-0.0000,0.0873,0.0000,0.0000,0.0000,0.0000,0.0000
14.5220,0.00000,-1.60185,0.01019,1.000000,0.000000,0.000000,0.000000,0.0102,0.0000,-0.0000,0.0000,0.0000,-0.0000,0.0873,0.0000,0.0000,0.0000,0.0000,0.0000
14.5420,0.00000,-1.60185,0.01019,1.000000,0.000000,0.000000,0.000000,0.0102,0.0000,-0.0000,-0.0000,0.0000,-0.0000,0.0874,0.0000,0.0000,0.0000,0.0000,0.0000
14.5620,0.00000,-1.60185,0.01019,1.000000,0.000000,0.000000,0.000000,0.0102,0.0000,-0.0000,0.0000,0.0000,-0.0000,0.0874,0.0000,0.0000,0.0000,0.0000,0.0000
14.5820,0.00000,-1.60185,0.01019,1.000000,0.000000,-0.000000,0.000000,0.0102,0.0000,0.0000,-0.0000,0.0000,-0.0000,0.0875,0.0000,0.0000,0.0000,0.0000,0.0000
14.6020,0.00000,-1.60185,0.01019,1.000000,0.000000,-0.000000,0.000000,0.0102,0.0000,0.0000,-0.0000,0.0000,-0.0000,0.0875,0.0000,0.0000,0.0000,0.0000,0.0000
14.6220,0.00000,-1.60185,0.01019,1.000000,0.000000,-0.000000,0.000000,0.0102,0.0000,0.0000,0.0000,0.0000,-0.0000,0.0876,0.0000,0.0000,0.0000,0.0000,0.0000
14.6420,0.00000,-1.60185,0.01019,1.000000,0.000000,-0.000000,0.000000,0.0102,0.0000,0.0000,-0.0000,0.0000,-0.0000,0.0876,0.0000,0.0000,0.0000,0.0000,0.0000
14.6620,0.00000,-1.60185,0.01019,1.000000,0.000000,-0.000000,0.000000,0.0102,0.0000,0.0000,0.0000,0.0000,-0.0000,0.0876,0.0000,0.0000,0.0000,0.0000,0.0000
14.6820,0.00000,-1.60185,0.01019,1.000000,0.000000,-0.000000,0.000000,0.0102,0.0000,0.0000,0.0000,0.0000,-0.0000,0.0877,0.0000,0.0000,0.0000,0.0000,0.0000
14.7020,0.00000,-1.60185,0.01019,1.000000,0.000000,-0.000000,0.000000,0.0102,0.0000,0.0000,0.0000,0.0000,-0.0000,0.0877,0.0000,0.0000,0.0000,0.0000,0.0000
14.7220,0.00000,-1.60185,0.01019,1.000000,0.000000,-0.000000,0.000000,0.0102,0.0000,0.0000,0.0000,0.0000,-0.0000,0.0877,0.0000,0.0000,0.0000,0.0000,0.0000
14.7420,0.00000,-1.60185,0.01019,1.000000,0.000000,-0.000000,0.000000,0.0102,0.0000,0.0000,0.0000,0.0000,-0.0000,0.0878,0.0000,0.0000,0.0000,0.0000,0.0000
14.7620,0.00000,-1.60185,0.01019,1.000000,0.000000,0.000000,0.000000,0.0102,0.0000,-0.0000,0.0000,0.0000,-0.0000,0.0878,0.0000,0.0000,0.0000,0.0000,0.0000
14.7820,0.00000,-1.60185,0.01019,1.000000,0.000000,0.000000,0.000000,0.0102,0.0000,-0.0000,-0.0000,0.0000,-0.0000,0.0879,0.0000,0.0000,0.0000,0.0000,0.0000
14.8020,0.00000,-1.60185,0.01019,1.000000,0.000000,0.000000,0.000000,0.0102,0.0000,-0.0000,0.0000,0.0000,-0.0000,0.0879,0.0000,0.0000,0.0000,0.0000,0.0000
14.8220,0.00000,-1.60185,0.01019,1.000000,0.000000,0.000000,0.000000,0.0102,0.0000,-0.0000,-0.0000,0.0000,-0.0000,0.0879,0.0000,0.0000,0.0000,0.0000,0.0000
14.8420,0.00000,-1.60185,0.01019,1.000000,0.000000,-0.000000,0.000000,0.0102,0.0000,0.0000,-0.0000,0.0000,-0.0000,0.0880,0.0000,0.0000,0.0000,0.0000,0.0000
14.8620,0.00000,-1.60185,0.01019,1.000000,0.000000,-0.000000,0.000000,0.0102,0.0000,0.0000,-0.0000,0.0000,-0.0000,0.0880,0.0000,0.0000,0.0000,0.0000,0.0000
14.8820,0.00000,-1.60185,0.01019,1.000000,0.000000,-0.000000,0.000000,0.0102,0.0000,0.0000,0.0000,0.0000,-0.0000,0.0881,0.0000,0.0000,0.0000,0.0000,0.0000
14.9020,0.00000,-1.60185,0.01019,1.000000,0.000000,-0.000000,0.000000,0.0102,0.0000,0.0000,-0.0000,0.0000,-0.0000,0.0881,0.0000,0.0000,0.0000,0.0000,0.0000
14.9220,0.00000,-1.60185,0.01019,1.000000,0.000000,-0.000000,0.000000,0.0102,0.0000,0.0000,0.0000,0.0000,-0.0000,0.0881,0.0000,0.0000,0.0000,0.0000,0.0000
14.9420,0.00000,-1.60185,0.01019,1.000000,0.000000,-0.000000,0.000000,0.0102,0.0000,0.0000,-0.0000,0.0000,-0.0000,0.0882,0.0000,0.0000,0.0000,0.0000,0.0000
14.9620,0.00000,-1.60185,0.01019,1.000000,0.000000,-0.000000,0.000000,0.0102,0.0000,0.0000,-0.0000,0.0000,-0.0000,0.0882,0.0000,0.0000,0.0000,0.0000,0.0000
14.9820,0.00000,-1.60185,0.01019,1.000000,0.000000,-0.000000,0.000000,0.0102,0.0000,0.0000,0.0000,0.0000,-0.0000,0.0882,0.0000,0.0000,0.0000,0.0000,0.0000
15.0020,0.00000,-1.60185,0.01019,1.000000,0.000000,-0.000000,0.000000,0.0102,0.0000,0.0000,-0.0000,0.0000,-0.0000,0.0883,0.0000,0.0000,0.0000,0.0000,0.0000
15.0220,0.00000,-1.60185,0.01019,1.000000,0.000000,-0.000000,0.000000,0.0102,0.0000,0.0000,-0.0000,0.0000,-0.0000,0.0883,0.0000,0.0000,0.0000,0.0000,0.0000
15.0420,0.00000,-1.60185,0.01019,1.000000,0.000000,-0.000000,0.000000,0.0102,0.0000,0.0000,-0.0000,0.0000,-0.0000,0.0883,0.0000,0.0000,0.0000,0.0000,0.0000
15.0620,0.00000,-1.60185,0.01019,1.000000,0.000000,-0.000000,0.000000,0.0102,0.0000,0.0000,-0.0000,0.0000,-0.0000,0.0884,0.0000,0.0000,0.0000,0.0000,0.0000
15.0820,0.00000,-1.60185,0.01019,1.000000,0.000000,0.000000,0.000000,0.0102,0.0000,-0.0000,-0.0000,0.0000,-0.0000,0.0884,0.0000,0.0000,0.0000,0.0000,0.0000
15.1020,0.00000,-1.60185,0.01019,1.000000,0.000000,-0.000000,0.000000,0.0102,0.0000,0.0000,0.0000,0.0000,-0.0000,0.0884,0.0000,0.0000,0.0000,0.0000,0.0000
15.1220,0.00000,-1.60185,0.01019,1.000000,0.000000,-0.000000,0.000000,0.0102,0.0000,0.0000,-0.0000,0.0000,-0.0000,0.0885,0.0000,0.0000,0.0000,0.0000,0.0000
15.1420,0.00000,-1.60185,0.01019,1.000000,0.000000,-0.000000,0.000000,0.0102,0.0000,0.0000,0.0000,0.0000,-0.0000,0.0885,0.0000,0.0000,0.0000,0.0000,0.0000
15.1620,0.00000,-1.60185,0.01019,1.000000,0.000000,-0.000000,0.000000,0.0102,0.0000,0.0000,-0.0000,0.0000,-0.0000,0.0886,0.0000,0.0000,0.0000,0.0000,0.0000
15.1820,0.00000,-1.60185,0.01019,1.000000,0.000000,0.000000,0.000000,0.0102,0.0000,-0.0000,0.0000,0.0000,-0.0000,0.0886,0.0000,0.0000,0.0000,0.0000,0.0000
15.2020,0.00000,-1.60185,0.01019,1.000000,0.000000,0.000000,0.000000,0.0102,0.0000,-0.0000,-0.0000,0.0000,-0.0000,0.0886,0.0000,0.0000,0.0000,0.0000,0.0000
15.2220,0.00000,-1.60185,0.01019,1.000000,0.000000,0.000000,0.000000,0.0102,0.0000,-0.0000,-0.0000,0.0000,-0.0000,0.0887,0.0000,0.0000,0.0000,0.0000,0.0000
15.2420,0.00000,-1.60185,0.01019,1.000000,0.000000,0.000000,0.000000,0.0102,0.0000,-0.0000,-0.0000,0.0000,-0.0000,0.0887,0.0000,0.0000,0.0000,0.0000,0.0000
15.2620,0.00000,-1.60185,0.01019,1.000000,0.000000,-0.000000,0.000000,0.0102,0.0000,0.0000,-0.0000,0.0000,-0.0000,0.0887,0.0000,0.0000,0.0000,0.0000,0.0000
15.2820,0.00000,-1.60185,0.01019,1.000000,0.000000,-0.000000,0.000000,0.0102,0.0000,0.0000,-0.0000,0.0000,-0.0000,0.0888,0.0000,0.0000,0.0000,0.0000,0.0000
15.3020,0.00000,-1.60185,0.01019,1.000000,0.000000,-0.000000,0.000000,0.0102,0.0000,0.0000,0.0000,0.0000,-0.0000,0.0888,0.0000,0.0000,0.0000,0.0000,0.0000
15.3220,0.00000,-1.60185,0.01019,1.000000,0.000000,0.000000,0.000000,0.0102,0.0000,-0.0000,0.0000,0.0000,-0.0000,0.0888,0.0000,0.0000,0.0000,0.0000,0.0000
15.3420,0.00000,-1.60185,0.01019,1.000000,0.000000,-0.000000,0.000000,0.0102,0.0000,0.0000,-0.0000,0.0000,-0.0000,0.0889,0.0000,0.0000,0.0000,0.0000,0.0000
15.3620,0.00000,-1.60185,0.01019,1.000000,0.000000,-0.000000,0.000000,0.0102,0.0000,0.0000,-0.0000,0.0000,-0.0000,0.0889,0.0000,0.0000,0.0000,0.0000,0.0000
15.3820,0.00000,-1.60185,0.01019,1.000000,0.000000,-0.000000,0.000000,0.0102,0.0000,0.0000,0.0000,0.0000,-0.0000,0.0889,0.0000,0.0000,0.0000,0.0000,0.0000
15.4020,0.00000,-1.60185,0.01019,1.000000,0.000000,-0.000000,0.000000,0.0102,0.0000,0.0000,-0.0000,0.0000,-0.0000,0.0889,0.0000,0.0000,0.0000,0.0000,0.0000
15.4220,0.00000,-1.60185,0.01019,1.000000,0.000000,0.000000,0.000000,0.0102,0.0000,-0.0000,-0.0000,0.0000,-0.0000,0.0890,0.0000,0.0000,0.0000,0.0000,0.0000
15.4420,0.00000,-1.60185,0.01019,1.000000,0.000000,0.000000,0.000000,0.0102,0.0000,-0.0000,0.0000,0.0000,-0.0000,0.0890,0.0000,0.0000,0.0000,0.0000,0.0000
15.4620,0.00000,-1.60185,0.01019,1.000000,0.000000,0.000000,0.000000,0.0102,0.0000,-0.0000,-0.0000,0.0000,-0.0000,0.0890,0.0000,0.0000,0.0000,0.0000,0.0000
15.4820,0.00000,-1.60185,0.01019,1.000000,0.000000,0.000000,0.000000,0.0102,0.0000,-0.0000,0.0000,0.0000,-0.0000,0.0891,0.0000,0.0000,0.0000,0.0000,0.0000
15.5020,0.00000,-1.60185,0.01019,1.000000,0.000000,0.000000,0.000000,0.0102,0.0000,-0.0000,0.0000,0.0000,-0.0000,0.0891,0.0000,0.0000,0.0000,0.0000,0.0000
15.5220,0.00000,-1.60185,0.01019,1.000000,0.000000,0.000000,0.000000,0.0102,0.0000,-0.0000,0.0000,0.0000,-0.0000,0.0891,0.0000,0.0000,0.0000,0.0000,0.0000
15.5420,0.00000,-1.60185,0.01019,1.000000,0.000000,0.000000,0.000000,0.0102,0.0000,-0.0000,0.0000,0.0000,-0.0000,0.0892,0.0000,0.0000,0.0000,0.0000,0.0000
15.5620,0.00000,-1.60185,0.01019,1.000000,0.000000,0.000000,0.000000,0.0102,0.0000,-0.0000,0.0000,0.0000,-0.0000,0.0892,0.0000,0.0000,0.0000,0.0000,0.0000
15.5820,0.00000,-1.60185,0.01019,1.000000,0.000000,0.000000,0.000000,0.0102,0.0000,-0.0000,-0.0000,0.0000,-0.0000,0.0892,0.0000,0.0000,0.0000,0.0000,0.0000
15.6020,0.00000,-1.60185,0.01019,1.000000,0.000000,0.000000,0.000000,0.0102,0.0000,-0.0000,-0.0000,0.0000,-0.0000,0.0893,0.0000,0.0000,0.0000,0.0000,0.0000
15.6220,0.00000,-1.60185,0.01019,1.000000,0.000000,0.000000,0.000000,0.0102,0.0000,-0.0000,-0.0000,0.0000,-0.0000,0.0893,0.0000,0.0000,0.0000,0.0000,0.0000
15.6420,0.00000,-1.60185,0.01019,1.000000,0.000000,-0.000000,0.000000,0.0102,0.0000,0.0000,-0.0000,0.0000,-0.0000,0.0893,0.0000,0.0000,0.0000,0.0000,0.0000
15.6620,0.00000,-1.60185,0.01019,1.000000,0.000000,-0.000000,0.000000,0.0102,0.0000,0.0000,-0.0000,0.0000,-0.0000,0.0893,0.0000,0.0000,0.0000,0.0000,0.0000
15.6820,0.00000,-1.60185,0.01019,1.000000,0.000000,-0.000000,0.000000,0.0102,0.0000,0.0000,-0.0000,0.0000,-0.0000,0.0894,0.0000,0.0000,0.0000,0.0000,0.0000
15.7020,0.00000,-1.60185,0.01019,1.000000,0.000000,-0.000000,0.000000,0.0102,0.0000,0.0000,-0.0000,0.0000,-0.0000,0.0894,0.0000,0.0000,0.0000,0.0000,0.0000
15.7220,0.00000,-1.60185,0.01019,1.000000,0.000000,-0.000000,0.000000,0.0102,0.0000,0.0000,-0.0000,0.0000,-0.0000,0.0894,0.0000,0.0000,0.0000,0.0000,0.0000
15.7420,0.00000,-1.60185,0.01019,1.000000,0.000000,-0.000000,0.000000,0.0102,0.0000,0.0000,-0.0000,0.0000,-0.0000,0.0895,0.0000,0.0000,0.0000,0.0000,0.0000
15.7620,0.00000,-1.60185,0.01019,1.000000,0.000000,-0.000000,0.000000,0.0102,0.0000,0.0000,-0.0000,0.0000,-0.0000,0.0895,0.0000,0.0000,0.0000,0.0000,0.0000
15.7820,0.00000,-1.60185,0.01019,1.000000,0.000000,-0.000000,0.000000,0.0102,0.0000,0.0000,-0.0000,0.0000,-0.0000,0.0895,0.0000,0.0000,0.0000,0.0000,0.0000
15.8020,0.00000,-1.60185,0.01019,1.000000,0.000000,-0.000000,0.000000,0.0102,0.0000,0.0000,-0.0000,0.0000,-0.0000,0.0896,0.0000,0.0000,0.0000,0.0000,0.0000
15.8220,0.00000,-1.60185,0.01019,1.000000,0.000000,-0.000000,0.000000,0.0102,0.0000,0.0000,0.0000,0.0000,-0.0000,0.0896,0.0000,0.0000,0.0000,0.0000,0.0000
15.8420,0.00000,-1.60185,0.01019,1.000000,0.000000,-0.000000,0.000000,0.0102,0.0000,0.0000,-0.0000,0.0000,-0.0000,0.0896,0.0000,0.0000,0.0000,0.0000,0.0000
15.8620,0.00000,-1.60185,0.01019,1.000000,0.000000,-0.000000,0.000000,0.0102,0.0000,0.0000,0.0000,0.0000,-0.0000,0.0896,0.0000,0.0000,0.0000,0.0000,0.0000
15.8820,0.00000,-1.60185,0.01019,1.000000,0.000000,-0.000000,0.000000,0.0102,0.0000,0.0000,0.0000,0.0000,-0.0000,0.0897,0.0000,0.0000,0.0000,0.0000,0.0000
15.9020,0.00000,-1.60185,0.01019,1.000000,0.000000,-0.000000,0.000000,0.0102,0.0000,0.0000,-0.0000,0.0000,-0.0000,0.0897,0.0000,0.0000,0.0000,0.0000,0.0000
15.9220,0.00000,-1.60185,0.01019,1.000000,0.000000,-0.000000,0.000000,0.0102,0.0000,0.0000,0.0000,0.0000,-0.0000,0.0897,0.0000,0.0000,0.0000,0.0000,0.0000
15.9420,0.00000,-1.60185,0.01019,1.000000,0.000000,0.000000,0.000000,0.0102,0.0000,-0.0000,-0.0000,0.0000,-0.0000,0.0897,0.0000,0.0000,0.0000,0.0000,0.0000
15.9620,0.00000,-1.60185,0.01019,1.000000,0.000000,-0.000000,0.000000,0.0102,0.0000,0.0000,0.0000,0.0000,-0.0000,0.0898,0.0000,0.0000,0.0000,0.0000,0.0000
15.9820,0.00000,-1.60185,0.01019,1.000000,0.000000,-0.000000,0.000000,0.0102,0.0000,0.0000,0.0000,0.0000,-0.0000,0.0898,0.0000,0.0000,0.0000,0.0000,0.0000
16.0020,0.00000,-1.60185,0.01019,1.000000,0.000000,-0.000000,0.000000,0.0102,0.0000,0.0000,-0.0000,0.0000,-0.0000,0.0898,0.0000,0.0000,0.0000,0.0000,0.0000
16.0220,0.00000,-1.60185,0.01019,1.000000,0.000000,-0.000000,0.000000,0.0102,0.0000,0.0000,-0.0000,0.0000,-0.0000,0.0899,0.0000,0.0000,0.0000,0.0000,0.0000
16.0420,0.00000,-1.60185,0.01019,1.000000,0.000000,-0.000000,0.000000,0.0102,0.0000,0.0000,-0.0000,0.0000,-0.0000,0.0899,0.0000,0.0000,0.0000,0.0000,0.0000
16.0620,0.00000,-1.60185,0.01019,1.000000,0.000000,-0.000000,0.000000,0.0102,0.0000,0.0000,-0.0000,0.0000,-0.0000,0.0899,0.0000,0.0000,0.0000,0.0000,0.0000
16.0820,0.00000,-1.60185,0.01019,1.000000,0.000000,-0.000000,0.000000,0.0102,0.0000,0.0000,0.0000,0.0000,-0.0000,0.0899,0.0000,0.0000,0.0000,0.0000,0.0000
16.1020,0.00000,-1.60185,0.01019,1.000000,0.000000,0.000000,0.000000,0.0102,0.0000,-0.0000,-0.0000,0.0000,-0.0000,0.0900,0.0000,0.0000,0.0000,0.0000,0.0000
16.1220,0.00000,-1.60185,0.01019,1.000000,0.000000,-0.000000,0.000000,0.0102,0.0000,0.0000,-0.0000,0.0000,-0.0000,0.0900,0.0000,0.0000,0.0000,0.0000,0.0000
16.1420,0.00000,-1.60185,0.01019,1.000000,0.000000,0.000000,0.000000,0.0102,0.0000,-0.0000,0.0000,0.0000,-0.0000,0.0900,0.0000,0.0000,0.0000,0.0000,0.0000
16.1620,0.00000,-1.60185,0.01019,1.000000,0.000000,0.000000,0.000000,0.0102,0.0000,-0.0000,0.0000,0.0000,-0.0000,0.0900,0.0000,0.0000,0.0000,0.0000,0.0000
16.1820,0.00000,-1.60185,0.01019,1.000000,0.000000,-0.000000,0.000000,0.0102,0.0000,0.0000,0.0000,0.0000,-0.0000,0.0901,0.0000,0.0000,0.0000,0.0000,0.0000
16.2020,0.00000,-1.60185,0.01019,1.000000,0.000000,-0.000000,0.000000,0.0102,0.0000,0.0000,0.0000,0.0000,-0.0000,0.0901,0.0000,0.0000,0.0000,0.0000,0.0000
16.2220,0.00000,-1.60185,0.01019,1.000000,0.000000,-0.000000,0.000000,0.0102,0.0000,0.0000,0.0000,0.0000,-0.0000,0.0901,0.0000,0.0000,0.0000,0.0000,0.0000
16.2420,0.00000,-1.60185,0.01019,1.000000,0.000000,-0.000000,0.000000,0.0102,0.0000,0.0000,0.0000,0.0000,-0.0000,0.0901,0.0000,0.0000,0.0000,0.0000,0.0000
16.2620,0.00000,-1.60185,0.01019,1.000000,0.000000,0.000000,0.000000,0.0102,0.0000,-0.0000,-0.0000,0.0000,-0.0000,0.0902,0.0000,0.0000,0.0000,0.0000,0.0000
16.2820,0.00000,-1.60185,0.01019,1.000000,0.000000,0.000000,0.000000,0.0102,0.0000,-0.0000,0.0000,0.0000,-0.0000,0.0902,0.0000,0.0000,0.0000,0.0000,0.0000
16.3020,0.00000,-1.60185,0.01019,1.000000,0.000000,0.000000,0.000000,0.0102,0.0000,-0.0000,-0.0000,0.0000,-0.0000,0.0902,0.0000,0.0000,0.0000,0.0000,0.0000
16.3220,0.00000,-1.60185,0.01019,1.000000,0.000000,0.000000,0.000000,0.0102,0.0000,-0.0000,-0.0000,0.0000,-0.0000,0.0902,0.0000,0.0000,0.0000,0.0000,0.0000
16.3420,0.00000,-1.60185,0.01019,1.000000,0.000000,0.000000,0.000000,0.0102,0.0000,-0.0000,-0.0000,0.0000,-0.0000,0.0903,0.0000,0.0000,0.0000,0.0000,0.0000
16.3620,0.00000,-1.60185,0.01019,1.000000,0.000000,0.000000,0.000000,0.0102,0.0000,-0.0000,0.0000,0.0000,-0.0000,0.0903,0.0000,0.0000,0.0000,0.0000,0.0000
16.3820,0.00000,-1.60185,0.01019,1.000000,0.000000,0.000000,0.000000,0.0102,0.0000,-0.0000,0.0000,0.0000,-0.0000,0.0903,0.0000,0.0000,0.0000,0.0000,0.0000
16.4020,0.00000,-1.60185,0.01019,1.000000,0.000000,0.000000,0.000000,0.0102,0.0000,-0.0000,0.0000,0.0000,-0.0000,0.0903,0.0000,0.0000,0.0000,0.0000,0.0000
16.4220,0.00000,-1.60185,0.01019,1.000000,0.000000,-0.000000,0.000000,0.0102,0.0000,0.0000,0.0000,0.0000,-0.0000,0.0904,0.0000,0.0000,0.0000,0.0000,0.0000
16.4420,0.00000,-1.60185,0.01019,1.000000,0.000000,-0.000000,0.000000,0.0102,0.0000,0.0000,-0.0000,0.0000,-0.0000,0.0904,0.0000,0.0000,0.0000,0.0000,0.0000
16.4620,0.00000,-1.60185,0.01019,1.000000,0.000000,0.000000,0.000000,0.0102,0.0000,-0.0000,0.0000,0.0000,-0.0000,0.0904,0.0000,0.0000,0.0000,0.0000,0.0000
16.4820,0.00000,-1.60185,0.01019,1.000000,0.000000,0.000000,0.000000,0.0102,0.0000,-0.0000,-0.0000,0.0000,-0.0000,0.0904,0.0000,0.0000,0.0000,0.0000,0.0000
16.5020,0.00000,-1.60185,0.01019,1.000000,0.000000,-0.000000,0.000000,0.0102,0.0000,0.0000,-0.0000,0.0000,-0.0000,0.0905,0.0000,0.0000,0.0000,0.0000,0.0000
16.5220,0.00000,-1.60185,0.01019,1.000000,0.000000,-0.000000,0.000000,0.0102,0.0000,0.0000,0.0000,0.0000,-0.0000,0.0905,0.0000,0.0000,0.0000,0.0000,0.0000
16.5420,0.00000,-1.60185,0.01019,1.000000,0.000000,-0.000000,0.000000,0.0102,0.0000,0.0000,0.0000,0.0000,-0.0000,0.0905,0.0000,0.0000,0.0000,0.0000,0.0000
16.5620,0.00000,-1.60185,0.01019,1.000000,0.000000,-0.000000,0.000000,0.0102,0.0000,0.0000,-0.0000,0.0000,-0.0000,0.0905,0.0000,0.0000,0.0000,0.0000,0.0000
16.5820,0.00000,-1.60185,0.01019,1.000000,0.000000,-0.000000,0.000000,0.0102,0.0000,0.0000,-0.0000,0.0000,-0.0000,0.0906,0.0000,0.0000,0.0000,0.0000,0.0000
16.6020,0.00000,-1.60185,0.01019,1.000000,0.000000,-0.000000,0.000000,0.0102,0.0000,0.0000,0.0000,0.0000,-0.0000,0.0906,0.0000,0.0000,0.0000,0.0000,0.0000
16.6220,0.00000,-1.60185,0.01019,1.000000,0.000000,-0.000000,0.000000,0.0102,0.0000,0.0000,-0.0000,0.0000,-0.0000,0.0906,0.0000,0.0000,0.0000,0.0000,0.0000
16.6420,0.00000,-1.60185,0.01019,1.000000,0.000000,-0.000000,0.000000,0.0102,0.0000,0.0000,-0.0000,0.0000,-0.0000,0.0906,0.0000,0.0000,0.0000,0.0000,0.0000
16.6620,0.00000,-1.60185,0.01019,1.000000,0.000000,0.000000,0.000000,0.0102,0.0000,-0.0000,-0.0000,0.0000,-0.0000,0.0907,0.0000,0.0000,0.0000,0.0000,0.0000
16.6820,0.00000,-1.60185,0.01019,1.000000,0.000000,0.000000,0.000000,0.0102,0.0000,-0.0000,0.0000,0.0000,-0.0000,0.0907,0.0000,0.0000,0.0000,0.0000,0.0000
16.7020,0.00000,-1.60185,0.01019,1.000000,0.000000,0.000000,0.000000,0.0102,0.0000,-0.0000,0.0000,0.0000,-0.0000,0.0907,0.0000,0.0000,0.0000,0.0000,0.0000
16.7220,0.00000,-1.60185,0.01019,1.000000,0.000000,0.000000,0.000000,0.0102,0.0000,-0.0000,-0.0000,0.0000,-0.0000,0.0907,0.0000,0.0000,0.0000,0.0000,0.0000
16.7420,0.00000,-1.60185,0.01019,1.000000,0.000000,0.000000,0.000000,0.0102,0.0000,-0.0000,-0.0000,0.0000,-0.0000,0.0907,0.0000,0.0000,0.0000,0.0000,0.0000
16.7620,0.00000,-1.60185,0.01019,1.000000,0.000000,0.000000,0.000000,0.0102,0.0000,-0.0000,-0.0000,0.0000,-0.0000,0.0908,0.0000,0.0000,0.0000,0.0000,0.0000
16.7820,0.00000,-1.60185,0.01019,1.000000,0.000000,0.000000,0.000000,0.0102,0.0000,-0.0000,-0.0000,0.0000,-0.0000,0.0908,0.0000,0.0000,0.0000,0.0000,0.0000
16.8020,0.00000,-1.60185,0.01019,1.000000,0.000000,0.000000,0.000000,0.0102,0.0000,-0.0000,-0.0000,0.0000,-0.0000,0.0908,0.0000,0.0000,0.0000,0.0000,0.0000
16.8220,0.00000,-1.60185,0.01019,1.000000,0.000000,0.000000,0.000000,0.0102,0.0000,-0.0000,-0.0000,0.0000,-0.0000,0.0908,0.0000,0.0000,0.0000,0.0000,0.0000
16.8420,0.00000,-1.60185,0.01019,1.000000,0.000000,0.000000,0.000000,0.0102,0.0000,-0.0000,-0.0000,0.0000,-0.0000,0.0909,0.0000,0.0000,0.0000,0.0000,0.0000
16.8620,0.00000,-1.60185,0.01019,1.000000,0.000000,0.000000,0.000000,0.0102,0.0000,-0.0000,0.0000,0.0000,-0.0000,0.0909,0.0000,0.0000,0.0000,0.0000,0.0000
16.8820,0.00000,-1.60185,0.01019,1.000000,0.000000,0.000000,0.000000,0.0102,0.0000,-0.0000,-0.0000,0.0000,-0.0000,0.0909,0.0000,0.0000,0.0000,0.0000,0.0000
16.9020,0.00000,-1.60185,0.01019,1.000000,0.000000,-0.000000,0.000000,0.0102,0.0000,0.0000,0.0000,0.0000,-0.0000,0.0909,0.0000,0.0000,0.0000,0.0000,0.0000
16.9220,0.00000,-1.60185,0.01019,1.000000,0.000000,-0.000000,0.000000,0.0102,0.0000,0.0000,-0.0000,0.0000,-0.0000,0.0909,0.0000,0.0000,0.0000,0.0000,0.0000
16.9420,0.00000,-1.60185,0.01019,1.000000,0.000000,-0.000000,0.000000,0.0102,0.0000,0.0000,0.0000,0.0000,-0.0000,0.0910,0.0000,0.0000,0.0000,0.0000,0.0000
16.9620,0.00000,-1.60185,0.01019,1.000000,0.000000,-0.000000,0.000000,0.0102,0.0000,0.0000,-0.0000,0.0000,-0.0000,0.0910,0.0000,0.0000,0.0000,0.0000,0.0000
16.9820,0.00000,-1.60185,0.01019,1.000000,0.000000,-0.000000,0.000000,0.0102,0.0000,0.0000,0.0000,0.0000,-0.0000,0.0910,0.0000,0.0000,0.0000,0.0000,0.0000
17.0020,0.00000,-1.60185,0.01019,1.000000,0.000000,-0.000000,0.000000,0.0102,0.0000,0.0000,-0.0000,0.0000,-0.0000,0.0910,0.0000,0.0000,0.0000,0.0000,0.0000
17.0220,0.00000,-1.60185,0.01019,1.000000,0.000000,-0.000000,0.000000,0.0102,0.0000,0.0000,-0.0000,0.0000,-0.0000,0.0911,0.0000,0.0000,0.0000,0.0000,0.0000
17.0420,0.00000,-1.60185,0.01019,1.000000,0.000000,-0.000000,0.000000,0.0102,0.0000,0.0000,0.0000,0.0000,-0.0000,0.0911,0.0000,0.0000,0.0000,0.0000,0.0000
17.0620,0.00000,-1.60185,0.01019,1.000000,0.000000,-0.000000,0.000000,0.0102,0.0000,0.0000,-0.0000,0.0000,-0.0000,0.0911,0.0000,0.0000,0.0000,0.0000,0.0000
17.0820,0.00000,-1.60185,0.01019,1.000000,0.000000,-0.000000,0.000000,0.0102,0.0000,0.0000,-0.0000,0.0000,-0.0000,0.0911,0.0000,0.0000,0.0000,0.0000,0.0000
17.1020,0.00000,-1.60185,0.01019,1.000000,0.000000,-0.000000,0.000000,0.0102,0.0000,0.0000,0.0000,0.0000,-0.0000,0.0911,0.0000,0.0000,0.0000,0.0000,0.0000
17.1220,0.00000,-1.60185,0.01019,1.000000,0.000000,-0.000000,0.000000,0.0102,0.0000,0.0000,0.0000,0.0000,-0.0000,0.0912,0.0000,0.0000,0.0000,0.0000,0.0000
17.1420,0.00000,-1.60185,0.01019,1.000000,0.000000,-0.000000,0.000000,0.0102,0.0000,0.0000,-0.0000,0.0000,-0.0000,0.0912,0.0000,0.0000,0.0000,0.0000,0.0000
17.1620,0.00000,-1.60185,0.01019,1.000000,0.000000,-0.000000,0.000000,0.0102,0.0000,0.0000,-0.0000,0.0000,-0.0000,0.0912,0.0000,0.0000,0.0000,0.0000,0.0000
17.1820,0.00000,-1.60185,0.01019,1.000000,0.000000,-0.000000,0.000000,0.0102,0.0000,0.0000,-0.0000,0.0000,-0.0000,0.0912,0.0000,0.0000,0.0000,0.0000,0.0000
17.2020,0.00000,-1.60185,0.01019,1.000000,0.000000,-0.000000,0.000000,0.0102,0.0000,0.0000,0.0000,0.0000,-0.0000,0.0912,0.0000,0.0000,0.0000,0.0000,0.0000
17.2220,0.00000,-1.60185,0.01019,1.000000,0.000000,-0.000000,0.000000,0.0102,0.0000,0.0000,-0.0000,0.0000,-0.0000,0.0913,0.0000,0.0000,0.0000,0.0000,0.0000
17.2420,0.00000,-1.60185,0.01019,1.000000,0.000000,-0.000000,0.000000,0.0102,0.0000,0.0000,0.0000,0.0000,-0.0000,0.0913,0.0000,0.0000,0.0000,0.0000,0.0000
17.2620,0.00000,-1.60185,0.01019,1.000000,0.000000,-0.000000,0.000000,0.0102,0.0000,0.0000,-0.0000,0.0000,-0.0000,0.0913,0.0000,0.0000,0.0000,0.0000,0.0000
17.2820,0.00000,-1.60185,0.01019,1.000000,0.000000,-0.000000,0.000000,0.0102,0.0000,0.0000,0.0000,0.0000,-0.0000,0.0913,0.0000,0.0000,0.0000,0.0000,0.0000
17.3020,0.00000,-1.60185,0.01019,1.000000,0.000000,-0.000000,0.000000,0.0102,0.0000,0.0000,-0.0000,0.0000,-0.0000,0.0913,0.0000,0.0000,0.0000,0.0000,0.0000
17.3220,0.00000,-1.60185,0.01019,1.000000,0.000000,-0.000000,0.000000,0.0102,0.0000,0.0000,-0.0000,0.0000,-0.0000,0.0914,0.0000,0.0000,0.0000,0.0000,0.0000
17.3420,0.00000,-1.60185,0.01019,1.000000,0.000000,-0.000000,0.000000,0.0102,0.0000,0.0000,0.0000,0.0000,-0.0000,0.0914,0.0000,0.0000,0.0000,0.0000,0.0000
17.3620,0.00000,-1.60185,0.01019,1.000000,0.000000,-0.000000,0.000000,0.0102,0.0000,0.0000,-0.0000,0.0000,-0.0000,0.0914,0.0000,0.0000,0.0000,0.0000,0.0000
17.3820,0.00000,-1.60185,0.01019,1.000000,0.000000,-0.000000,0.000000,0.0102,0.0000,0.0000,-0.0000,0.0000,-0.0000,0.0914,0.0000,0.0000,0.0000,0.0000,0.0000
17.4020,0.00000,-1.60185,0.01019,1.000000,0.000000,-0.000000,0.000000,0.0102,0.0000,0.0000,-0.0000,0.0000,-0.0000,0.0914,0.0000,0.0000,0.0000,0.0000,0.0000
17.4220,0.00000,-1.60185,0.01019,1.000000,0.000000,-0.000000,0.000000,0.0102,0.0000,0.0000,0.0000,0.0000,-0.0000,0.0915,0.0000,0.0000,0.0000,0.0000,0.0000
17.4420,0.00000,-1.60185,0.01019,1.000000,0.000000,-0.000000,0.000000,0.0102,0.0000,0.0000,-0.0000,0.0000,-0.0000,0.0915,0.0000,0.0000,0.0000,0.0000,0.0000
17.4620,0.00000,-1.60185,0.01019,1.000000,0.000000,-0.000000,0.000000,0.0102,0.0000,0.0000,-0.0000,0.0000,-0.0000,0.0915,0.0000,0.0000,0.0000,0.0000,0.0000
17.4820,0.00000,-1.60185,0.01019,1.000000,0.000000,-0.000000,0.000000,0.0102,0.0000,0.0000,0.0000,0.0000,-0.0000,0.0915,0.0000,0.0000,0.0000,0.0000,0.0000
17.5020,0.00000,-1.60185,0.01019,1.000000,0.000000,-0.000000,0.000000,0.0102,0.0000,0.0000,0.0000,0.0000,-0.0000,0.0915,0.0000,0.0000,0.0000,0.0000,0.0000
17.5220,0.00000,-1.60185,0.01019,1.000000,0.000000,-0.000000,0.000000,0.0102,0.0000,0.0000,0.0000,0.0000,-0.0000,0.0916,0.0000,0.0000,0.0000,0.0000,0.0000
17.5420,0.00000,-1.60185,0.01019,1.000000,0.000000,-0.000000,0.000000,0.0102,0.0000,0.0000,0.0000,0.0000,-0.0000,0.0916,0.0000,0.0000,0.0000,0.0000,0.0000
17.5620,0.00000,-1.60185,0.01019,1.000000,0.000000,-0.000000,0.000000,0.0102,0.0000,0.0000,0.0000,0.0000,-0.0000,0.0916,0.0000,0.0000,0.0000,0.0000,0.0000
17.5820,0.00000,-1.60185,0.01019,1.000000,0.000000,-0.000000,0.000000,0.0102,0.0000,0.0000,0.0000,0.0000,-0.0000,0.0916,0.0000,0.0000,0.0000,0.0000,0.0000
17.6020,0.00000,-1.60185,0.01019,1.000000,0.000000,-0.000000,0.000000,0.0102,0.0000,0.0000,0.0000,0.0000,-0.0000,0.0916,0.0000,0.0000,0.0000,0.0000,0.0000
17.6220,0.00000,-1.60185,0.01019,1.000000,0.000000,0.000000,0.000000,0.0102,0.0000,-0.0000,0.0000,0.0000,-0.0000,0.0917,0.0000,0.0000,0.0000,0.0000,0.0000
17.6420,0.00000,-1.60185,0.01019,1.000000,0.000000,0.000000,0.000000,0.0102,0.0000,-0.0000,0.0000,0.0000,-0.0000,0.0917,0.0000,0.0000,0.0000,0.0000,0.0000
17.6620,0.00000,-1.60185,0.01019,1.000000,0.000000,0.000000,0.000000,0.0102,0.0000,-0.0000,-0.0000,0.0000,-0.0000,0.0917,0.0000,0.0000,0.0000,0.0000,0.0000
17.6820,0.00000,-1.60185,0.01019,1.000000,0.000000,0.000000,0.000000,0.0102,0.0000,-0.0000,-0.0000,0.0000,-0.0000,0.0917,0.0000,0.0000,0.0000,0.0000,0.0000
17.7020,0.00000,-1.60185,0.01019,1.000000,0.000000,0.000000,0.000000,0.0102,0.0000,-0.0000,-0.0000,0.0000,-0.0000,0.0917,0.0000,0.0000,0.0000,0.0000,0.0000
17.7220,0.00000,-1.60185,0.01019,1.000000,0.000000,0.000000,0.000000,0.0102,0.0000,-0.0000,0.0000,0.0000,-0.0000,0.0917,0.0000,0.0000,0.0000,0.0000,0.0000
17.7420,0.00000,-1.60185,0.01019,1.000000,0.000000,0.000000,0.000000,0.0102,0.0000,-0.0000,0.0000,0.0000,-0.0000,0.0918,0.0000,0.0000,0.0000,0.0000,0.0000
17.7620,0.00000,-1.60185,0.01019,1.000000,0.000000,-0.000000,0.000000,0.0102,0.0000,0.0000,0.0000,0.0000,-0.0000,0.0918,0.0000,0.0000,0.0000,0.0000,0.0000
17.7820,0.00000,-1.60185,0.01019,1.000000,0.000000,-0.000000,0.000000,0.0102,0.0000,0.0000,-0.0000,0.0000,-0.0000,0.0918,0.0000,0.0000,0.0000,0.0000,0.0000
17.8020,0.00000,-1.60185,0.01019,1.000000,0.000000,-0.000000,0.000000,0.0102,0.0000,0.0000,-0.0000,0.0000,-0.0000,0.0918,0.0000,0.0000,0.0000,0.0000,0.0000
17.8220,0.00000,-1.60185,0.01019,1.000000,0.000000,-0.000000,0.000000,0.0102,0.0000,0.0000,0.0000,0.0000,-0.0000,0.0918,0.0000,0.0000,0.0000,0.0000,0.0000
17.8420,0.00000,-1.60185,0.01019,1.000000,0.000000,-0.000000,0.000000,0.0102,0.0000,0.0000,0.0000,0.0000,-0.0000,0.0919,0.0000,0.0000,0.0000,0.0000,0.0000
17.8620,0.00000,-1.60185,0.01019,1.000000,0.000000,0.000000,0.000000,0.0102,0.0000,-0.0000,-0.0000,0.0000,-0.0000,0.0919,0.0000,0.0000,0.0000,0.0000,0.0000
17.8820,0.00000,-1.60185,0.01019,1.000000,0.000000,0.000000,0.000000,0.0102,0.0000,-0.0000,0.0000,0.0000,-0.0000,0.0919,0.0000,0.0000,0.0000,0.0000,0.0000
17.9020,0.00000,-1.60185,0.01019,1.000000,0.000000,0.000000,0.000000,0.0102,0.0000,-0.0000,0.0000,0.0000,-0.0000,0.0919,0.0000,0.0000,0.0000,0.0000,0.0000
17.9220,0.00000,-1.60185,0.01019,1.000000,0.000000,0.000000,0.000000,0.0102,0.0000,-0.0000,-0.0000,0.0000,-0.0000,0.0919,0.0000,0.0000,0.0000,0.0000,0.0000
17.9420,0.00000,-1.60185,0.01019,1.000000,0.000000,0.000000,0.000000,0.0102,0.0000,-0.0000,0.0000,0.0000,-0.0000,0.0919,0.0000,0.0000,0.0000,0.0000,0.0000
17.9620,0.00000,-1.60185,0.01019,1.000000,0.000000,0.000000,0.000000,0.0102,0.0000,-0.0000,0.0000,0.0000,-0.0000,0.0920,0.0000,0.0000,0.0000,0.0000,0.0000
17.9820,0.00000,-1.60185,0.01019,1.000000,0.000000,0.000000,0.000000,0.0102,0.0000,-0.0000,0.0000,0.0000,-0.0000,0.0920,0.0000,0.0000,0.0000,0.0000,0.0000
18.0020,0.00000,-1.60185,0.01019,1.000000,0.000000,0.000000,0.000000,0.0102,0.0000,-0.0000,-0.0000,0.0000,-0.0000,0.0920,0.0000,0.0000,0.0000,0.0000,0.0000
18.0220,0.00000,-1.60185,0.01019,1.000000,0.000000,0.000000,0.000000,0.0102,0.0000,-0.0000,-0.0000,0.0000,-0.0000,0.0920,0.0000,0.0000,0.0000,0.0000,0.0000
18.0420,0.00000,-1.60185,0.01019,1.000000,0.000000,0.000000,0.000000,0.0102,0.0000,-0.0000,-0.0000,0.0000,-0.0000,0.0920,0.0000,0.0000,0.0000,0.0000,0.0000
18.0620,0.00000,-1.60185,0.01019,1.000000,0.000000,0.000000,0.000000,0.0102,0.0000,-0.0000,-0.0000,0.0000,-0.0000,0.0920,0.0000,0.0000,0.0000,0.0000,0.0000
18.0820,0.00000,-1.60185,0.01019,1.000000,0.000000,0.000000,0.000000,0.0102,0.0000,-0.0000,-0.0000,0.0000,-0.0000,0.0921,0.0000,0.0000,0.0000,0.0000,0.0000
18.1020,0.00000,-1.60185,0.01019,1.000000,0.000000,0.000000,0.000000,0.0102,0.0000,-0.0000,-0.0000,0.0000,-0.0000,0.0921,0.0000,0.0000,0.0000,0.0000,0.0000
18.1220,0.00000,-1.60185,0.01019,1.000000,0.000000,-0.000000,0.000000,0.0102,0.0000,0.0000,-0.0000,0.0000,-0.0000,0.0921,0.0000,0.0000,0.0000,0.0000,0.0000
18.1420,0.00000,-1.60185,0.01019,1.000000,0.000000,-0.000000,0.000000,0.0102,0.0000,0.0000,0.0000,0.0000,-0.0000,0.0921,0.0000,0.0000,0.0000,0.0000,0.0000
18.1620,0.00000,-1.60185,0.01019,1.000000,0.000000,0.000000,0.000000,0.0102,0.0000,-0.0000,-0.0000,0.0000,-0.0000,0.0921,0.0000,0.0000,0.0000,0.0000,0.0000
18.1820,0.00000,-1.60185,0.01019,1.000000,0.000000,-0.000000,0.000000,0.0102,0.0000,0.0000,0.0000,0.0000,-0.0000,0.0921,0.0000,0.0000,0.0000,0.0000,0.0000
18.2020,0.00000,-1.60185,0.01019,1.000000,0.000000,-0.000000,0.000000,0.0102,0.0000,0.0000,0.0000,0.0000,-0.0000,0.0922,0.0000,0.0000,0.0000,0.0000,0.0000
18.2220,0.00000,-1.60185,0.01019,1.000000,0.000000,-0.000000,0.000000,0.0102,0.0000,0.0000,-0.0000,0.0000,-0.0000,0.0922,0.0000,0.0000,0.0000,0.0000,0.0000
18.2420,0.00000,-1.60185,0.01019,1.000000,0.000000,-0.000000,0.000000,0.0102,0.0000,0.0000,-0.0000,0.0000,-0.0000,0.0922,0.0000,0.0000,0.0000,0.0000,0.0000
18.2620,0.00000,-1.60185,0.01019,1.000000,0.000000,-0.000000,0.000000,0.0102,0.0000,0.0000,0.0000,0.0000,-0.0000,0.0922,0.0000,0.0000,0.0000,0.0000,0.0000
18.2820,0.00000,-1.60185,0.01019,1.000000,0.000000,-0.000000,0.000000,0.0102,0.0000,0.0000,-0.0000,0.0000,-0.0000,0.0922,0.0000,0.0000,0.0000,0.0000,0.0000
18.3020,0.00000,-1.60185,0.01019,1.000000,0.000000,-0.000000,0.000000,0.0102,0.0000,0.0000,-0.0000,0.0000,-0.0000,0.0922,0.0000,0.0000,0.0000,0.0000,0.0000
18.3220,0.00000,-1.60185,0.01019,1.000000,0.000000,-0.000000,0.000000,0.0102,0.0000,0.0000,-0.0000,0.0000,-0.0000,0.0923,0.0000,0.0000,0.0000,0.0000,0.0000
18.3420,0.00000,-1.60185,0.01019,1.000000,0.000000,-0.000000,0.000000,0.0102,0.0000,0.0000,-0.0000,0.0000,-0.0000,0.0923,0.0000,0.0000,0.0000,0.0000,0.0000
18.3620,0.00000,-1.60185,0.01019,1.000000,0.000000,-0.000000,0.000000,0.0102,0.0000,0.0000,0.0000,0.0000,-0.0000,0.0923,0.0000,0.0000,0.0000,0.0000,0.0000
18.3820,0.00000,-1.60185,0.01019,1.000000,0.000000,-0.000000,0.000000,0.0102,0.0000,0.0000,0.0000,0.0000,-0.0000,0.0923,0.0000,0.0000,0.0000,0.0000,0.0000
18.4020,0.00000,-1.60185,0.01019,1.000000,0.000000,-0.000000,0.000000,0.0102,0.0000,0.0000,-0.0000,0.0000,-0.0000,0.0923,0.0000,0.0000,0.0000,0.0000,0.0000
18.4220,0.00000,-1.60185,0.01019,1.000000,0.000000,-0.000000,0.000000,0.0102,0.0000,0.0000,0.0000,0.0000,-0.0000,0.0923,0.0000,0.0000,0.0000,0.0000,0.0000
18.4420,0.00000,-1.60185,0.01019,1.000000,0.000000,-0.000000,0.000000,0.0102,0.0000,0.0000,-0.0000,0.0000,-0.0000,0.0924,0.0000,0.0000,0.0000,0.0000,0.0000
18.4620,0.00000,-1.60185,0.01019,1.000000,0.000000,-0.000000,0.000000,0.0102,0.0000,0.0000,0.0000,0.0000,-0.0000,0.0924,0.0000,0.0000,0.0000,0.0000,0.0000
18.4820,0.00000,-1.60185,0.01019,1.000000,0.000000,-0.000000,0.000000,0.0102,0.0000,0.0000,-0.0000,0.0000,-0.0000,0.0924,0.0000,0.0000,0.0000,0.0000,0.0000
18.5020,0.00000,-1.60185,0.01019,1.000000,0.000000,-0.000000,0.000000,0.0102,0.0000,0.0000,0.0000,0.0000,-0.0000,0.0924,0.0000,0.0000,0.0000,0.0000,0.0000
18.5220,0.00000,-1.60185,0.01019,1.000000,0.000000,-0.000000,0.000000,0.0102,0.0000,0.0000,0.0000,0.0000,-0.0000,0.0924,0.0000,0.0000,0.0000,0.0000,0.0000
18.5420,0.00000,-1.60185,0.01019,1.000000,0.000000,-0.000000,0.000000,0.0102,0.0000,0.0000,-0.0000,0.0000,-0.0000,0.0924,0.0000,0.0000,0.0000,0.0000,0.0000
18.5620,0.00000,-1.60185,0.01019,1.000000,0.000000,-0.000000,0.000000,0.0102,0.0000,0.0000,0.0000,0.0000,-0.0000,0.0924,0.0000,0.0000,0.0000,0.0000,0.0000
18.5820,0.00000,-1.60185,0.01019,1.000000,0.000000,-0.000000,0.000000,0.0102,0.0000,0.0000,-0.0000,0.0000,-0.0000,0.0925,0.0000,0.0000,0.0000,0.0000,0.0000
18.6020,0.00000,-1.60185,0.01019,1.000000,0.000000,-0.000000,0.000000,0.0102,0.0000,0.0000,0.0000,0.0000,-0.0000,0.0925,0.0000,0.0000,0.0000,0.0000,0.0000
18.6220,0.00000,-1.60185,0.01019,1.000000,0.000000,-0.000000,0.000000,0.0102,0.0000,0.0000,-0.0000,0.0000,-0.0000,0.0925,0.0000,0.0000,0.0000,0.0000,0.0000
18.6420,0.00000,-1.60185,0.01019,1.000000,0.000000,-0.000000,0.000000,0.0102,0.0000,0.0000,-0.0000,0.0000,-0.0000,0.0925,0.0000,0.0000,0.0000,0.0000,0.0000
18.6620,0.00000,-1.60185,0.01019,1.000000,0.000000,-0.000000,0.000000,0.0102,0.0000,0.0000,-0.0000,0.0000,-0.0000,0.0925,0.0000,0.0000,0.0000,0.0000,0.0000
18.6820,0.00000,-1.60185,0.01019,1.000000,0.000000,-0.000000,0.000000,0.0102,0.0000,0.0000,0.0000,0.0000,-0.0000,0.0925,0.0000,0.0000,0.0000,0.0000,0.0000
18.7020,0.00000,-1.60185,0.01019,1.000000,0.000000,-0.000000,0.000000,0.0102,0.0000,0.0000,0.0000,0.0000,-0.0000,0.0926,0.0000,0.0000,0.0000,0.0000,0.0000
18.7220,0.00000,-1.60185,0.01019,1.000000,0.000000,-0.000000,0.000000,0.0102,0.0000,0.0000,0.0000,0.0000,-0.0000,0.0926,0.0000,0.0000,0.0000,0.0000,0.0000
18.7420,0.00000,-1.60185,0.01019,1.000000,0.000000,-0.000000,0.000000,0.0102,0.0000,0.0000,-0.0000,0.0000,-0.0000,0.0926,0.0000,0.0000,0.0000,0.0000,0.0000
18.7620,0.00000,-1.60185,0.01019,1.000000,0.000000,-0.000000,0.000000,0.0102,0.0000,0.0000,0.0000,0.0000,-0.0000,0.0926,0.0000,0.0000,0.0000,0.0000,0.0000
18.7820,0.00000,-1.60185,0.01019,1.000000,0.000000,-0.000000,0.000000,0.0102,0.0000,0.0000,0.0000,0.0000,-0.0000,0.0926,0.0000,0.0000,0.0000,0.0000,0.0000
18.8020,0.00000,-1.60185,0.01019,1.000000,0.000000,-0.000000,0.000000,0.0102,0.0000,0.0000,0.0000,0.0000,-0.0000,0.0926,0.0000,0.0000,0.0000,0.0000,0.0000
18.8220,0.00000,-1.60185,0.01019,1.000000,0.000000,-0.000000,0.000000,0.0102,0.0000,0.0000,0.0000,0.0000,-0.0000,0.0926,0.0000,0.0000,0.0000,0.0000,0.0000
18.8420,0.00000,-1.60185,0.01019,1.000000,0.000000,-0.000000,0.000000,0.0102,0.0000,0.0000,-0.0000,0.0000,-0.0000,0.0927,0.0000,0.0000,0.0000,0.0000,0.0000
18.8620,0.00000,-1.60185,0.01019,1.000000,0.000000,-0.000000,0.000000,0.0102,0.0000,0.0000,-0.0000,0.0000,-0.0000,0.0927,0.0000,0.0000,0.0000,0.0000,0.0000
18.8820,0.00000,-1.60185,0.01019,1.000000,0.000000,-0.000000,0.000000,0.0102,0.0000,0.0000,0.0000,0.0000,-0.0000,0.0927,0.0000,0.0000,0.0000,0.0000,0.0000
18.9020,0.00000,-1.60185,0.01019,1.000000,0.000000,-0.000000,0.000000,0.0102,0.0000,0.0000,-0.0000,0.0000,-0.0000,0.0927,0.0000,0.0000,0.0000,0.0000,0.0000
18.9220,0.00000,-1.60185,0.01019,1.000000,0.000000,-0.000000,0.000000,0.0102,0.0000,0.0000,0.0000,0.0000,-0.0000,0.0927,0.0000,0.0000,0.0000,0.0000,0.0000
18.9420,0.00000,-1.60185,0.01019,1.000000,0.000000,0.000000,0.000000,0.0102,0.0000,-0.0000,-0.0000,0.0000,-0.0000,0.0927,0.0000,0.0000,0.0000,0.0000,0.0000
18.9620,0.00000,-1.60185,0.01019,1.000000,0.000000,0.000000,0.000000,0.0102,0.0000,-0.0000,-0.0000,0.0000,-0.0000,0.0927,0.0000,0.0000,0.0000,0.0000,0.0000
18.9820,0.00000,-1.60185,0.01019,1.000000,0.000000,0.000000,0.000000,0.0102,0.0000,-0.0000,-0.0000,0.0000,-0.0000,0.0928,0.0000,0.0000,0.0000,0.0000,0.0000
19.0020,0.00000,-1.60185,0.01019,1.000000,0.000000,0.000000,0.000000,0.0102,0.0000,-0.0000,0.0000,0.0000,-0.0000,0.0928,0.0000,0.0000,0.0000,0.0000,0.0000
19.0220,0.00000,-1.60185,0.01019,1.000000,0.000000,0.000000,0.000000,0.0102,0.0000,-0.0000,-0.0000,0.0000,-0.0000,0.0928,0.0000,0.0000,0.0000,0.0000,0.0000
19.0420,0.00000,-1.60185,0.01019,1.000000,0.000000,-0.000000,0.000000,0.0102,0.0000,0.0000,-0.0000,0.0000,-0.0000,0.0928,0.0000,0.0000,0.0000,0.0000,0.0000
19.0620,0.00000,-1.60185,0.01019,1.000000,0.000000,-0.000000,0.000000,0.0102,0.0000,0.0000,0.0000,0.0000,-0.0000,0.0928,0.0000,0.0000,0.0000,0.0000,0.0000
19.0820,0.00000,-1.60185,0.01019,1.000000,0.000000,0.000000,0.000000,0.0102,0.0000,-0.0000,-0.0000,0.0000,-0.0000,0.0928,0.0000,0.0000,0.0000,0.0000,0.0000
19.1020,0.00000,-1.60185,0.01019,1.000000,0.000000,0.000000,0.000000,0.0102,0.0000,-0.0000,-0.0000,0.0000,-0.0000,0.0928,0.0000,0.0000,0.0000,0.0000,0.0000
19.1220,0.00000,-1.60185,0.01019,1.000000,0.000000,-0.000000,0.000000,0.0102,0.0000,0.0000,-0.0000,0.0000,-0.0000,0.0929,0.0000,0.0000,0.0000,0.0000,0.0000
19.1420,0.00000,-1.60185,0.01019,1.000000,0.000000,0.000000,0.000000,0.0102,0.0000,-0.0000,0.0000,0.0000,-0.0000,0.0929,0.0000,0.0000,0.0000,0.0000,0.0000
19.1620,0.00000,-1.60185,0.01019,1.000000,0.000000,0.000000,0.000000,0.0102,0.0000,-0.0000,-0.0000,0.0000,-0.0000,0.0929,0.0000,0.0000,0.0000,0.0000,0.0000
19.1820,0.00000,-1.60185,0.01019,1.000000,0.000000,0.000000,0.000000,0.0102,0.0000,-0.0000,-0.0000,0.0000,-0.0000,0.0929,0.0000,0.0000,0.0000,0.0000,0.0000
19.2020,0.00000,-1.60185,0.01019,1.000000,0.000000,0.000000,0.000000,0.0102,0.0000,-0.0000,0.0000,0.0000,-0.0000,0.0929,0.0000,0.0000,0.0000,0.0000,0.0000
19.2220,0.00000,-1.60185,0.01019,1.000000,0.000000,0.000000,0.000000,0.0102,0.0000,-0.0000,-0.0000,0.0000,-0.0000,0.0929,0.0000,0.0000,0.0000,0.0000,0.0000
19.2420,0.00000,-1.60185,0.01019,1.000000,0.000000,0.000000,0.000000,0.0102,0.0000,-0.0000,0.0000,0.0000,-0.0000,0.0929,0.0000,0.0000,0.0000,0.0000,0.0000
19.2620,0.00000,-1.60185,0.01019,1.000000,0.000000,0.000000,0.000000,0.0102,0.0000,-0.0000,-0.0000,0.0000,-0.0000,0.0930,0.0000,0.0000,0.0000,0.0000,0.0000
19.2820,0.00000,-1.60185,0.01019,1.000000,0.000000,0.000000,0.000000,0.0102,0.0000,-0.0000,0.0000,0.0000,-0.0000,0.0930,0.0000,0.0000,0.0000,0.0000,0.0000
19.3020,0.00000,-1.60185,0.01019,1.000000,0.000000,0.000000,0.000000,0.0102,0.0000,-0.0000,0.0000,0.0000,-0.0000,0.0930,0.0000,0.0000,0.0000,0.0000,0.0000
19.3220,0.00000,-1.60185,0.01019,1.000000,0.000000,-0.000000,0.000000,0.0102,0.0000,0.0000,0.0000,0.0000,-0.0000,0.0930,0.0000,0.0000,0.0000,0.0000,0.0000
19.3420,0.00000,-1.60185,0.01019,1.000000,0.000000,0.000000,0.000000,0.0102,0.0000,-0.0000,-0.0000,0.0000,-0.0000,0.0930,0.0000,0.0000,0.0000,0.0000,0.0000
19.3620,0.00000,-1.60185,0.01019,1.000000,0.000000,0.000000,0.000000,0.0102,0.0000,-0.0000,-0.0000,0.0000,-0.0000,0.0930,0.0000,0.0000,0.0000,0.0000,0.0000
19.3820,0.00000,-1.60185,0.01019,1.000000,0.000000,-0.000000,0.000000,0.0102,0.0000,0.0000,0.0000,0.0000,-0.0000,0.0930,0.0000,0.0000,0.0000,0.0000,0.0000
19.4020,0.00000,-1.60185,0.01019,1.000000,0.000000,-0.000000,0.000000,0.0102,0.0000,0.0000,-0.0000,0.0000,-0.0000,0.0930,0.0000,0.0000,0.0000,0.0000,0.0000
19.4220,0.00000,-1.60185,0.01019,1.000000,0.000000,-0.000000,0.000000,0.0102,0.0000,0.0000,-0.0000,0.0000,-0.0000,0.0931,0.0000,0.0000,0.0000,0.0000,0.0000
19.4420,0.00000,-1.60185,0.01019,1.000000,0.000000,-0.000000,0.000000,0.0102,0.0000,0.0000,-0.0000,0.0000,-0.0000,0.0931,0.0000,0.0000,0.0000,0.0000,0.0000
19.4620,0.00000,-1.60185,0.01019,1.000000,0.000000,-0.000000,0.000000,0.0102,0.0000,0.0000,-0.0000,0.0000,-0.0000,0.0931,0.0000,0.0000,0.0000,0.0000,0.0000
19.4820,0.00000,-1.60185,0.01019,1.000000,0.000000,-0.000000,0.000000,0.0102,0.0000,0.0000,0.0000,0.0000,-0.0000,0.0931,0.0000,0.0000,0.0000,0.0000,0.0000
19.5020,0.00000,-1.60185,0.01019,1.000000,0.000000,-0.000000,0.000000,0.0102,0.0000,0.0000,0.0000,0.0000,-0.0000,0.0931,0.0000,0.0000,0.0000,0.0000,0.0000
19.5220,0.00000,-1.60185,0.01019,1.000000,0.000000,-0.000000,0.000000,0.0102,0.0000,0.0000,-0.0000,0.0000,-0.0000,0.0931,0.0000,0.0000,0.0000,0.0000,0.0000
19.5420,0.00000,-1.60185,0.01019,1.000000,0.000000,-0.000000,0.000000,0.0102,0.0000,0.0000,-0.0000,0.0000,-0.0000,0.0931,0.0000,0.0000,0.0000,0.0000,0.0000
19.5620,0.00000,-1.60185,0.01019,1.000000,0.000000,-0.000000,0.000000,0.0102,0.0000,0.0000,-0.0000,0.0000,-0.0000,0.0931,0.0000,0.0000,0.0000,0.0000,0.0000
19.5820,0.00000,-1.60185,0.01019,1.000000,0.000000,-0.000000,0.000000,0.0102,0.0000,0.0000,0.0000,0.0000,-0.0000,0.0932,0.0000,0.0000,0.0000,0.0000,0.0000
19.6020,0.00000,-1.60185,0.01019,1.000000,0.000000,-0.000000,0.000000,0.0102,0.0000,0.0000,-0.0000,0.0000,-0.0000,0.0932,0.0000,0.0000,0.0000,0.0000,0.0000
19.6220,0.00000,-1.60185,0.01019,1.000000,0.000000,-0.000000,0.000000,0.0102,0.0000,0.0000,-0.0000,0.0000,-0.0000,0.0932,0.0000,0.0000,0.0000,0.0000,0.0000
19.6420,0.00000,-1.60185,0.01019,1.000000,0.000000,-0.000000,0.000000,0.0102,0.0000,0.0000,-0.0000,0.0000,-0.0000,0.0932,0.0000,0.0000,0.0000,0.0000,0.0000
19.6620,0.00000,-1.60185,0.01019,1.000000,0.000000,-0.000000,0.000000,0.0102,0.0000,0.0000,0.0000,0.0000,-0.0000,0.0932,0.0000,0.0000,0.0000,0.0000,0.0000
19.6820,0.00000,-1.60185,0.01019,1.000000,0.000000,-0.000000,0.000000,0.0102,0.0000,0.0000,0.0000,0.0000,-0.0000,0.0932,0.0000,0.0000,0.0000,0.0000,0.0000
19.7020,0.00000,-1.60185,0.01019,1.000000,0.000000,-0.000000,0.000000,0.0102,0.0000,0.0000,0.0000,0.0000,-0.0000,0.0932,0.0000,0.0000,0.0000,0.0000,0.0000
19.7220,0.00000,-1.60185,0.01019,1.000000,0.000000,-0.000000,0.000000,0.0102,0.0000,0.0000,-0.0000,0.0000,-0.0000,0.0932,0.0000,0.0000,0.0000,0.0000,0.0000
19.7420,0.00000,-1.60185,0.01019,1.000000,0.000000,-0.000000,0.000000,0.0102,0.0000,0.0000,-0.0000,0.0000,-0.0000,0.0933,0.0000,0.0000,0.0000,0.0000,0.0000
19.7620,0.00000,-1.60185,0.01019,1.000000,0.000000,-0.000000,0.000000,0.0102,0.0000,0.0000,-0.0000,0.0000,-0.0000,0.0933,0.0000,0.0000,0.0000,0.0000,0.0000
19.7820,0.00000,-1.60185,0.01019,1.000000,0.000000,-0.000000,0.000000,0.0102,0.0000,0.0000,-0.0000,0.0000,-0.0000,0.0933,0.0000,0.0000,0.0000,0.0000,0.0000
19.8020,0.00000,-1.60185,0.01019,1.000000,0.000000,-0.000000,0.000000,0.0102,0.0000,0.0000,-0.0000,0.0000,-0.0000,0.0933,0.0000,0.0000,0.0000,0.0000,0.0000
19.8220,0.00000,-1.60185,0.01019,1.000000,0.000000,-0.000000,0.000000,0.0102,0.0000,0.0000,0.0000,0.0000,-0.0000,0.0933,0.0000,0.0000,0.0000,0.0000,0.0000
19.8420,0.00000,-1.60185,0.01019,1.000000,0.000000,-0.000000,0.000000,0.0102,0.0000,0.0000,0.0000,0.0000,-0.0000,0.0933,0.0000,0.0000,0.0000,0.0000,0.0000
19.8620,0.00000,-1.60185,0.01019,1.000000,0.000000,0.000000,0.000000,0.0102,0.0000,-0.0000,0.0000,0.0000,-0.0000,0.0933,0.0000,0.0000,0.0000,0.0000,0.0000
19.8820,0.00000,-1.60185,0.01019,1.000000,0.000000,0.000000,0.000000,0.0102,0.0000,-0.0000,-0.0000,0.0000,-0.0000,0.0933,0.0000,0.0000,0.0000,0.0000,0.0000
19.9020,0.00000,-1.60185,0.01019,1.000000,0.000000,0.000000,0.000000,0.0102,0.0000,-0.0000,0.0000,0.0000,-0.0000,0.0934,0.0000,0.0000,0.0000,0.0000,0.0000
19.9220,0.00000,-1.60185,0.01019,1.000000,0.000000,-0.000000,0.000000,0.0102,0.0000,0.0000,-0.0000,0.0000,-0.0000,0.0934,0.0000,0.0000,0.0000,0.0000,0.0000
19.9420,0.00000,-1.60185,0.01019,1.000000,0.000000,-0.000000,0.000000,0.0102,0.0000,0.0000,-0.0000,0.0000,-0.0000,0.0934,0.0000,0.0000,0.0000,0.0000,0.0000
19.9620,0.00000,-1.60185,0.01019,1.000000,0.000000,-0.000000,0.000000,0.0102,0.0000,0.0000,0.0000,0.0000,-0.0000,0.0934,0.0000,0.0000,0.0000,0.0000,0.0000
19.9820,0.00000,-1.60185,0.01019,1.000000,0.000000,0.000000,0.000000,0.0102,0.0000,-0.0000,0.0000,0.0000,-0.0000,0.0934,0.0000,0.0000,0.0000,0.0000,0.0000
20.0020,0.00000,-1.60185,0.01019,1.000000,0.000000,0.000000,0.000000,0.0102,0.0000,-0.0000,0.0000,0.0000,-0.0000,0.0934,0.0000,0.0000,0.0000,0.0000,0.0000
20.0220,0.00000,-1.60185,0.01019,1.000000,0.000000,0.000000,0.000000,0.0102,0.0000,-0.0000,0.0000,0.0000,-0.0000,0.0934,0.0000,0.0000,0.0000,0.0000,0.0000
20.0420,0.00000,-1.60185,0.01019,1.000000,0.000000,0.000000,0.000000,0.0102,0.0000,-0.0000,-0.0000,0.0000,-0.0000,0.0934,0.0000,0.0000,0.0000,0.0000,0.0000
20.0620,0.00000,-1.60185,0.01019,1.000000,0.000000,-0.000000,0.000000,0.0102,0.0000,0.0000,-0.0000,0.0000,-0.0000,0.0935,0.0000,0.0000,0.0000,0.0000,0.0000
20.0820,0.00000,-1.60185,0.01019,1.000000,0.000000,-0.000000,0.000000,0.0102,0.0000,0.0000,-0.0000,0.0000,-0.0000,0.0935,0.0000,0.0000,0.0000,0.0000,0.0000
20.1020,0.00000,-1.60185,0.01019,1.000000,0.000000,-0.000000,0.000000,0.0102,0.0000,0.0000,0.0000,0.0000,-0.0000,0.0935,0.0000,0.0000,0.0000,0.0000,0.0000
20.1220,0.00000,-1.60185,0.01019,1.000000,0.000000,-0.000000,0.000000,0.0102,0.0000,0.0000,0.0000,0.0000,-0.0000,0.0935,0.0000,0.0000,0.0000,0.0000,0.0000
20.1420,0.00000,-1.60185,0.01019,1.000000,0.000000,-0.000000,0.000000,0.0102,0.0000,0.0000,0.0000,0.0000,-0.0000,0.0935,0.0000,0.0000,0.0000,0.0000,0.0000
20.1620,0.00000,-1.60185,0.01019,1.000000,0.000000,-0.000000,0.000000,0.0102,0.0000,0.0000,0.0000,0.0000,-0.0000,0.0935,0.0000,0.0000,0.0000,0.0000,0.0000
20.1820,0.00000,-1.60185,0.01019,1.000000,0.000000,0.000000,0.000000,0.0102,0.0000,-0.0000,-0.0000,0.0000,-0.0000,0.0935,0.0000,0.0000,0.0000,0.0000,0.0000
20.2020,0.00000,-1.60185,0.01019,1.000000,0.000000,-0.000000,0.000000,0.0102,0.0000,-0.0000,0.0000,0.0000,-0.0000,0.0935,0.0000,0.0000,0.0000,0.0000,0.0000
20.2220,0.00000,-1.60185,0.01019,1.000000,0.000000,-0.000000,0.000000,0.0102,0.0000,0.0000,0.0000,0.0000,-0.0000,0.0935,0.0000,0.0000,0.0000,0.0000,0.0000
20.2420,0.00000,-1.60185,0.01019,1.000000,0.000000,-0.000000,0.000000,0.0102,0.0000,0.0000,-0.0000,0.0000,-0.0000,0.0936,0.0000,0.0000,0.0000,0.0000,0.0000
20.2620,0.00000,-1.60185,0.01019,1.000000,0.000000,-0.000000,0.000000,0.0102,0.0000,0.0000,-0.0000,0.0000,-0.0000,0.0936,0.0000,0.0000,0.0000,0.0000,0.0000
20.2820,0.00000,-1.60185,0.01019,1.000000,0.000000,-0.000000,0.000000,0.0102,0.0000,0.0000,-0.0000,0.0000,-0.0000,0.0936,0.0000,0.0000,0.0000,0.0000,0.0000
20.3020,0.00000,-1.60185,0.01019,1.000000,0.000000,0.000000,0.000000,0.0102,0.0000,-0.0000,0.0000,0.0000,-0.0000,0.0936,0.0000,0.0000,0.0000,0.0000,0.0000
20.3220,0.00000,-1.60185,0.01019,1.000000,0.000000,-0.000000,0.000000,0.0102,0.0000,0.0000,-0.0000,0.0000,-0.0000,0.0936,0.0000,0.0000,0.0000,0.0000,0.0000
20.3420,0.00000,-1.60185,0.01019,1.000000,0.000000,0.000000,0.000000,0.0102,0.0000,-0.0000,0.0000,0.0000,-0.0000,0.0936,0.0000,0.0000,0.0000,0.0000,0.0000
20.3620,0.00000,-1.60185,0.01019,1.000000,0.000000,0.000000,0.000000,0.0102,0.0000,-0.0000,0.0000,0.0000,-0.0000,0.0936,0.0000,0.0000,0.0000,0.0000,0.0000
20.3820,0.00000,-1.60185,0.01019,1.000000,0.000000,0.000000,0.000000,0.0102,0.0000,-0.0000,-0.0000,0.0000,-0.0000,0.0936,0.0000,0.0000,0.0000,0.0000,0.0000
20.4020,0.00000,-1.60185,0.01019,1.000000,0.000000,0.000000,0.000000,0.0102,0.0000,-0.0000,0.0000,0.0000,-0.0000,0.0936,0.0000,0.0000,0.0000,0.0000,0.0000
20.4220,0.00000,-1.60185,0.01019,1.000000,0.000000,0.000000,0.000000,0.0102,0.0000,-0.0000,-0.0000,0.0000,-0.0000,0.0937,0.0000,0.0000,0.0000,0.0000,0.0000
20.4420,0.00000,-1.60185,0.01019,1.000000,0.000000,0.000000,0.000000,0.0102,0.0000,-0.0000,0.0000,0.0000,-0.0000,0.0937,0.0000,0.0000,0.0000,0.0000,0.0000
20.4620,0.00000,-1.60185,0.01019,1.000000,0.000000,0.000000,0.000000,0.0102,0.0000,-0.0000,0.0000,0.0000,-0.0000,0.0937,0.0000,0.0000,0.0000,0.0000,0.0000
20.4820,0.00000,-1.60185,0.01019,1.000000,0.000000,0.000000,0.000000,0.0102,0.0000,-0.0000,0.0000,0.0000,-0.0000,0.0937,0.0000,0.0000,0.0000,0.0000,0.0000
20.5020,0.00000,-1.60185,0.01019,1.000000,0.000000,0.000000,0.000000,0.0102,0.0000,-0.0000,-0.0000,0.0000,-0.0000,0.0937,0.0000,0.0000,0.0000,0.0000,0.0000
20.5220,0.00000,-1.60185,0.01019,1.000000,0.000000,0.000000,0.000000,0.0102,0.0000,-0.0000,0.0000,0.0000,-0.0000,0.0937,0.0000,0.0000,0.0000,0.0000,0.0000
20.5420,0.00000,-1.60185,0.01019,1.000000,0.000000,0.000000,0.000000,0.0102,0.0000,-0.0000,0.0000,0.0000,-0.0000,0.0937,0.0000,0.0000,0.0000,0.0000,0.0000
20.5620,0.00000,-1.60185,0.01019,1.000000,0.000000,0.000000,0.000000,0.0102,0.0000,-0.0000,-0.0000,0.0000,-0.0000,0.0937,0.0000,0.0000,0.0000,0.0000,0.0000
20.5820,0.00000,-1.60185,0.01019,1.000000,0.000000,0.000000,0.000000,0.0102,0.0000,-0.0000,-0.0000,0.0000,-0.0000,0.0937,0.0000,0.0000,0.0000,0.0000,0.0000
20.6020,0.00000,-1.60185,0.01019,1.000000,0.000000,0.000000,0.000000,0.0102,0.0000,-0.0000,-0.0000,0.0000,-0.0000,0.0938,0.0000,0.0000,0.0000,0.0000,0.0000
20.6220,0.00000,-1.60185,0.01019,1.000000,0.000000,0.000000,0.000000,0.0102,0.0000,-0.0000,-0.0000,0.0000,-0.0000,0.0938,0.0000,0.0000,0.0000,0.0000,0.0000
20.6420,0.00000,-1.60185,0.01019,1.000000,0.000000,0.000000,0.000000,0.0102,0.0000,-0.0000,0.0000,0.0000,-0.0000,0.0938,0.0000,0.0000,0.0000,0.0000,0.0000
20.6620,0.00000,-1.60185,0.01019,1.000000,0.000000,0.000000,0.000000,0.0102,0.0000,-0.0000,0.0000,0.0000,-0.0000,0.0938,0.0000,0.0000,0.0000,0.0000,0.0000
20.6820,0.00000,-1.60185,0.01019,1.000000,0.000000,-0.000000,0.000000,0.0102,0.0000,0.0000,0.0000,0.0000,-0.0000,0.0938,0.0000,0.0000,0.0000,0.0000,0.0000
20.7020,0.00000,-1.60185,0.01019,1.000000,0.000000,-0.000000,0.000000,0.0102,0.0000,0.0000,-0.0000,0.0000,-0.0000,0.0938,0.0000,0.0000,0.0000,0.0000,0.0000
20.7220,0.00000,-1.60185,0.01019,1.000000,0.000000,-0.000000,0.000000,0.0102,0.0000,0.0000,0.0000,0.0000,-0.0000,0.0938,0.0000,0.0000,0.0000,0.0000,0.0000
20.7420,0.00000,-1.60185,0.01019,1.000000,0.000000,-0.000000,0.000000,0.0102,0.0000,0.0000,0.0000,0.0000,-0.0000,0.0938,0.0000,0.0000,0.0000,0.0000,0.0000
20.7620,0.00000,-1.60185,0.01019,1.000000,0.000000,-0.000000,0.000000,0.0102,0.0000,0.0000,-0.0000,0.0000,-0.0000,0.0938,0.0000,0.0000,0.0000,0.0000,0.0000
20.7820,0.00000,-1.60185,0.01019,1.000000,0.000000,-0.000000,0.000000,0.0102,0.0000,0.0000,0.0000,0.0000,-0.0000,0.0939,0.0000,0.0000,0.0000,0.0000,0.0000
20.8020,0.00000,-1.60185,0.01019,1.000000,0.000000,-0.000000,0.000000,0.0102,0.0000,0.0000,0.0000,0.0000,-0.0000,0.0939,0.0000,0.0000,0.0000,0.0000,0.0000
20.8220,0.00000,-1.60185,0.01019,1.000000,0.000000,-0.000000,0.000000,0.0102,0.0000,0.0000,-0.0000,0.0000,-0.0000,0.0939,0.0000,0.0000,0.0000,0.0000,0.0000
20.8420,0.00000,-1.60185,0.01019,1.000000,0.000000,-0.000000,0.000000,0.0102,0.0000,0.0000,0.0000,0.0000,-0.0000,0.0939,0.0000,0.0000,0.0000,0.0000,0.0000
20.8620,0.00000,-1.60185,0.01019,1.000000,0.000000,-0.000000,0.000000,0.0102,0.0000,0.0000,0.0000,0.0000,-0.0000,0.0939,0.0000,0.0000,0.0000,0.0000,0.0000
20.8820,0.00000,-1.60185,0.01019,1.000000,0.000000,-0.000000,0.000000,0.0102,0.0000,0.0000,-0.0000,0.0000,-0.0000,0.0939,0.0000,0.0000,0.0000,0.0000,0.0000
20.9020,0.00000,-1.60185,0.01019,1.000000,0.000000,-0.000000,0.000000,0.0102,0.0000,0.0000,0.0000,0.0000,-0.0000,0.0939,0.0000,0.0000,0.0000,0.0000,0.0000
20.9220,0.00000,-1.60185,0.01019,1.000000,0.000000,-0.000000,0.000000,0.0102,0.0000,0.0000,0.0000,0.0000,-0.0000,0.0939,0.0000,0.0000,0.0000,0.0000,0.0000
20.9420,0.00000,-1.60185,0.01019,1.000000,0.000000,-0.000000,0.000000,0.0102,0.0000,0.0000,-0.0000,0.0000,-0.0000,0.0939,0.0000,0.0000,0.0000,0.0000,0.0000
20.9620,0.00000,-1.60185,0.01019,1.000000,0.000000,-0.000000,0.000000,0.0102,0.0000,0.0000,-0.0000,0.0000,-0.0000,0.0939,0.0000,0.0000,0.0000,0.0000,0.0000
20.9820,0.00000,-1.60185,0.01019,1.000000,0.000000,-0.000000,0.000000,0.0102,0.0000,0.0000,0.0000,0.0000,-0.0000,0.0940,0.0000,0.0000,0.0000,0.0000,0.0000
21.0020,0.00000,-1.60185,0.01019,1.000000,0.000000,-0.000000,0.000000,0.0102,0.0000,0.0000,0.0000,0.0000,-0.0000,0.0940,0.0000,0.0000,0.0000,0.0000,0.0000
21.0220,0.00000,-1.60185,0.01019,1.000000,0.000000,-0.000000,0.000000,0.0102,0.0000,0.0000,-0.0000,0.0000,-0.0000,0.0940,0.0000,0.0000,0.0000,0.0000,0.0000
21.0420,0.00000,-1.60185,0.01019,1.000000,0.000000,-0.000000,0.000000,0.0102,0.0000,0.0000,0.0000,0.0000,-0.0000,0.0940,0.0000,0.0000,0.0000,0.0000,0.0000
21.0620,0.00000,-1.60185,0.01019,1.000000,0.000000,-0.000000,0.000000,0.0102,0.0000,0.0000,-0.0000,0.0000,-0.0000,0.0940,0.0000,0.0000,0.0000,0.0000,0.0000
21.0820,0.00000,-1.60185,0.01019,1.000000,0.000000,-0.000000,0.000000,0.0102,0.0000,0.0000,-0.0000,0.0000,-0.0000,0.0940,0.0000,0.0000,0.0000,0.0000,0.0000
21.1020,0.00000,-1.60185,0.01019,1.000000,0.000000,-0.000000,0.000000,0.0102,0.0000,0.0000,-0.0000,0.0000,-0.0000,0.0940,0.0000,0.0000,0.0000,0.0000,0.0000
21.1220,0.00000,-1.60185,0.01019,1.000000,0.000000,-0.000000,0.000000,0.0102,0.0000,0.0000,0.0000,0.0000,-0.0000,0.0940,0.0000,0.0000,0.0000,0.0000,0.0000
21.1420,0.00000,-1.60185,0.01019,1.000000,0.000000,-0.000000,0.000000,0.0102,0.0000,0.0000,-0.0000,0.0000,-0.0000,0.0940,0.0000,0.0000,0.0000,0.0000,0.0000
21.1620,0.00000,-1.60185,0.01019,1.000000,0.000000,-0.000000,0.000000,0.0102,0.0000,0.0000,-0.0000,0.0000,-0.0000,0.0940,0.0000,0.0000,0.0000,0.0000,0.0000
21.1820,0.00000,-1.60185,0.01019,1.000000,0.000000,-0.000000,0.000000,0.0102,0.0000,0.0000,0.0000,0.0000,-0.0000,0.0941,0.0000,0.0000,0.0000,0.0000,0.0000
21.2020,0.00000,-1.60185,0.01019,1.000000,0.000000,-0.000000,0.000000,0.0102,0.0000,0.0000,-0.0000,0.0000,-0.0000,0.0941,0.0000,0.0000,0.0000,0.0000,0.0000
21.2220,0.00000,-1.60185,0.01019,1.000000,0.000000,-0.000000,0.000000,0.0102,0.0000,0.0000,0.0000,0.0000,-0.0000,0.0941,0.0000,0.0000,0.0000,0.0000,0.0000
21.2420,0.00000,-1.60185,0.01019,1.000000,0.000000,-0.000000,0.000000,0.0102,0.0000,0.0000,-0.0000,0.0000,-0.0000,0.0941,0.0000,0.0000,0.0000,0.0000,0.0000
21.2620,0.00000,-1.60185,0.01019,1.000000,0.000000,-0.000000,0.000000,0.0102,0.0000,0.0000,0.0000,0.0000,-0.0000,0.0941,0.0000,0.0000,0.0000,0.0000,0.0000
21.2820,0.00000,-1.60185,0.01019,1.000000,0.000000,0.000000,0.000000,0.0102,0.0000,-0.0000,-0.0000,0.0000,-0.0000,0.0941,0.0000,0.0000,0.0000,0.0000,0.0000
21.3020,0.00000,-1.60185,0.01019,1.000000,0.000000,-0.000000,0.000000,0.0102,0.0000,0.0000,0.0000,0.0000,-0.0000,0.0941,0.0000,0.0000,0.0000,0.0000,0.0000
21.3220,0.00000,-1.60185,0.01019,1.000000,0.000000,0.000000,0.000000,0.0102,0.0000,-0.0000,0.0000,0.0000,-0.0000,0.0941,0.0000,0.0000,0.0000,0.0000,0.0000
21.3420,0.00000,-1.60185,0.01019,1.000000,0.000000,0.000000,0.000000,0.0102,0.0000,-0.0000,0.0000,0.0000,-0.0000,0.0941,0.0000,0.0000,0.0000,0.0000,0.0000
21.3620,0.00000,-1.60185,0.01019,1.000000,0.000000,0.000000,0.000000,0.0102,0.0000,-0.0000,-0.0000,0.0000,-0.0000,0.0941,0.0000,0.0000,0.0000,0.0000,0.0000
21.3820,0.00000,-1.60185,0.01019,1.000000,0.000000,-0.000000,0.000000,0.0102,0.0000,0.0000,0.0000,0.0000,-0.0000,0.0941,0.0000,0.0000,0.0000,0.0000,0.0000
21.4020,0.00000,-1.60185,0.01019,1.000000,0.000000,-0.000000,0.000000,0.0102,0.0000,0.0000,-0.0000,0.0000,-0.0000,0.0942,0.0000,0.0000,0.0000,0.0000,0.0000
21.4220,0.00000,-1.60185,0.01019,1.000000,0.000000,-0.000000,0.000000,0.0102,0.0000,0.0000,-0.0000,0.0000,-0.0000,0.0942,0.0000,0.0000,0.0000,0.0000,0.0000
21.4420,0.00000,-1.60185,0.01019,1.000000,0.000000,-0.000000,0.000000,0.0102,0.0000,0.0000,-0.0000,0.0000,-0.0000,0.0942,0.0000,0.0000,0.0000,0.0000,0.0000
21.4620,0.00000,-1.60185,0.01019,1.000000,0.000000,-0.000000,0.000000,0.0102,0.0000,0.0000,0.0000,0.0000,-0.0000,0.0942,0.0000,0.0000,0.0000,0.0000,0.0000
21.4820,0.00000,-1.60185,0.01019,1.000000,0.000000,-0.000000,0.000000,0.0102,0.0000,0.0000,0.0000,0.0000,-0.0000,0.0942,0.0000,0.0000,0.0000,0.0000,0.0000
21.5020,0.00000,-1.60185,0.01019,1.000000,0.000000,-0.000000,0.000000,0.0102,0.0000,0.0000,0.0000,0.0000,-0.0000,0.0942,0.0000,0.0000,0.0000,0.0000,0.0000
21.5220,0.00000,-1.60185,0.01019,1.000000,0.000000,0.000000,0.000000,0.0102,0.0000,-0.0000,0.0000,0.0000,-0.0000,0.0942,0.0000,0.0000,0.0000,0.0000,0.0000
21.5420,0.00000,-1.60185,0.01019,1.000000,0.000000,-0.000000,0.000000,0.0102,0.0000,0.0000,0.0000,0.0000,-0.0000,0.0942,0.0000,0.0000,0.0000,0.0000,0.0000
21.5620,0.00000,-1.60185,0.01019,1.000000,0.000000,-0.000000,0.000000,0.0102,0.0000,0.0000,0.0000,0.0000,-0.0000,0.0942,0.0000,0.0000,0.0000,0.0000,0.0000
21.5820,0.00000,-1.60185,0.01019,1.000000,0.000000,-0.000000,0.000000,0.0102,0.0000,0.0000,0.0000,0.0000,-0.0000,0.0942,0.0000,0.0000,0.0000,0.0000,0.0000
21.6020,0.00000,-1.60185,0.01019,1.000000,0.000000,-0.000000,0.000000,0.0102,0.0000,0.0000,0.0000,0.0000,-0.0000,0.0943,0.0000,0.0000,0.0000,0.0000,0.0000
21.6220,0.00000,-1.60185,0.01019,1.000000,0.000000,-0.000000,0.000000,0.0102,0.0000,0.0000,0.0000,0.0000,-0.0000,0.0943,0.0000,0.0000,0.0000,0.0000,0.0000
21.6420,0.00000,-1.60185,0.01019,1.000000,0.000000,-0.000000,0.000000,0.0102,0.0000,0.0000,0.0000,0.0000,-0.0000,0.0943,0.0000,0.0000,0.0000,0.0000,0.0000
21.6620,0.00000,-1.60185,0.01019,1.000000,0.000000,-0.000000,0.000000,0.0102,0.0000,0.0000,-0.0000,0.0000,-0.0000,0.0943,0.0000,0.0000,0.0000,0.0000,0.0000
21.6820,0.00000,-1.60185,0.01019,1.000000,0.000000,-0.000000,0.000000,0.0102,0.0000,0.0000,0.0000,0.0000,-0.0000,0.0943,0.0000,0.0000,0.0000,0.0000,0.0000
21.7020,0.00000,-1.60185,0.01019,1.000000,0.000000,-0.000000,0.000000,0.0102,0.0000,0.0000,-0.0000,0.0000,-0.0000,0.0943,0.0000,0.0000,0.0000,0.0000,0.0000
21.7220,0.00000,-1.60185,0.01019,1.000000,0.000000,-0.000000,0.000000,0.0102,0.0000,0.0000,0.0000,0.0000,-0.0000,0.0943,0.0000,0.0000,0.0000,0.0000,0.0000
21.7420,0.00000,-1.60185,0.01019,1.000000,0.000000,-0.000000,0.000000,0.0102,0.0000,0.0000,0.0000,0.0000,-0.0000,0.0943,0.0000,0.0000,0.0000,0.0000,0.0000
21.7620,0.00000,-1.60185,0.01019,1.000000,0.000000,-0.000000,0.000000,0.0102,0.0000,0.0000,-0.0000,0.0000,-0.0000,0.0943,0.0000,0.0000,0.0000,0.0000,0.0000
21.7820,0.00000,-1.60185,0.01019,1.000000,0.000000,0.000000,0.000000,0.0102,0.0000,-0.0000,-0.0000,0.0000,-0.0000,0.0943,0.0000,0.0000,0.0000,0.0000,0.0000
21.8020,0.00000,-1.60185,0.01019,1.000000,0.000000,0.000000,0.000000,0.0102,0.0000,-0.0000,0.0000,0.0000,-0.0000,0.0943,0.0000,0.0000,0.0000,0.0000,0.0000
21.8220,0.00000,-1.60185,0.01019,1.000000,0.000000,-0.000000,0.000000,0.0102,0.0000,0.0000,-0.0000,0.0000,-0.0000,0.0943,0.0000,0.0000,0.0000,0.0000,0.0000
21.8420,0.00000,-1.60185,0.01019,1.000000,0.000000,-0.000000,0.000000,0.0102,0.0000,0.0000,0.0000,0.0000,-0.0000,0.0944,0.0000,0.0000,0.0000,0.0000,0.0000
21.8620,0.00000,-1.60185,0.01019,1.000000,0.000000,0.000000,0.000000,0.0102,0.0000,-0.0000,-0.0000,0.0000,-0.0000,0.0944,0.0000,0.0000,0.0000,0.0000,0.0000
21.8820,0.00000,-1.60185,0.01019,1.000000,0.000000,0.000000,0.000000,0.0102,0.0000,-0.0000,-0.0000,0.0000,-0.0000,0.0944,0.0000,0.0000,0.0000,0.0000,0.0000
21.9020,0.00000,-1.60185,0.01019,1.000000,0.000000,0.000000,0.000000,0.0102,0.0000,-0.0000,0.0000,0.0000,-0.0000,0.0944,0.0000,0.0000,0.0000,0.0000,0.0000
21.9220,0.00000,-1.60185,0.01019,1.000000,0.000000,0.000000,0.000000,0.0102,0.0000,-0.0000,-0.0000,0.0000,-0.0000,0.0944,0.0000,0.0000,0.0000,0.0000,0.0000
21.9420,0.00000,-1.60185,0.01019,1.000000,0.000000,0.000000,0.000000,0.0102,0.0000,-0.0000,0.0000,0.0000,-0.0000,0.0944,0.0000,0.0000,0.0000,0.0000,0.0000
21.9620,0.00000,-1.60185,0.01019,1.000000,0.000000,0.000000,0.000000,0.0102,0.0000,-0.0000,0.0000,0.0000,-0.0000,0.0944,0.0000,0.0000,0.0000,0.0000,0.0000
21.9820,0.00000,-1.60185,0.01019,1.000000,0.000000,0.000000,0.000000,0.0102,0.0000,-0.0000,-0.0000,0.0000,-0.0000,0.0944,0.0000,0.0000,0.0000,0.0000,0.0000
22.0020,0.00000,-1.60185,0.01019,1.000000,0.000000,0.000000,0.000000,0.0102,0.0000,-0.0000,0.0000,0.0000,-0.0000,0.0944,0.0000,0.0000,0.0000,0.0000,0.0000
22.0220,0.00000,-1.60185,0.01019,1.000000,0.000000,0.000000,0.000000,0.0102,0.0000,-0.0000,0.0000,0.0000,-0.0000,0.0944,0.0000,0.0000,0.0000,0.0000,0.0000
22.0420,0.00000,-1.60185,0.01019,1.000000,0.000000,0.000000,0.000000,0.0102,0.0000,-0.0000,-0.0000,0.0000,-0.0000,0.0944,0.0000,0.0000,0.0000,0.0000,0.0000
22.0620,0.00000,-1.60185,0.01019,1.000000,0.000000,0.000000,0.000000,0.0102,0.0000,-0.0000,-0.0000,0.0000,-0.0000,0.0945,0.0000,0.0000,0.0000,0.0000,0.0000
22.0820,0.00000,-1.60185,0.01019,1.000000,0.000000,0.000000,0.000000,0.0102,0.0000,-0.0000,0.0000,0.0000,-0.0000,0.0945,0.0000,0.0000,0.0000,0.0000,0.0000
22.1020,0.00000,-1.60185,0.01019,1.000000,0.000000,0.000000,0.000000,0.0102,0.0000,-0.0000,0.0000,0.0000,-0.0000,0.0945,0.0000,0.0000,0.0000,0.0000,0.0000
22.1220,0.00000,-1.60185,0.01019,1.000000,0.000000,0.000000,0.000000,0.0102,0.0000,-0.0000,0.0000,0.0000,-0.0000,0.0945,0.0000,0.0000,0.0000,0.0000,0.0000
22.1420,0.00000,-1.60185,0.01019,1.000000,0.000000,0.000000,0.000000,0.0102,0.0000,-0.0000,-0.0000,0.0000,-0.0000,0.0945,0.0000,0.0000,0.0000,0.0000,0.0000
22.1620,0.00000,-1.60185,0.01019,1.000000,0.000000,0.000000,0.000000,0.0102,0.0000,-0.0000,-0.0000,0.0000,-0.0000,0.0945,0.0000,0.0000,0.0000,0.0000,0.0000
22.1820,0.00000,-1.60185,0.01019,1.000000,0.000000,0.000000,0.000000,0.0102,0.0000,-0.0000,0.0000,0.0000,-0.0000,0.0945,0.0000,0.0000,0.0000,0.0000,0.0000
22.2020,0.00000,-1.60185,0.01019,1.000000,0.000000,0.000000,0.000000,0.0102,0.0000,-0.0000,-0.0000,0.0000,-0.0000,0.0945,0.0000,0.0000,0.0000,0.0000,0.0000
22.2220,0.00000,-1.60185,0.01019,1.000000,0.000000,0.000000,0.000000,0.0102,0.0000,-0.0000,0.0000,0.0000,-0.0000,0.0945,0.0000,0.0000,0.0000,0.0000,0.0000
22.2420,0.00000,-1.60185,0.01019,1.000000,0.000000,0.000000,0.000000,0.0102,0.0000,-0.0000,-0.0000,0.0000,-0.0000,0.0945,0.0000,0.0000,0.0000,0.0000,0.0000
22.2620,0.00000,-1.60185,0.01019,1.000000,0.000000,0.000000,0.000000,0.0102,0.0000,-0.0000,0.0000,0.0000,-0.0000,0.0945,0.0000,0.0000,0.0000,0.0000,0.0000
22.2820,0.00000,-1.60185,0.01019,1.000000,0.000000,-0.000000,0.000000,0.0102,0.0000,0.0000,-0.0000,0.0000,-0.0000,0.0945,0.0000,0.0000,0.0000,0.0000,0.0000
22.3020,0.00000,-1.60185,0.01019,1.000000,0.000000,-0.000000,0.000000,0.0102,0.0000,0.0000,0.0000,0.0000,-0.0000,0.0946,0.0000,0.0000,0.0000,0.0000,0.0000
22.3220,0.00000,-1.60185,0.01019,1.000000,0.000000,-0.000000,0.000000,0.0102,0.0000,0.0000,0.0000,0.0000,-0.0000,0.0946,0.0000,0.0000,0.0000,0.0000,0.0000
22.3420,0.00000,-1.60185,0.01019,1.000000,0.000000,0.000000,0.000000,0.0102,0.0000,-0.0000,0.0000,0.0000,-0.0000,0.0946,0.0000,0.0000,0.0000,0.0000,0.0000
22.3620,0.00000,-1.60185,0.01019,1.000000,0.000000,0.000000,0.000000,0.0102,0.0000,-0.0000,0.0000,0.0000,-0.0000,0.0946,0.0000,0.0000,0.0000,0.0000,0.0000
22.3820,0.00000,-1.60185,0.01019,1.000000,0.000000,-0.000000,0.000000,0.0102,0.0000,0.0000,0.0000,0.0000,-0.0000,0.0946,0.0000,0.0000,0.0000,0.0000,0.0000
22.4020,0.00000,-1.60185,0.01019,1.000000,0.000000,-0.000000,0.000000,0.0102,0.0000,0.0000,0.0000,0.0000,-0.0000,0.0946,0.0000,0.0000,0.0000,0.0000,0.0000
22.4220,0.00000,-1.60185,0.01019,1.000000,0.000000,-0.000000,0.000000,0.0102,0.0000,0.0000,-0.0000,0.0000,-0.0000,0.0946,0.0000,0.0000,0.0000,0.0000,0.0000
22.4420,0.00000,-1.60185,0.01019,1.000000,0.000000,-0.000000,0.000000,0.0102,0.0000,0.0000,0.0000,0.0000,-0.0000,0.0946,0.0000,0.0000,0.0000,0.0000,0.0000
22.4620,0.00000,-1.60185,0.01019,1.000000,0.000000,-0.000000,0.000000,0.0102,0.0000,0.0000,0.0000,0.0000,-0.0000,0.0946,0.0000,0.0000,0.0000,0.0000,0.0000
22.4820,0.00000,-1.60185,0.01019,1.000000,0.000000,0.000000,0.000000,0.0102,0.0000,-0.0000,0.0000,0.0000,-0.0000,0.0946,0.0000,0.0000,0.0000,0.0000,0.0000
22.5020,0.00000,-1.60185,0.01019,1.000000,0.000000,0.000000,0.000000,0.0102,0.0000,-0.0000,0.0000,0.0000,-0.0000,0.0946,0.0000,0.0000,0.0000,0.0000,0.0000
22.5220,0.00000,-1.60185,0.01019,1.000000,0.000000,-0.000000,0.000000,0.0102,0.0000,0.0000,-0.0000,0.0000,-0.0000,0.0946,0.0000,0.0000,0.0000,0.0000,0.0000
22.5420,0.00000,-1.60185,0.01019,1.000000,0.000000,0.000000,0.000000,0.0102,0.0000,-0.0000,-0.0000,0.0000,-0.0000,0.0947,0.0000,0.0000,0.0000,0.0000,0.0000
22.5620,0.00000,-1.60185,0.01019,1.000000,0.000000,-0.000000,0.000000,0.0102,0.0000,0.0000,0.0000,0.0000,-0.0000,0.0947,0.0000,0.0000,0.0000,0.0000,0.0000
22.5820,0.00000,-1.60185,0.01019,1.000000,0.000000,-0.000000,0.000000,0.0102,0.0000,0.0000,-0.0000,0.0000,-0.0000,0.0947,0.0000,0.0000,0.0000,0.0000,0.0000
22.6020,0.00000,-1.60185,0.01019,1.000000,0.000000,-0.000000,0.000000,0.0102,0.0000,0.0000,0.0000,0.0000,-0.0000,0.0947,0.0000,0.0000,0.0000,0.0000,0.0000
22.6220,0.00000,-1.60185,0.01019,1.000000,0.000000,-0.000000,0.000000,0.0102,0.0000,0.0000,0.0000,0.0000,-0.0000,0.0947,0.0000,0.0000,0.0000,0.0000,0.0000
22.6420,0.00000,-1.60185,0.01019,1.000000,0.000000,0.000000,0.000000,0.0102,0.0000,-0.0000,-0.0000,0.0000,-0.0000,0.0947,0.0000,0.0000,0.0000,0.0000,0.0000
22.6620,0.00000,-1.60185,0.01019,1.000000,0.000000,0.000000,0.000000,0.0102,0.0000,-0.0000,0.0000,0.0000,-0.0000,0.0947,0.0000,0.0000,0.0000,0.0000,0.0000
22.6820,0.00000,-1.60185,0.01019,1.000000,0.000000,0.000000,0.000000,0.0102,0.0000,-0.0000,-0.0000,0.0000,-0.0000,0.0947,0.0000,0.0000,0.0000,0.0000,0.0000
22.7020,0.00000,-1.60185,0.01019,1.000000,0.000000,0.000000,0.000000,0.0102,0.0000,-0.0000,0.0000,0.0000,-0.0000,0.0947,0.0000,0.0000,0.0000,0.0000,0.0000
22.7220,0.00000,-1.60185,0.01019,1.000000,0.000000,-0.000000,0.000000,0.0102,0.0000,0.0000,-0.0000,0.0000,-0.0000,0.0947,0.0000,0.0000,0.0000,0.0000,0.0000
22.7420,0.00000,-1.60185,0.01019,1.000000,0.000000,-0.000000,0.000000,0.0102,0.0000,0.0000,-0.0000,0.0000,-0.0000,0.0947,0.0000,0.0000,0.0000,0.0000,0.0000
22.7620,0.00000,-1.60185,0.01019,1.000000,0.000000,-0.000000,0.000000,0.0102,0.0000,0.0000,-0.0000,0.0000,-0.0000,0.0947,0.0000,0.0000,0.0000,0.0000,0.0000
22.7820,0.00000,-1.60185,0.01019,1.000000,0.000000,0.000000,0.000000,0.0102,0.0000,-0.0000,0.0000,0.0000,-0.0000,0.0947,0.0000,0.0000,0.0000,0.0000,0.0000
22.8020,0.00000,-1.60185,0.01019,1.000000,0.000000,-0.000000,0.000000,0.0102,0.0000,-0.0000,-0.0000,0.0000,-0.0000,0.0948,0.0000,0.0000,0.0000,0.0000,0.0000
22.8220,0.00000,-1.60185,0.01019,1.000000,0.000000,0.000000,0.000000,0.0102,0.0000,-0.0000,0.0000,0.0000,-0.0000,0.0948,0.0000,0.0000,0.0000,0.0000,0.0000
22.8420,0.00000,-1.60185,0.01019,1.000000,0.000000,0.000000,0.000000,0.0102,0.0000,-0.0000,-0.0000,0.0000,-0.0000,0.0948,0.0000,0.0000,0.0000,0.0000,0.0000
22.8620,0.00000,-1.60185,0.01019,1.000000,0.000000,0.000000,0.000000,0.0102,0.0000,-0.0000,-0.0000,0.0000,-0.0000,0.0948,0.0000,0.0000,0.0000,0.0000,0.0000
22.8820,0.00000,-1.60185,0.01019,1.000000,0.000000,-0.000000,0.000000,0.0102,0.0000,0.0000,-0.0000,0.0000,-0.0000,0.0948,0.0000,0.0000,0.0000,0.0000,0.0000
22.9020,0.00000,-1.60185,0.01019,1.000000,0.000000,-0.000000,0.000000,0.0102,0.0000,0.0000,0.0000,0.0000,-0.0000,0.0948,0.0000,0.0000,0.0000,0.0000,0.0000
22.9220,0.00000,-1.60185,0.01019,1.000000,0.000000,0.000000,0.000000,0.0102,0.0000,-0.0000,-0.0000,0.0000,-0.0000,0.0948,0.0000,0.0000,0.0000,0.0000,0.0000
22.9420,0.00000,-1.60185,0.01019,1.000000,0.000000,0.000000,0.000000,0.0102,0.0000,-0.0000,-0.0000,0.0000,-0.0000,0.0948,0.0000,0.0000,0.0000,0.0000,0.0000
22.9620,0.00000,-1.60185,0.01019,1.000000,0.000000,0.000000,0.000000,0.0102,0.0000,-0.0000,0.0000,0.0000,-0.0000,0.0948,0.0000,0.0000,0.0000,0.0000,0.0000
22.9820,0.00000,-1.60185,0.01019,1.000000,0.000000,0.000000,0.000000,0.0102,0.0000,-0.0000,0.0000,0.0000,-0.0000,0.0948,0.0000,0.0000,0.0000,0.0000,0.0000
23.0020,0.00000,-1.60185,0.01019,1.000000,0.000000,0.000000,0.000000,0.0102,0.0000,-0.0000,0.0000,0.0000,-0.0000,0.0948,0.0000,0.0000,0.0000,0.0000,0.0000
23.0220,0.00000,-1.60185,0.01019,1.000000,0.000000,0.000000,0.000000,0.0102,0.0000,-0.0000,-0.0000,0.0000,-0.0000,0.0948,0.0000,0.0000,0.0000,0.0000,0.0000
23.0420,0.00000,-1.60185,0.01019,1.000000,0.000000,0.000000,0.000000,0.0102,0.0000,-0.0000,0.0000,0.0000,-0.0000,0.0948,0.0000,0.0000,0.0000,0.0000,0.0000
23.0620,0.00000,-1.60185,0.01019,1.000000,0.000000,0.000000,0.000000,0.0102,0.0000,-0.0000,-0.0000,0.0000,-0.0000,0.0949,0.0000,0.0000,0.0000,0.0000,0.0000
23.0820,0.00000,-1.60185,0.01019,1.000000,0.000000,0.000000,0.000000,0.0102,0.0000,-0.0000,0.0000,0.0000,-0.0000,0.0949,0.0000,0.0000,0.0000,0.0000,0.0000
23.1020,0.00000,-1.60185,0.01019,1.000000,0.000000,0.000000,0.000000,0.0102,0.0000,-0.0000,-0.0000,0.0000,-0.0000,0.0949,0.0000,0.0000,0.0000,0.0000,0.0000
23.1220,0.00000,-1.60185,0.01019,1.000000,0.000000,0.000000,0.000000,0.0102,0.0000,-0.0000,0.0000,0.0000,-0.0000,0.0949,0.0000,0.0000,0.0000,0.0000,0.0000
23.1420,0.00000,-1.60185,0.01019,1.000000,0.000000,0.000000,0.000000,0.0102,0.0000,-0.0000,0.0000,0.0000,-0.0000,0.0949,0.0000,0.0000,0.0000,0.0000,0.0000
23.1620,0.00000,-1.60185,0.01019,1.000000,0.000000,0.000000,0.000000,0.0102,0.0000,-0.0000,-0.0000,0.0000,-0.0000,0.0949,0.0000,0.0000,0.0000,0.0000,0.0000
23.1820,0.00000,-1.60185,0.01019,1.000000,0.000000,-0.000000,0.000000,0.0102,0.0000,0.0000,0.0000,0.0000,-0.0000,0.0949,0.0000,0.0000,0.0000,0.0000,0.0000
23.2020,0.00000,-1.60185,0.01019,1.000000,0.000000,0.000000,0.000000,0.0102,0.0000,-0.0000,-0.0000,0.0000,-0.0000,0.0949,0.0000,0.0000,0.0000,0.0000,0.0000
23.2220,0.00000,-1.60185,0.01019,1.000000,0.000000,0.000000,0.000000,0.0102,0.0000,-0.0000,-0.0000,0.0000,-0.0000,0.0949,0.0000,0.0000,0.0000,0.0000,0.0000
23.2420,0.00000,-1.60185,0.01019,1.000000,0.000000,0.000000,0.000000,0.0102,0.0000,-0.0000,0.0000,0.0000,-0.0000,0.0949,0.0000,0.0000,0.0000,0.0000,0.0000
23.2620,0.00000,-1.60185,0.01019,1.000000,0.000000,-0.000000,0.000000,0.0102,0.0000,0.0000,-0.0000,0.0000,-0.0000,0.0949,0.0000,0.0000,0.0000,0.0000,0.0000
23.2820,0.00000,-1.60185,0.01019,1.000000,0.000000,-0.000000,0.000000,0.0102,0.0000,0.0000,0.0000,0.0000,-0.0000,0.0949,0.0000,0.0000,0.0000,0.0000,0.0000
23.3020,0.00000,-1.60185,0.01019,1.000000,0.000000,-0.000000,0.000000,0.0102,0.0000,0.0000,0.0000,0.0000,-0.0000,0.0949,0.0000,0.0000,0.0000,0.0000,0.0000
23.3220,0.00000,-1.60185,0.01019,1.000000,0.000000,0.000000,0.000000,0.0102,0.0000,-0.0000,-0.0000,0.0000,-0.0000,0.0949,0.0000,0.0000,0.0000,0.0000,0.0000
23.3420,0.00000,-1.60185,0.01019,1.000000,0.000000,0.000000,0.000000,0.0102,0.0000,-0.0000,-0.0000,0.0000,-0.0000,0.0950,0.0000,0.0000,0.0000,0.0000,0.0000
23.3620,0.00000,-1.60185,0.01019,1.000000,0.000000,0.000000,0.000000,0.0102,0.0000,-0.0000,-0.0000,0.0000,-0.0000,0.0950,0.0000,0.0000,0.0000,0.0000,0.0000
23.3820,0.00000,-1.60185,0.01019,1.000000,0.000000,0.000000,0.000000,0.0102,0.0000,-0.0000,0.0000,0.0000,-0.0000,0.0950,0.0000,0.0000,0.0000,0.0000,0.0000
23.4020,0.00000,-1.60185,0.01019,1.000000,0.000000,0.000000,0.000000,0.0102,0.0000,-0.0000,0.0000,0.0000,-0.0000,0.0950,0.0000,0.0000,0.0000,0.0000,0.0000
23.4220,0.00000,-1.60185,0.01019,1.000000,0.000000,0.000000,0.000000,0.0102,0.0000,-0.0000,0.0000,0.0000,-0.0000,0.0950,0.0000,0.0000,0.0000,0.0000,0.0000
23.4420,0.00000,-1.60185,0.01019,1.000000,0.000000,0.000000,0.000000,0.0102,0.0000,-0.0000,-0.0000,0.0000,-0.0000,0.0950,0.0000,0.0000,0.0000,0.0000,0.0000
23.4620,0.00000,-1.60185,0.01019,1.000000,0.000000,0.000000,0.000000,0.0102,0.0000,-0.0000,-0.0000,0.0000,-0.0000,0.0950,0.0000,0.0000,0.0000,0.0000,0.0000
23.4820,0.00000,-1.60185,0.01019,1.000000,0.000000,0.000000,0.000000,0.0102,0.0000,-0.0000,-0.0000,0.0000,-0.0000,0.0950,0.0000,0.0000,0.0000,0.0000,0.0000
23.5020,0.00000,-1.60185,0.01019,1.000000,0.000000,0.000000,0.000000,0.0102,0.0000,-0.0000,-0.0000,0.0000,-0.0000,0.0950,0.0000,0.0000,0.0000,0.0000,0.0000
23.5220,0.00000,-1.60185,0.01019,1.000000,0.000000,0.000000,0.000000,0.0102,0.0000,-0.0000,0.0000,0.0000,-0.0000,0.0950,0.0000,0.0000,0.0000,0.0000,0.0000
23.5420,0.00000,-1.60185,0.01019,1.000000,0.000000,0.000000,0.000000,0.0102,0.0000,-0.0000,0.0000,0.0000,-0.0000,0.0950,0.0000,0.0000,0.0000,0.0000,0.0000
23.5620,0.00000,-1.60185,0.01019,1.000000,0.000000,0.000000,0.000000,0.0102,0.0000,-0.0000,-0.0000,0.0000,-0.0000,0.0950,0.0000,0.0000,0.0000,0.0000,0.0000
23.5820,0.00000,-1.60185,0.01019,1.000000,0.000000,0.000000,0.000000,0.0102,0.0000,-0.0000,-0.0000,0.0000,-0.0000,0.0950,0.0000,0.0000,0.0000,0.0000,0.0000
23.6020,0.00000,-1.60185,0.01019,1.000000,0.000000,0.000000,0.000000,0.0102,0.0000,-0.0000,0.0000,0.0000,-0.0000,0.0950,0.0000,0.0000,0.0000,0.0000,0.0000
23.6220,0.00000,-1.60185,0.01019,1.000000,0.000000,0.000000,0.000000,0.0102,0.0000,-0.0000,0.0000,0.0000,-0.0000,0.0951,0.0000,0.0000,0.0000,0.0000,0.0000
23.6420,0.00000,-1.60185,0.01019,1.000000,0.000000,0.000000,0.000000,0.0102,0.0000,-0.0000,-0.0000,0.0000,-0.0000,0.0951,0.0000,0.0000,0.0000,0.0000,0.0000
23.6620,0.00000,-1.60185,0.01019,1.000000,0.000000,0.000000,0.000000,0.0102,0.0000,-0.0000,0.0000,0.0000,-0.0000,0.0951,0.0000,0.0000,0.0000,0.0000,0.0000
23.6820,0.00000,-1.60185,0.01019,1.000000,0.000000,0.000000,0.000000,0.0102,0.0000,-0.0000,0.0000,0.0000,-0.0000,0.0951,0.0000,0.0000,0.0000,0.0000,0.0000
23.7020,0.00000,-1.60185,0.01019,1.000000,0.000000,0.000000,0.000000,0.0102,0.0000,-0.0000,0.0000,0.0000,-0.0000,0.0951,0.0000,0.0000,0.0000,0.0000,0.0000
23.7220,0.00000,-1.60185,0.01019,1.000000,0.000000,-0.000000,0.000000,0.0102,0.0000,0.0000,-0.0000,0.0000,-0.0000,0.0951,0.0000,0.0000,0.0000,0.0000,0.0000
23.7420,0.00000,-1.60185,0.01019,1.000000,0.000000,-0.000000,0.000000,0.0102,0.0000,0.0000,0.0000,0.0000,-0.0000,0.0951,0.0000,0.0000,0.0000,0.0000,0.0000
23.7620,0.00000,-1.60185,0.01019,1.000000,0.000000,-0.000000,0.000000,0.0102,0.0000,0.0000,-0.0000,0.0000,-0.0000,0.0951,0.0000,0.0000,0.0000,0.0000,0.0000
23.7820,0.00000,-1.60185,0.01019,1.000000,0.000000,-0.000000,0.000000,0.0102,0.0000,0.0000,0.0000,0.0000,-0.0000,0.0951,0.0000,0.0000,0.0000,0.0000,0.0000
23.8020,0.00000,-1.60185,0.01019,1.000000,0.000000,-0.000000,0.000000,0.0102,0.0000,0.0000,0.0000,0.0000,-0.0000,0.0951,0.0000,0.0000,0.0000,0.0000,0.0000
23.8220,0.00000,-1.60185,0.01019,1.000000,0.000000,0.000000,0.000000,0.0102,0.0000,-0.0000,0.0000,0.0000,-0.0000,0.0951,0.0000,0.0000,0.0000,0.0000,0.0000
23.8420,0.00000,-1.60185,0.01019,1.000000,0.000000,0.000000,0.000000,0.0102,0.0000,-0.0000,0.0000,0.0000,-0.0000,0.0951,0.0000,0.0000,0.0000,0.0000,0.0000
23.8620,0.00000,-1.60185,0.01019,1.000000,0.000000,-0.000000,0.000000,0.0102,0.0000,0.0000,0.0000,0.0000,-0.0000,0.0951,0.0000,0.0000,0.0000,0.0000,0.0000
23.8820,0.00000,-1.60185,0.01019,1.000000,0.000000,-0.000000,0.000000,0.0102,0.0000,0.0000,0.0000,0.0000,-0.0000,0.0951,0.0000,0.0000,0.0000,0.0000,0.0000
23.9020,0.00000,-1.60185,0.01019,1.000000,0.000000,-0.000000,0.000000,0.0102,0.0000,0.0000,0.0000,0.0000,-0.0000,0.0951,0.0000,0.0000,0.0000,0.0000,0.0000
23.9220,0.00000,-1.60185,0.01019,1.000000,0.000000,-0.000000,0.000000,0.0102,0.0000,0.0000,-0.0000,0.0000,-0.0000,0.0952,0.0000,0.0000,0.0000,0.0000,0.0000
23.9420,0.00000,-1.60185,0.01019,1.000000,0.000000,-0.000000,0.000000,0.0102,0.0000,0.0000,0.0000,0.0000,-0.0000,0.0952,0.0000,0.0000,0.0000,0.0000,0.0000
23.9620,0.00000,-1.60185,0.01019,1.000000,0.000000,-0.000000,0.000000,0.0102,0.0000,0.0000,-0.0000,0.0000,-0.0000,0.0952,0.0000,0.0000,0.0000,0.0000,0.0000
23.9820,0.00000,-1.60185,0.01019,1.000000,0.000000,-0.000000,0.000000,0.0102,0.0000,0.0000,0.0000,0.0000,-0.0000,0.0952,0.0000,0.0000,0.0000,0.0000,0.0000
24.0020,0.00000,-1.60185,0.01019,1.000000,0.000000,-0.000000,0.000000,0.0102,0.0000,0.0000,-0.0000,0.0000,-0.0000,0.0952,0.0000,0.0000,0.0000,0.0000,0.0000
24.0220,0.00000,-1.60185,0.01019,1.000000,0.000000,-0.000000,0.000000,0.0102,0.0000,0.0000,-0.0000,0.0000,-0.0000,0.0952,0.0000,0.0000,0.0000,0.0000,0.0000
24.0420,0.00000,-1.60185,0.01019,1.000000,0.000000,-0.000000,0.000000,0.0102,0.0000,0.0000,-0.0000,0.0000,-0.0000,0.0952,0.0000,0.0000,0.0000,0.0000,0.0000
24.0620,0.00000,-1.60185,0.01019,1.000000,0.000000,-0.000000,0.000000,0.0102,0.0000,0.0000,-0.0000,0.0000,-0.0000,0.0952,0.0000,0.0000,0.0000,0.0000,0.0000
24.0820,0.00000,-1.60185,0.01019,1.000000,0.000000,-0.000000,0.000000,0.0102,0.0000,0.0000,-0.0000,0.0000,-0.0000,0.0952,0.0000,0.0000,0.0000,0.0000,0.0000
24.1020,0.00000,-1.60185,0.01019,1.000000,0.000000,-0.000000,0.000000,0.0102,0.0000,0.0000,-0.0000,0.0000,-0.0000,0.0952,0.0000,0.0000,0.0000,0.0000,0.0000
24.1220,0.00000,-1.60185,0.01019,1.000000,0.000000,-0.000000,0.000000,0.0102,0.0000,0.0000,0.0000,0.0000,-0.0000,0.0952,0.0000,0.0000,0.0000,0.0000,0.0000
24.1420,0.00000,-1.60185,0.01019,1.000000,0.000000,-0.000000,0.000000,0.0102,0.0000,0.0000,-0.0000,0.0000,-0.0000,0.0952,0.0000,0.0000,0.0000,0.0000,0.0000
24.1620,0.00000,-1.60185,0.01019,1.000000,0.000000,-0.000000,0.000000,0.0102,0.0000,0.0000,0.0000,0.0000,-0.0000,0.0952,0.0000,0.0000,0.0000,0.0000,0.0000
24.1820,0.00000,-1.60185,0.01019,1.000000,0.000000,-0.000000,0.000000,0.0102,0.0000,0.0000,0.0000,0.0000,-0.0000,0.0952,0.0000,0.0000,0.0000,0.0000,0.0000
24.2020,0.00000,-1.60185,0.01019,1.000000,0.000000,-0.000000,0.000000,0.0102,0.0000,0.0000,0.0000,0.0000,-0.0000,0.0952,0.0000,0.0000,0.0000,0.0000,0.0000
24.2220,0.00000,-1.60185,0.01019,1.000000,0.000000,-0.000000,0.000000,0.0102,0.0000,0.0000,-0.0000,0.0000,-0.0000,0.0953,0.0000,0.0000,0.0000,0.0000,0.0000
24.2420,0.00000,-1.60185,0.01019,1.000000,0.000000,-0.000000,0.000000,0.0102,0.0000,0.0000,0.0000,0.0000,-0.0000,0.0953,0.0000,0.0000,0.0000,0.0000,0.0000
24.2620,0.00000,-1.60185,0.01019,1.000000,0.000000,-0.000000,0.000000,0.0102,0.0000,0.0000,0.0000,0.0000,-0.0000,0.0953,0.0000,0.0000,0.0000,0.0000,0.0000
24.2820,0.00000,-1.60185,0.01019,1.000000,0.000000,-0.000000,0.000000,0.0102,0.0000,0.0000,-0.0000,0.0000,-0.0000,0.0953,0.0000,0.0000,0.0000,0.0000,0.0000
24.3020,0.00000,-1.60185,0.01019,1.000000,0.000000,-0.000000,0.000000,0.0102,0.0000,0.0000,-0.0000,0.0000,-0.0000,0.0953,0.0000,0.0000,0.0000,0.0000,0.0000
24.3220,0.00000,-1.60185,0.01019,1.000000,0.000000,-0.000000,0.000000,0.0102,0.0000,0.0000,0.0000,0.0000,-0.0000,0.0953,0.0000,0.0000,0.0000,0.0000,0.0000
24.3420,0.00000,-1.60185,0.01019,1.000000,0.000000,-0.000000,0.000000,0.0102,0.0000,0.0000,-0.0000,0.0000,-0.0000,0.0953,0.0000,0.0000,0.0000,0.0000,0.0000
24.3620,0.00000,-1.60185,0.01019,1.000000,0.000000,0.000000,0.000000,0.0102,0.0000,-0.0000,-0.0000,0.0000,-0.0000,0.0953,0.0000,0.0000,0.0000,0.0000,0.0000
24.3820,0.00000,-1.60185,0.01019,1.000000,0.000000,0.000000,0.000000,0.0102,0.0000,-0.0000,0.0000,0.0000,-0.0000,0.0953,0.0000,0.0000,0.0000,0.0000,0.0000
24.4020,0.00000,-1.60185,0.01019,1.000000,0.000000,0.000000,0.000000,0.0102,0.0000,-0.0000,-0.0000,0.0000,-0.0000,0.0953,0.0000,0.0000,0.0000,0.0000,0.0000
24.4220,0.00000,-1.60185,0.01019,1.000000,0.000000,0.000000,0.000000,0.0102,0.0000,-0.0000,0.0000,0.0000,-0.0000,0.0953,0.0000,0.0000,0.0000,0.0000,0.0000
24.4420,0.00000,-1.60185,0.01019,1.000000,0.000000,0.000000,0.000000,0.0102,0.0000,-0.0000,0.0000,0.0000,-0.0000,0.0953,0.0000,0.0000,0.0000,0.0000,0.0000
24.4620,0.00000,-1.60185,0.01019,1.000000,0.000000,0.000000,0.000000,0.0102,0.0000,-0.0000,-0.0000,0.0000,-0.0000,0.0953,0.0000,0.0000,0.0000,0.0000,0.0000
24.4820,0.00000,-1.60185,0.01019,1.000000,0.000000,0.000000,0.000000,0.0102,0.0000,-0.0000,0.0000,0.0000,-0.0000,0.0953,0.0000,0.0000,0.0000,0.0000,0.0000
24.5020,0.00000,-1.60185,0.01019,1.000000,0.000000,0.000000,0.000000,0.0102,0.0000,-0.0000,-0.0000,0.0000,-0.0000,0.0953,0.0000,0.0000,0.0000,0.0000,0.0000
24.5220,0.00000,-1.60185,0.01019,1.000000,0.000000,0.000000,0.000000,0.0102,0.0000,-0.0000,0.0000,0.0000,-0.0000,0.0953,0.0000,0.0000,0.0000,0.0000,0.0000
24.5420,0.00000,-1.60185,0.01019,1.000000,0.000000,-0.000000,0.000000,0.0102,0.0000,0.0000,-0.0000,0.0000,-0.0000,0.0954,0.0000,0.0000,0.0000,0.0000,0.0000
24.5620,0.00000,-1.60185,0.01019,1.000000,0.000000,-0.000000,0.000000,0.0102,0.0000,0.0000,-0.0000,0.0000,-0.0000,0.0954,0.0000,0.0000,0.0000,0.0000,0.0000
24.5820,0.00000,-1.60185,0.01019,1.000000,0.000000,-0.000000,0.000000,0.0102,0.0000,0.0000,-0.0000,0.0000,-0.0000,0.0954,0.0000,0.0000,0.0000,0.0000,0.0000
24.6020,0.00000,-1.60185,0.01019,1.000000,0.000000,-0.000000,0.000000,0.0102,0.0000,0.0000,-0.0000,0.0000,-0.0000,0.0954,0.0000,0.0000,0.0000,0.0000,0.0000
24.6220,0.00000,-1.60185,0.01019,1.000000,0.000000,-0.000000,0.000000,0.0102,0.0000,0.0000,-0.0000,0.0000,-0.0000,0.0954,0.0000,0.0000,0.0000,0.0000,0.0000
24.6420,0.00000,-1.60185,0.01019,1.000000,0.000000,0.000000,0.000000,0.0102,0.0000,-0.0000,0.0000,0.0000,-0.0000,0.0954,0.0000,0.0000,0.0000,0.0000,0.0000
24.6620,0.00000,-1.60185,0.01019,1.000000,0.000000,0.000000,0.000000,0.0102,0.0000,-0.0000,0.0000,0.0000,-0.0000,0.0954,0.0000,0.0000,0.0000,0.0000,0.0000
24.6820,0.00000,-1.60185,0.01019,1.000000,0.000000,0.000000,0.000000,0.0102,0.0000,-0.0000,-0.0000,0.0000,-0.0000,0.0954,0.0000,0.0000,0.0000,0.0000,0.0000
24.7020,0.00000,-1.60185,0.01019,1.000000,0.000000,-0.000000,0.000000,0.0102,0.0000,0.0000,0.0000,0.0000,-0.0000,0.0954,0.0000,0.0000,0.0000,0.0000,0.0000
24.7220,0.00000,-1.60185,0.01019,1.000000,0.000000,-0.000000,0.000000,0.0102,0.0000,0.0000,-0.0000,0.0000,-0.0000,0.0954,0.0000,0.0000,0.0000,0.0000,0.0000
24.7420,0.00000,-1.60185,0.01019,1.000000,0.000000,-0.000000,0.000000,0.0102,0.0000,0.0000,0.0000,0.0000,-0.0000,0.0954,0.0000,0.0000,0.0000,0.0000,0.0000
24.7620,0.00000,-1.60185,0.01019,1.000000,0.000000,-0.000000,0.000000,0.0102,0.0000,0.0000,0.0000,0.0000,-0.0000,0.0954,0.0000,0.0000,0.0000,0.0000,0.0000
24.7820,0.00000,-1.60185,0.01019,1.000000,0.000000,-0.000000,0.000000,0.0102,0.0000,0.0000,-0.0000,0.0000,-0.0000,0.0954,0.0000,0.0000,0.0000,0.0000,0.0000
24.8020,0.00000,-1.60185,0.01019,1.000000,0.000000,-0.000000,0.000000,0.0102,0.0000,0.0000,-0.0000,0.0000,-0.0000,0.0954,0.0000,0.0000,0.0000,0.0000,0.0000
24.8220,0.00000,-1.60185,0.01019,1.000000,0.000000,-0.000000,0.000000,0.0102,0.0000,0.0000,-0.0000,0.0000,-0.0000,0.0954,0.0000,0.0000,0.0000,0.0000,0.0000
24.8420,0.00000,-1.60185,0.01019,1.000000,0.000000,-0.000000,0.000000,0.0102,0.0000,0.0000,0.0000,0.0000,-0.0000,0.0954,0.0000,0.0000,0.0000,0.0000,0.0000
24.8620,0.00000,-1.60185,0.01019,1.000000,0.000000,-0.000000,0.000000,0.0102,0.0000,0.0000,0.0000,0.0000,-0.0000,0.0955,0.0000,0.0000,0.0000,0.0000,0.0000
24.8820,0.00000,-1.60185,0.01019,1.000000,0.000000,-0.000000,0.000000,0.0102,0.0000,0.0000,-0.0000,0.0000,-0.0000,0.0955,0.0000,0.0000,0.0000,0.0000,0.0000
24.9020,0.00000,-1.60185,0.01019,1.000000,0.000000,-0.000000,0.000000,0.0102,0.0000,0.0000,-0.0000,0.0000,-0.0000,0.0955,0.0000,0.0000,0.0000,0.0000,0.0000
24.9220,0.00000,-1.60185,0.01019,1.000000,0.000000,-0.000000,0.000000,0.0102,0.0000,0.0000,0.0000,0.0000,-0.0000,0.0955,0.0000,0.0000,0.0000,0.0000,0.0000
24.9420,0.00000,-1.60185,0.01019,1.000000,0.000000,0.000000,0.000000,0.0102,0.0000,-0.0000,-0.0000,0.0000,-0.0000,0.0955,0.0000,0.0000,0.0000,0.0000,0.0000
24.9620,0.00000,-1.60185,0.01019,1.000000,0.000000,0.000000,0.000000,0.0102,0.0000,-0.0000,-0.0000,0.0000,-0.0000,0.0955,0.0000,0.0000,0.0000,0.0000,0.0000
24.9820,0.00000,-1.60185,0.01019,1.000000,0.000000,0.000000,0.000000,0.0102,0.0000,-0.0000,0.0000,0.0000,-0.0000,0.0955,0.0000,0.0000,0.0000,0.0000,0.0000
